[10Jan2026 17:50:57.593] [main/INFO] [cpw.mods.modlauncher.Launcher/MODLAUNCHER]: ModLauncher running: args [--launchTarget, forgedatauserdev, --assetIndex, 5, --assetsDir, C:\Users\Asher Roland\.gradle\caches\forge_gradle\assets, --gameDir, ., --fml.forgeVersion, 47.4.10, --fml.mcVersion, 1.20.1, --fml.forgeGroup, net.minecraftforge, --fml.mcpVersion, 20230612.114412, --mod, boc_custom, --all, --output, F:\Modding\Minecraft\best-of-create-modpack-custom-mod\src\generated\resources, --existing, F:\Modding\Minecraft\best-of-create-modpack-custom-mod\src\main\resources]
[10Jan2026 17:50:57.597] [main/INFO] [cpw.mods.modlauncher.Launcher/MODLAUNCHER]: ModLauncher 10.0.9+10.0.9+main.dcd20f30 starting: java version 17.0.8 by Oracle Corporation; OS Windows 11 arch amd64 version 10.0
[10Jan2026 17:50:57.618] [main/DEBUG] [cpw.mods.modlauncher.LaunchServiceHandler/MODLAUNCHER]: Found launch services [fmlclientdev,forgeclient,minecraft,forgegametestserverdev,fmlserveruserdev,fmlclient,fmldatauserdev,forgeserverdev,forgeserveruserdev,forgeclientdev,forgeclientuserdev,forgeserver,forgedatadev,fmlserver,fmlclientuserdev,fmlserverdev,forgedatauserdev,testharness,forgegametestserveruserdev]
[10Jan2026 17:50:57.629] [main/DEBUG] [cpw.mods.modlauncher.NameMappingServiceHandler/MODLAUNCHER]: Found naming services : [srgtomcp]
[10Jan2026 17:50:57.638] [main/DEBUG] [cpw.mods.modlauncher.LaunchPluginHandler/MODLAUNCHER]: Found launch plugins: [mixin,eventbus,slf4jfixer,object_holder_definalize,runtime_enum_extender,capability_token_subclass,accesstransformer,runtimedistcleaner]
[10Jan2026 17:50:57.645] [main/DEBUG] [cpw.mods.modlauncher.TransformationServicesHandler/MODLAUNCHER]: Discovering transformation services
[10Jan2026 17:50:57.649] [main/DEBUG] [net.minecraftforge.fml.loading.FMLPaths/CORE]: Path GAMEDIR is F:\Modding\Minecraft\best-of-create-modpack-custom-mod\run-data
[10Jan2026 17:50:57.650] [main/DEBUG] [net.minecraftforge.fml.loading.FMLPaths/CORE]: Path MODSDIR is F:\Modding\Minecraft\best-of-create-modpack-custom-mod\run-data\mods
[10Jan2026 17:50:57.650] [main/DEBUG] [net.minecraftforge.fml.loading.FMLPaths/CORE]: Path CONFIGDIR is F:\Modding\Minecraft\best-of-create-modpack-custom-mod\run-data\config
[10Jan2026 17:50:57.650] [main/DEBUG] [net.minecraftforge.fml.loading.FMLPaths/CORE]: Path FMLCONFIG is F:\Modding\Minecraft\best-of-create-modpack-custom-mod\run-data\config\fml.toml
[10Jan2026 17:50:57.678] [main/DEBUG] [cpw.mods.modlauncher.TransformationServicesHandler/MODLAUNCHER]: Found additional transformation services from discovery services: 
[10Jan2026 17:50:57.683] [main/INFO] [net.minecraftforge.fml.loading.ImmediateWindowHandler/]: ImmediateWindowProvider not loading because launch target is forgedatauserdev
[10Jan2026 17:50:57.688] [main/DEBUG] [cpw.mods.modlauncher.TransformationServicesHandler/MODLAUNCHER]: Found transformer services : [mixin,fml]
[10Jan2026 17:50:57.688] [main/DEBUG] [cpw.mods.modlauncher.TransformationServicesHandler/MODLAUNCHER]: Transformation services loading
[10Jan2026 17:50:57.688] [main/DEBUG] [cpw.mods.modlauncher.TransformationServiceDecorator/MODLAUNCHER]: Loading service mixin
[10Jan2026 17:50:57.689] [main/DEBUG] [cpw.mods.modlauncher.TransformationServiceDecorator/MODLAUNCHER]: Loaded service mixin
[10Jan2026 17:50:57.689] [main/DEBUG] [cpw.mods.modlauncher.TransformationServiceDecorator/MODLAUNCHER]: Loading service fml
[10Jan2026 17:50:57.690] [main/DEBUG] [net.minecraftforge.fml.loading.LauncherVersion/CORE]: Found FMLLauncher version 1.0
[10Jan2026 17:50:57.690] [main/DEBUG] [net.minecraftforge.fml.loading.FMLLoader/CORE]: FML 1.0 loading
[10Jan2026 17:50:57.690] [main/DEBUG] [net.minecraftforge.fml.loading.FMLLoader/CORE]: FML found ModLauncher version : 10.0.9+10.0.9+main.dcd20f30
[10Jan2026 17:50:57.690] [main/DEBUG] [net.minecraftforge.fml.loading.FMLLoader/CORE]: Requesting CoreMods to not apply the fix for ASMAPI.findFirstInstructionBefore by default
[10Jan2026 17:50:57.690] [main/DEBUG] [net.minecraftforge.fml.loading.FMLLoader/CORE]: FML found AccessTransformer version : 8.0.4+66+master.c09db6d7
[10Jan2026 17:50:57.691] [main/DEBUG] [net.minecraftforge.fml.loading.FMLLoader/CORE]: FML found EventBus version : 6.0.5+6.0.5+master.eb8e549b
[10Jan2026 17:50:57.691] [main/DEBUG] [net.minecraftforge.fml.loading.FMLLoader/CORE]: Found Runtime Dist Cleaner
[10Jan2026 17:50:57.693] [main/DEBUG] [net.minecraftforge.coremod.CoreModEngine/]: CoreMods will preserve legacy behavior of ASMAPI.findFirstInstructionBefore for backwards-compatibility
[10Jan2026 17:50:57.693] [main/DEBUG] [net.minecraftforge.fml.loading.FMLLoader/CORE]: FML found CoreMod version : 5.2.4
[10Jan2026 17:50:57.693] [main/DEBUG] [net.minecraftforge.fml.loading.FMLLoader/CORE]: Found ForgeSPI package implementation version 7.0.1+7.0.1+master.d2b38bf6
[10Jan2026 17:50:57.693] [main/DEBUG] [net.minecraftforge.fml.loading.FMLLoader/CORE]: Found ForgeSPI package specification 5
[10Jan2026 17:50:57.693] [main/DEBUG] [cpw.mods.modlauncher.TransformationServiceDecorator/MODLAUNCHER]: Loaded service fml
[10Jan2026 17:50:57.694] [main/DEBUG] [cpw.mods.modlauncher.TransformationServicesHandler/MODLAUNCHER]: Configuring option handling for services
[10Jan2026 17:50:57.699] [main/DEBUG] [cpw.mods.modlauncher.TransformationServicesHandler/MODLAUNCHER]: Transformation services initializing
[10Jan2026 17:50:57.699] [main/DEBUG] [cpw.mods.modlauncher.TransformationServiceDecorator/MODLAUNCHER]: Initializing transformation service mixin
[10Jan2026 17:50:57.707] [main/DEBUG] [mixin/]: MixinService [ModLauncher] was successfully booted in cpw.mods.cl.ModuleClassLoader@353d0772
[10Jan2026 17:50:57.716] [main/INFO] [mixin/]: SpongePowered MIXIN Subsystem Version=0.8.5 Source=union:/C:/Users/Asher%20Roland/.gradle/caches/modules-2/files-2.1/org.spongepowered/mixin/0.8.5/9d1c0c3a304ae6697ecd477218fa61b850bf57fc/mixin-0.8.5.jar%23128!/ Service=ModLauncher Env=CLIENT
[10Jan2026 17:50:57.718] [main/DEBUG] [mixin/]: Initialising Mixin Platform Manager
[10Jan2026 17:50:57.718] [main/DEBUG] [mixin/]: Adding mixin platform agents for container ModLauncher Root Container(ModLauncher:4f56a0a2)
[10Jan2026 17:50:57.718] [main/DEBUG] [mixin/]: Instancing new MixinPlatformAgentMinecraftForge for ModLauncher Root Container(ModLauncher:4f56a0a2)
[10Jan2026 17:50:57.719] [main/DEBUG] [mixin/]: MixinPlatformAgentMinecraftForge rejected container ModLauncher Root Container(ModLauncher:4f56a0a2)
[10Jan2026 17:50:57.719] [main/DEBUG] [mixin/]: Instancing new MixinPlatformAgentDefault for ModLauncher Root Container(ModLauncher:4f56a0a2)
[10Jan2026 17:50:57.719] [main/DEBUG] [mixin/]: MixinPlatformAgentDefault accepted container ModLauncher Root Container(ModLauncher:4f56a0a2)
[10Jan2026 17:50:57.720] [main/DEBUG] [cpw.mods.modlauncher.TransformationServiceDecorator/MODLAUNCHER]: Initialized transformation service mixin
[10Jan2026 17:50:57.720] [main/DEBUG] [cpw.mods.modlauncher.TransformationServiceDecorator/MODLAUNCHER]: Initializing transformation service fml
[10Jan2026 17:50:57.721] [main/DEBUG] [net.minecraftforge.fml.loading.FMLServiceProvider/CORE]: Setting up basic FML game directories
[10Jan2026 17:50:57.721] [main/DEBUG] [net.minecraftforge.fml.loading.FMLPaths/CORE]: Path GAMEDIR is F:\Modding\Minecraft\best-of-create-modpack-custom-mod\run-data
[10Jan2026 17:50:57.721] [main/DEBUG] [net.minecraftforge.fml.loading.FMLPaths/CORE]: Path MODSDIR is F:\Modding\Minecraft\best-of-create-modpack-custom-mod\run-data\mods
[10Jan2026 17:50:57.721] [main/DEBUG] [net.minecraftforge.fml.loading.FMLPaths/CORE]: Path CONFIGDIR is F:\Modding\Minecraft\best-of-create-modpack-custom-mod\run-data\config
[10Jan2026 17:50:57.721] [main/DEBUG] [net.minecraftforge.fml.loading.FMLPaths/CORE]: Path FMLCONFIG is F:\Modding\Minecraft\best-of-create-modpack-custom-mod\run-data\config\fml.toml
[10Jan2026 17:50:57.722] [main/DEBUG] [net.minecraftforge.fml.loading.FMLServiceProvider/CORE]: Loading configuration
[10Jan2026 17:50:57.723] [main/DEBUG] [net.minecraftforge.fml.loading.FMLServiceProvider/CORE]: Preparing ModFile
[10Jan2026 17:50:57.725] [main/DEBUG] [net.minecraftforge.fml.loading.FMLServiceProvider/CORE]: Preparing launch handler
[10Jan2026 17:50:57.726] [main/DEBUG] [net.minecraftforge.fml.loading.FMLLoader/CORE]: Using forgedatauserdev as launch service
[10Jan2026 17:50:57.734] [main/DEBUG] [net.minecraftforge.fml.loading.FMLLoader/CORE]: Received command line version data  : VersionInfo[forgeVersion=47.4.10, mcVersion=1.20.1, mcpVersion=20230612.114412, forgeGroup=net.minecraftforge]
[10Jan2026 17:50:57.735] [main/DEBUG] [cpw.mods.modlauncher.TransformationServiceDecorator/MODLAUNCHER]: Initialized transformation service fml
[10Jan2026 17:50:57.735] [main/DEBUG] [cpw.mods.modlauncher.NameMappingServiceHandler/MODLAUNCHER]: Current naming domain is 'mcp'
[10Jan2026 17:50:57.736] [main/DEBUG] [cpw.mods.modlauncher.NameMappingServiceHandler/MODLAUNCHER]: Identified name mapping providers {srg=srgtomcp:1234}
[10Jan2026 17:50:57.736] [main/DEBUG] [cpw.mods.modlauncher.TransformationServicesHandler/MODLAUNCHER]: Transformation services begin scanning
[10Jan2026 17:50:57.737] [main/DEBUG] [cpw.mods.modlauncher.TransformationServiceDecorator/MODLAUNCHER]: Beginning scan trigger - transformation service mixin
[10Jan2026 17:50:57.737] [main/DEBUG] [cpw.mods.modlauncher.TransformationServiceDecorator/MODLAUNCHER]: End scan trigger - transformation service mixin
[10Jan2026 17:50:57.737] [main/DEBUG] [cpw.mods.modlauncher.TransformationServiceDecorator/MODLAUNCHER]: Beginning scan trigger - transformation service fml
[10Jan2026 17:50:57.737] [main/DEBUG] [net.minecraftforge.fml.loading.FMLServiceProvider/CORE]: Initiating mod scan
[10Jan2026 17:50:57.743] [main/DEBUG] [net.minecraftforge.fml.loading.moddiscovery.ModListHandler/CORE]: Found mod coordinates from lists: []
[10Jan2026 17:50:57.745] [main/DEBUG] [net.minecraftforge.fml.loading.moddiscovery.ModDiscoverer/CORE]: Found Mod Locators : (mods folder:null),(maven libs:null),(exploded directory:null),(minecraft:null),(userdev classpath:null)
[10Jan2026 17:50:57.745] [main/DEBUG] [net.minecraftforge.fml.loading.moddiscovery.ModDiscoverer/CORE]: Found Dependency Locators : (JarInJar:null)
[10Jan2026 17:50:57.749] [main/DEBUG] [net.minecraftforge.fml.loading.targets.CommonLaunchHandler/CORE]: Got mod coordinates boc_custom%%F:\Modding\Minecraft\best-of-create-modpack-custom-mod\build\resources\main;boc_custom%%F:\Modding\Minecraft\best-of-create-modpack-custom-mod\build\classes\java\main from env
[10Jan2026 17:50:57.750] [main/DEBUG] [net.minecraftforge.fml.loading.targets.CommonLaunchHandler/CORE]: Found supplied mod coordinates [{boc_custom=[F:\Modding\Minecraft\best-of-create-modpack-custom-mod\build\resources\main, F:\Modding\Minecraft\best-of-create-modpack-custom-mod\build\classes\java\main]}]
[10Jan2026 17:50:57.947] [main/DEBUG] [net.minecraftforge.fml.loading.moddiscovery.ModFileInfo/LOADING]: Found valid mod file forge-1.20.1-47.4.10_mapped_parchment_2023.09.03-1.20.1-recomp.jar with {minecraft} mods - versions {1.20.1}
[10Jan2026 17:50:57.950] [main/DEBUG] [net.minecraftforge.fml.loading.moddiscovery.ModFileParser/LOADING]: Considering mod file candidate C:\Users\Asher Roland\.gradle\caches\modules-2\files-2.1\net.minecraftforge\javafmllanguage\1.20.1-47.4.10\ccc533c7dd67e0983217197d7549c8b49e7ab453\javafmllanguage-1.20.1-47.4.10.jar
[10Jan2026 17:50:57.951] [main/WARN] [net.minecraftforge.fml.loading.moddiscovery.ModFileParser/LOADING]: Mod file C:\Users\Asher Roland\.gradle\caches\modules-2\files-2.1\net.minecraftforge\javafmllanguage\1.20.1-47.4.10\ccc533c7dd67e0983217197d7549c8b49e7ab453\javafmllanguage-1.20.1-47.4.10.jar is missing mods.toml file
[10Jan2026 17:50:57.953] [main/DEBUG] [net.minecraftforge.fml.loading.moddiscovery.ModFileParser/LOADING]: Considering mod file candidate C:\Users\Asher Roland\.gradle\caches\modules-2\files-2.1\net.minecraftforge\lowcodelanguage\1.20.1-47.4.10\e9a2879fe3612ea34b9728ec2633304a1e67d480\lowcodelanguage-1.20.1-47.4.10.jar
[10Jan2026 17:50:57.953] [main/WARN] [net.minecraftforge.fml.loading.moddiscovery.ModFileParser/LOADING]: Mod file C:\Users\Asher Roland\.gradle\caches\modules-2\files-2.1\net.minecraftforge\lowcodelanguage\1.20.1-47.4.10\e9a2879fe3612ea34b9728ec2633304a1e67d480\lowcodelanguage-1.20.1-47.4.10.jar is missing mods.toml file
[10Jan2026 17:50:57.955] [main/DEBUG] [net.minecraftforge.fml.loading.moddiscovery.ModFileParser/LOADING]: Considering mod file candidate C:\Users\Asher Roland\.gradle\caches\modules-2\files-2.1\net.minecraftforge\mclanguage\1.20.1-47.4.10\ec5cefbbc65c67302b8fac317010faab85fa14b9\mclanguage-1.20.1-47.4.10.jar
[10Jan2026 17:50:57.955] [main/WARN] [net.minecraftforge.fml.loading.moddiscovery.ModFileParser/LOADING]: Mod file C:\Users\Asher Roland\.gradle\caches\modules-2\files-2.1\net.minecraftforge\mclanguage\1.20.1-47.4.10\ec5cefbbc65c67302b8fac317010faab85fa14b9\mclanguage-1.20.1-47.4.10.jar is missing mods.toml file
[10Jan2026 17:50:57.957] [main/DEBUG] [net.minecraftforge.fml.loading.moddiscovery.ModFileParser/LOADING]: Considering mod file candidate C:\Users\Asher Roland\.gradle\caches\modules-2\files-2.1\net.minecraftforge\fmlcore\1.20.1-47.4.10\94dae566be650566ea9115a1414ab76bfcf5a804\fmlcore-1.20.1-47.4.10.jar
[10Jan2026 17:50:57.957] [main/WARN] [net.minecraftforge.fml.loading.moddiscovery.ModFileParser/LOADING]: Mod file C:\Users\Asher Roland\.gradle\caches\modules-2\files-2.1\net.minecraftforge\fmlcore\1.20.1-47.4.10\94dae566be650566ea9115a1414ab76bfcf5a804\fmlcore-1.20.1-47.4.10.jar is missing mods.toml file
[10Jan2026 17:50:57.960] [main/DEBUG] [net.minecraftforge.fml.loading.moddiscovery.ModFileParser/LOADING]: Considering mod file candidate F:\Modding\Minecraft\best-of-create-modpack-custom-mod\build\resources\main
[10Jan2026 17:50:57.968] [main/DEBUG] [net.minecraftforge.fml.loading.moddiscovery.ModFileInfo/LOADING]: Found valid mod file main with {boc_custom} mods - versions {0.1.1-1.20.1}
[10Jan2026 17:50:57.970] [main/DEBUG] [net.minecraftforge.fml.loading.moddiscovery.ModFileParser/LOADING]: Considering mod file candidate /
[10Jan2026 17:50:57.972] [main/DEBUG] [net.minecraftforge.fml.loading.moddiscovery.ModFileInfo/LOADING]: Found valid mod file  with {forge} mods - versions {47.4.10}
[10Jan2026 17:50:57.988] [main/DEBUG] [net.minecraftforge.fml.loading.moddiscovery.ModFileParser/LOADING]: Considering mod file candidate C:\Users\Asher Roland\.gradle\caches\forge_gradle\deobf_dependencies\com\simibubi\create\create-1.20.1\6.0.8-289_mapped_parchment_2023.09.03-1.20.1\create-1.20.1-6.0.8-289_mapped_parchment_2023.09.03-1.20.1-slim.jar
[10Jan2026 17:50:57.989] [main/DEBUG] [net.minecraftforge.fml.loading.moddiscovery.ModFileInfo/LOADING]: Found valid mod file create-1.20.1-6.0.8-289_mapped_parchment_2023.09.03-1.20.1-slim.jar with {create} mods - versions {6.0.8-289}
[10Jan2026 17:50:57.992] [main/DEBUG] [net.minecraftforge.fml.loading.moddiscovery.ModFileParser/LOADING]: Considering mod file candidate C:\Users\Asher Roland\.gradle\caches\forge_gradle\deobf_dependencies\net\createmod\ponder\Ponder-Forge-1.20.1\1.0.91_mapped_parchment_2023.09.03-1.20.1\Ponder-Forge-1.20.1-1.0.91_mapped_parchment_2023.09.03-1.20.1.jar
[10Jan2026 17:50:57.993] [main/DEBUG] [net.minecraftforge.fml.loading.moddiscovery.ModFileInfo/LOADING]: Found valid mod file Ponder-Forge-1.20.1-1.0.91_mapped_parchment_2023.09.03-1.20.1.jar with {ponder} mods - versions {1.0.91}
[10Jan2026 17:50:57.994] [main/DEBUG] [net.minecraftforge.fml.loading.moddiscovery.ModFileParser/LOADING]: Considering mod file candidate C:\Users\Asher Roland\.gradle\caches\modules-2\files-2.1\io.github.llamalad7\mixinextras-forge\0.4.1\5c35573a7b76103724799ca1174a69699b8a9aec\mixinextras-forge-0.4.1.jar
[10Jan2026 17:50:57.995] [main/DEBUG] [net.minecraftforge.fml.loading.moddiscovery.ModFileInfo/LOADING]: Found valid mod file mixinextras-forge-0.4.1.jar with {mixinextras} mods - versions {0.4.1}
[10Jan2026 17:50:57.998] [main/DEBUG] [net.minecraftforge.fml.loading.moddiscovery.ModFileParser/LOADING]: Considering mod file candidate C:\Users\Asher Roland\.gradle\caches\forge_gradle\deobf_dependencies\dev\engine-room\flywheel\flywheel-forge-1.20.1\1.0.5_mapped_parchment_2023.09.03-1.20.1\flywheel-forge-1.20.1-1.0.5_mapped_parchment_2023.09.03-1.20.1.jar
[10Jan2026 17:50:57.999] [main/DEBUG] [net.minecraftforge.fml.loading.moddiscovery.ModFileInfo/LOADING]: Found valid mod file flywheel-forge-1.20.1-1.0.5_mapped_parchment_2023.09.03-1.20.1.jar with {flywheel} mods - versions {1.0.5}
[10Jan2026 17:50:58.003] [main/DEBUG] [net.minecraftforge.fml.loading.moddiscovery.ModFileParser/LOADING]: Considering mod file candidate C:\Users\Asher Roland\.gradle\caches\forge_gradle\deobf_dependencies\com\simibubi\create\create-1.20.1\6.0.8-289_mapped_parchment_2023.09.03-1.20.1\create-1.20.1-6.0.8-289_mapped_parchment_2023.09.03-1.20.1-slim.jar
[10Jan2026 17:50:58.005] [main/DEBUG] [net.minecraftforge.fml.loading.moddiscovery.ModFileInfo/LOADING]: Found valid mod file create-1.20.1-6.0.8-289_mapped_parchment_2023.09.03-1.20.1-slim.jar with {create} mods - versions {6.0.8-289}
[10Jan2026 17:50:58.006] [main/DEBUG] [net.minecraftforge.fml.loading.moddiscovery.ModFileParser/LOADING]: Considering mod file candidate C:\Users\Asher Roland\.gradle\caches\forge_gradle\deobf_dependencies\net\createmod\ponder\Ponder-Forge-1.20.1\1.0.91_mapped_parchment_2023.09.03-1.20.1\Ponder-Forge-1.20.1-1.0.91_mapped_parchment_2023.09.03-1.20.1.jar
[10Jan2026 17:50:58.007] [main/DEBUG] [net.minecraftforge.fml.loading.moddiscovery.ModFileInfo/LOADING]: Found valid mod file Ponder-Forge-1.20.1-1.0.91_mapped_parchment_2023.09.03-1.20.1.jar with {ponder} mods - versions {1.0.91}
[10Jan2026 17:50:58.015] [main/DEBUG] [net.minecraftforge.fml.loading.moddiscovery.ModFileParser/LOADING]: Considering mod file candidate C:\Users\Asher Roland\.gradle\caches\modules-2\files-2.1\io.github.llamalad7\mixinextras-forge\0.4.1\5c35573a7b76103724799ca1174a69699b8a9aec\mixinextras-forge-0.4.1.jar
[10Jan2026 17:50:58.016] [main/DEBUG] [net.minecraftforge.fml.loading.moddiscovery.ModFileInfo/LOADING]: Found valid mod file mixinextras-forge-0.4.1.jar with {mixinextras} mods - versions {0.4.1}
[10Jan2026 17:50:58.017] [main/DEBUG] [net.minecraftforge.fml.loading.moddiscovery.ModFileParser/LOADING]: Considering mod file candidate C:\Users\Asher Roland\.gradle\caches\forge_gradle\deobf_dependencies\dev\engine-room\flywheel\flywheel-forge-1.20.1\1.0.5_mapped_parchment_2023.09.03-1.20.1\flywheel-forge-1.20.1-1.0.5_mapped_parchment_2023.09.03-1.20.1.jar
[10Jan2026 17:50:58.018] [main/DEBUG] [net.minecraftforge.fml.loading.moddiscovery.ModFileInfo/LOADING]: Found valid mod file flywheel-forge-1.20.1-1.0.5_mapped_parchment_2023.09.03-1.20.1.jar with {flywheel} mods - versions {1.0.5}
[10Jan2026 17:50:58.029] [main/DEBUG] [net.minecraftforge.fml.loading.UniqueModListBuilder/]: Found 2 mods for first modid mixinextras, selecting most recent based on version data
[10Jan2026 17:50:58.030] [main/DEBUG] [net.minecraftforge.fml.loading.UniqueModListBuilder/]: Selected file mixinextras-forge-0.4.1.jar for modid mixinextras with version 0.4.1
[10Jan2026 17:50:58.030] [main/DEBUG] [net.minecraftforge.fml.loading.UniqueModListBuilder/]: Found 2 mods for first modid flywheel, selecting most recent based on version data
[10Jan2026 17:50:58.030] [main/DEBUG] [net.minecraftforge.fml.loading.UniqueModListBuilder/]: Selected file flywheel-forge-1.20.1-1.0.5_mapped_parchment_2023.09.03-1.20.1.jar for modid flywheel with version 1.0.5
[10Jan2026 17:50:58.030] [main/DEBUG] [net.minecraftforge.fml.loading.UniqueModListBuilder/]: Found 2 mods for first modid create, selecting most recent based on version data
[10Jan2026 17:50:58.031] [main/DEBUG] [net.minecraftforge.fml.loading.UniqueModListBuilder/]: Selected file create-1.20.1-6.0.8-289_mapped_parchment_2023.09.03-1.20.1-slim.jar for modid create with version 6.0.8-289
[10Jan2026 17:50:58.031] [main/DEBUG] [net.minecraftforge.fml.loading.UniqueModListBuilder/]: Found 2 mods for first modid ponder, selecting most recent based on version data
[10Jan2026 17:50:58.031] [main/DEBUG] [net.minecraftforge.fml.loading.UniqueModListBuilder/]: Selected file Ponder-Forge-1.20.1-1.0.91_mapped_parchment_2023.09.03-1.20.1.jar for modid ponder with version 1.0.91
[10Jan2026 17:50:58.043] [main/DEBUG] [net.minecraftforge.fml.loading.moddiscovery.AbstractJarFileDependencyLocator/]: Failed to load resource META-INF\jarjar\metadata.json from forge-1.20.1-47.4.10_mapped_parchment_2023.09.03-1.20.1-recomp.jar, it does not contain dependency information.
[10Jan2026 17:50:58.044] [main/DEBUG] [net.minecraftforge.fml.loading.moddiscovery.AbstractJarFileDependencyLocator/]: Failed to load resource META-INF\jarjar\metadata.json from Registrate-MC1.20-1.3.3_mapped_parchment_2023.09.03-1.20.1.jar, it does not contain dependency information.
[10Jan2026 17:50:58.044] [main/DEBUG] [net.minecraftforge.fml.loading.moddiscovery.AbstractJarFileDependencyLocator/]: Failed to load resource META-INF\jarjar\metadata.json from , it does not contain dependency information.
[10Jan2026 17:50:58.044] [main/DEBUG] [net.minecraftforge.fml.loading.moddiscovery.AbstractJarFileDependencyLocator/]: Failed to load resource META-INF\jarjar\metadata.json from flywheel-forge-1.20.1-1.0.5_mapped_parchment_2023.09.03-1.20.1.jar, it does not contain dependency information.
[10Jan2026 17:50:58.044] [main/DEBUG] [net.minecraftforge.fml.loading.moddiscovery.AbstractJarFileDependencyLocator/]: Failed to load resource META-INF\jarjar\metadata.json from create-1.20.1-6.0.8-289_mapped_parchment_2023.09.03-1.20.1-slim.jar, it does not contain dependency information.
[10Jan2026 17:50:58.044] [main/DEBUG] [net.minecraftforge.fml.loading.moddiscovery.AbstractJarFileDependencyLocator/]: Failed to load resource META-INF\jarjar\metadata.json from Ponder-Forge-1.20.1-1.0.91_mapped_parchment_2023.09.03-1.20.1.jar, it does not contain dependency information.
[10Jan2026 17:50:58.044] [main/DEBUG] [net.minecraftforge.fml.loading.moddiscovery.AbstractJarFileDependencyLocator/]: Failed to load resource META-INF\jarjar\metadata.json from main, it does not contain dependency information.
[10Jan2026 17:50:58.044] [main/DEBUG] [net.minecraftforge.fml.loading.moddiscovery.AbstractJarFileDependencyLocator/]: Failed to load resource META-INF\jarjar\metadata.json from mclanguage-1.20.1-47.4.10.jar, it does not contain dependency information.
[10Jan2026 17:50:58.044] [main/DEBUG] [net.minecraftforge.fml.loading.moddiscovery.AbstractJarFileDependencyLocator/]: Failed to load resource META-INF\jarjar\metadata.json from javafmllanguage-1.20.1-47.4.10.jar, it does not contain dependency information.
[10Jan2026 17:50:58.044] [main/DEBUG] [net.minecraftforge.fml.loading.moddiscovery.AbstractJarFileDependencyLocator/]: Failed to load resource META-INF\jarjar\metadata.json from fmlcore-1.20.1-47.4.10.jar, it does not contain dependency information.
[10Jan2026 17:50:58.044] [main/DEBUG] [net.minecraftforge.fml.loading.moddiscovery.AbstractJarFileDependencyLocator/]: Failed to load resource META-INF\jarjar\metadata.json from lowcodelanguage-1.20.1-47.4.10.jar, it does not contain dependency information.
[10Jan2026 17:50:58.105] [main/DEBUG] [net.minecraftforge.fml.loading.moddiscovery.AbstractJarFileDependencyLocator/]: Failed to load resource META-INF\jarjar\metadata.json from MixinExtras-0.4.1.jar, it does not contain dependency information.
[10Jan2026 17:50:58.134] [main/INFO] [net.minecraftforge.fml.loading.moddiscovery.JarInJarDependencyLocator/]: Found 1 dependencies adding them to mods collection
[10Jan2026 17:50:58.137] [main/DEBUG] [net.minecraftforge.fml.loading.moddiscovery.ModFileInfo/LOADING]: Found valid mod file forge-1.20.1-47.4.10_mapped_parchment_2023.09.03-1.20.1-recomp.jar with {minecraft} mods - versions {1.20.1}
[10Jan2026 17:50:58.140] [main/DEBUG] [net.minecraftforge.fml.loading.moddiscovery.ModFile/LOADING]: Loading mod file C:\Users\Asher Roland\.gradle\caches\forge_gradle\minecraft_user_repo\net\minecraftforge\forge\1.20.1-47.4.10_mapped_parchment_2023.09.03-1.20.1\forge-1.20.1-47.4.10_mapped_parchment_2023.09.03-1.20.1-recomp.jar with languages [LanguageSpec[languageName=minecraft, acceptedVersions=1]]
[10Jan2026 17:50:58.142] [main/DEBUG] [net.minecraftforge.fml.loading.moddiscovery.ModFileParser/LOADING]: Considering mod file candidate /
[10Jan2026 17:50:58.143] [main/DEBUG] [net.minecraftforge.fml.loading.moddiscovery.ModFileInfo/LOADING]: Found valid mod file  with {forge} mods - versions {47.4.10}
[10Jan2026 17:50:58.143] [main/DEBUG] [net.minecraftforge.fml.loading.moddiscovery.ModFile/LOADING]: Loading mod file / with languages [LanguageSpec[languageName=javafml, acceptedVersions=[24,]]]
[10Jan2026 17:50:58.146] [main/DEBUG] [net.minecraftforge.fml.loading.moddiscovery.ModFileParser/LOADING]: Found coremod field_to_method with Javascript path coremods/field_to_method.js
[10Jan2026 17:50:58.146] [main/DEBUG] [net.minecraftforge.fml.loading.moddiscovery.ModFileParser/LOADING]: Found coremod field_to_instanceof with Javascript path coremods/field_to_instanceof.js
[10Jan2026 17:50:58.146] [main/DEBUG] [net.minecraftforge.fml.loading.moddiscovery.ModFileParser/LOADING]: Found coremod add_bouncer_method with Javascript path coremods/add_bouncer_method.js
[10Jan2026 17:50:58.146] [main/DEBUG] [net.minecraftforge.fml.loading.moddiscovery.ModFileParser/LOADING]: Found coremod method_redirector with Javascript path coremods/method_redirector.js
[10Jan2026 17:50:58.147] [main/DEBUG] [net.minecraftforge.fml.loading.moddiscovery.ModFile/LOADING]: Found coremod coremods/field_to_method.js
[10Jan2026 17:50:58.147] [main/DEBUG] [net.minecraftforge.fml.loading.moddiscovery.ModFile/LOADING]: Found coremod coremods/field_to_instanceof.js
[10Jan2026 17:50:58.147] [main/DEBUG] [net.minecraftforge.fml.loading.moddiscovery.ModFile/LOADING]: Found coremod coremods/add_bouncer_method.js
[10Jan2026 17:50:58.147] [main/DEBUG] [net.minecraftforge.fml.loading.moddiscovery.ModFile/LOADING]: Found coremod coremods/method_redirector.js
[10Jan2026 17:50:58.147] [main/DEBUG] [net.minecraftforge.fml.loading.moddiscovery.ModFileParser/LOADING]: Considering mod file candidate C:\Users\Asher Roland\.gradle\caches\forge_gradle\deobf_dependencies\dev\engine-room\flywheel\flywheel-forge-1.20.1\1.0.5_mapped_parchment_2023.09.03-1.20.1\flywheel-forge-1.20.1-1.0.5_mapped_parchment_2023.09.03-1.20.1.jar
[10Jan2026 17:50:58.148] [main/DEBUG] [net.minecraftforge.fml.loading.moddiscovery.ModFileInfo/LOADING]: Found valid mod file flywheel-forge-1.20.1-1.0.5_mapped_parchment_2023.09.03-1.20.1.jar with {flywheel} mods - versions {1.0.5}
[10Jan2026 17:50:58.148] [main/DEBUG] [net.minecraftforge.fml.loading.moddiscovery.ModFile/LOADING]: Loading mod file C:\Users\Asher Roland\.gradle\caches\forge_gradle\deobf_dependencies\dev\engine-room\flywheel\flywheel-forge-1.20.1\1.0.5_mapped_parchment_2023.09.03-1.20.1\flywheel-forge-1.20.1-1.0.5_mapped_parchment_2023.09.03-1.20.1.jar with languages [LanguageSpec[languageName=javafml, acceptedVersions=[0,)]]
[10Jan2026 17:50:58.148] [main/DEBUG] [net.minecraftforge.fml.loading.moddiscovery.ModFileParser/LOADING]: Considering mod file candidate C:\Users\Asher Roland\.gradle\caches\forge_gradle\deobf_dependencies\com\simibubi\create\create-1.20.1\6.0.8-289_mapped_parchment_2023.09.03-1.20.1\create-1.20.1-6.0.8-289_mapped_parchment_2023.09.03-1.20.1-slim.jar
[10Jan2026 17:50:58.148] [main/DEBUG] [net.minecraftforge.fml.loading.moddiscovery.ModFileInfo/LOADING]: Found valid mod file create-1.20.1-6.0.8-289_mapped_parchment_2023.09.03-1.20.1-slim.jar with {create} mods - versions {6.0.8-289}
[10Jan2026 17:50:58.148] [main/DEBUG] [net.minecraftforge.fml.loading.moddiscovery.ModFile/LOADING]: Loading mod file C:\Users\Asher Roland\.gradle\caches\forge_gradle\deobf_dependencies\com\simibubi\create\create-1.20.1\6.0.8-289_mapped_parchment_2023.09.03-1.20.1\create-1.20.1-6.0.8-289_mapped_parchment_2023.09.03-1.20.1-slim.jar with languages [LanguageSpec[languageName=javafml, acceptedVersions=[47,)]]
[10Jan2026 17:50:58.148] [main/DEBUG] [net.minecraftforge.fml.loading.moddiscovery.ModFileParser/LOADING]: Considering mod file candidate C:\Users\Asher Roland\.gradle\caches\forge_gradle\deobf_dependencies\net\createmod\ponder\Ponder-Forge-1.20.1\1.0.91_mapped_parchment_2023.09.03-1.20.1\Ponder-Forge-1.20.1-1.0.91_mapped_parchment_2023.09.03-1.20.1.jar
[10Jan2026 17:50:58.149] [main/DEBUG] [net.minecraftforge.fml.loading.moddiscovery.ModFileInfo/LOADING]: Found valid mod file Ponder-Forge-1.20.1-1.0.91_mapped_parchment_2023.09.03-1.20.1.jar with {ponder} mods - versions {1.0.91}
[10Jan2026 17:50:58.149] [main/DEBUG] [net.minecraftforge.fml.loading.moddiscovery.ModFile/LOADING]: Loading mod file C:\Users\Asher Roland\.gradle\caches\forge_gradle\deobf_dependencies\net\createmod\ponder\Ponder-Forge-1.20.1\1.0.91_mapped_parchment_2023.09.03-1.20.1\Ponder-Forge-1.20.1-1.0.91_mapped_parchment_2023.09.03-1.20.1.jar with languages [LanguageSpec[languageName=javafml, acceptedVersions=[47,)]]
[10Jan2026 17:50:58.149] [main/DEBUG] [net.minecraftforge.fml.loading.moddiscovery.ModFileParser/LOADING]: Considering mod file candidate F:\Modding\Minecraft\best-of-create-modpack-custom-mod\build\resources\main
[10Jan2026 17:50:58.150] [main/DEBUG] [net.minecraftforge.fml.loading.moddiscovery.ModFileInfo/LOADING]: Found valid mod file main with {boc_custom} mods - versions {0.1.1-1.20.1}
[10Jan2026 17:50:58.150] [main/DEBUG] [net.minecraftforge.fml.loading.moddiscovery.ModFile/LOADING]: Loading mod file F:\Modding\Minecraft\best-of-create-modpack-custom-mod\build\resources\main with languages [LanguageSpec[languageName=javafml, acceptedVersions=[47,)]]
[10Jan2026 17:50:58.150] [main/DEBUG] [net.minecraftforge.fml.loading.moddiscovery.ModFile/LOADING]: Loading mod file  with languages []
[10Jan2026 17:50:58.150] [main/DEBUG] [net.minecraftforge.fml.loading.moddiscovery.ModFileParser/LOADING]: Considering mod file candidate C:\Users\Asher Roland\.gradle\caches\modules-2\files-2.1\io.github.llamalad7\mixinextras-forge\0.4.1\5c35573a7b76103724799ca1174a69699b8a9aec\mixinextras-forge-0.4.1.jar
[10Jan2026 17:50:58.150] [main/DEBUG] [net.minecraftforge.fml.loading.moddiscovery.ModFileInfo/LOADING]: Found valid mod file mixinextras-forge-0.4.1.jar with {mixinextras} mods - versions {0.4.1}
[10Jan2026 17:50:58.150] [main/DEBUG] [net.minecraftforge.fml.loading.moddiscovery.ModFile/LOADING]: Loading mod file C:\Users\Asher Roland\.gradle\caches\modules-2\files-2.1\io.github.llamalad7\mixinextras-forge\0.4.1\5c35573a7b76103724799ca1174a69699b8a9aec\mixinextras-forge-0.4.1.jar with languages [LanguageSpec[languageName=javafml, acceptedVersions=*]]
[10Jan2026 17:50:58.151] [main/DEBUG] [net.minecraftforge.fml.loading.moddiscovery.ModFile/LOADING]: Loading mod file C:\Users\Asher Roland\.gradle\caches\forge_gradle\deobf_dependencies\com\tterrag\registrate\Registrate\MC1.20-1.3.3_mapped_parchment_2023.09.03-1.20.1\Registrate-MC1.20-1.3.3_mapped_parchment_2023.09.03-1.20.1.jar with languages []
[10Jan2026 17:50:58.151] [main/DEBUG] [net.minecraftforge.fml.loading.moddiscovery.ModFile/LOADING]: Loading mod file  with languages []
[10Jan2026 17:50:58.151] [main/DEBUG] [net.minecraftforge.fml.loading.moddiscovery.ModFileParser/LOADING]: Considering mod file candidate C:\Users\Asher Roland\.gradle\caches\modules-2\files-2.1\io.github.llamalad7\mixinextras-forge\0.4.1\5c35573a7b76103724799ca1174a69699b8a9aec\mixinextras-forge-0.4.1.jar
[10Jan2026 17:50:58.151] [main/DEBUG] [net.minecraftforge.fml.loading.moddiscovery.ModFileInfo/LOADING]: Found valid mod file mixinextras-forge-0.4.1.jar with {mixinextras} mods - versions {0.4.1}
[10Jan2026 17:50:58.151] [main/DEBUG] [net.minecraftforge.fml.loading.moddiscovery.ModFile/LOADING]: Loading mod file C:\Users\Asher Roland\.gradle\caches\modules-2\files-2.1\io.github.llamalad7\mixinextras-forge\0.4.1\5c35573a7b76103724799ca1174a69699b8a9aec\mixinextras-forge-0.4.1.jar with languages [LanguageSpec[languageName=javafml, acceptedVersions=*]]
[10Jan2026 17:50:58.151] [main/DEBUG] [net.minecraftforge.fml.loading.moddiscovery.ModFile/LOADING]: Loading mod file C:\Users\Asher Roland\.gradle\caches\forge_gradle\deobf_dependencies\com\tterrag\registrate\Registrate\MC1.20-1.3.3_mapped_parchment_2023.09.03-1.20.1\Registrate-MC1.20-1.3.3_mapped_parchment_2023.09.03-1.20.1.jar with languages []
[10Jan2026 17:50:58.153] [main/DEBUG] [cpw.mods.modlauncher.TransformationServiceDecorator/MODLAUNCHER]: End scan trigger - transformation service fml
[10Jan2026 17:50:58.165] [main/DEBUG] [net.minecraftforge.fml.loading.LanguageLoadingProvider/CORE]: Found 3 language providers
[10Jan2026 17:50:58.166] [main/DEBUG] [net.minecraftforge.fml.loading.LanguageLoadingProvider/CORE]: Found language provider minecraft, version 1.0
[10Jan2026 17:50:58.168] [main/DEBUG] [net.minecraftforge.fml.loading.LanguageLoadingProvider/CORE]: Found language provider lowcodefml, version 47
[10Jan2026 17:50:58.168] [main/DEBUG] [net.minecraftforge.fml.loading.LanguageLoadingProvider/CORE]: Found language provider javafml, version 47
[10Jan2026 17:50:58.173] [main/DEBUG] [net.minecraftforge.fml.loading.UniqueModListBuilder/]: Found 2 mods for first modid MixinExtras, selecting most recent based on version data
[10Jan2026 17:50:58.173] [main/DEBUG] [net.minecraftforge.fml.loading.UniqueModListBuilder/]: Selected file MixinExtras-0.4.1.jar for modid MixinExtras with version 0.0NONE
[10Jan2026 17:50:58.174] [main/DEBUG] [net.minecraftforge.fml.loading.UniqueModListBuilder/]: Found 2 mods for first modid mixinextras, selecting most recent based on version data
[10Jan2026 17:50:58.174] [main/DEBUG] [net.minecraftforge.fml.loading.UniqueModListBuilder/]: Selected file mixinextras-forge-0.4.1.jar for modid mixinextras with version 0.4.1
[10Jan2026 17:50:58.174] [main/DEBUG] [net.minecraftforge.fml.loading.UniqueModListBuilder/]: Found 2 mods for first modid Registrate, selecting most recent based on version data
[10Jan2026 17:50:58.174] [main/DEBUG] [net.minecraftforge.fml.loading.UniqueModListBuilder/]: Selected file Registrate-MC1.20-1.3.3_mapped_parchment_2023.09.03-1.20.1.jar for modid Registrate with version 0.0NONE
[10Jan2026 17:50:58.176] [main/DEBUG] [net.minecraftforge.fml.loading.ModSorter/]: Configured system mods: [minecraft, forge]
[10Jan2026 17:50:58.176] [main/DEBUG] [net.minecraftforge.fml.loading.ModSorter/]: Found system mod: minecraft
[10Jan2026 17:50:58.176] [main/DEBUG] [net.minecraftforge.fml.loading.ModSorter/]: Found system mod: forge
[10Jan2026 17:50:58.182] [main/DEBUG] [net.minecraftforge.fml.loading.ModSorter/LOADING]: Found 15 mod requirements (12 mandatory, 3 optional)
[10Jan2026 17:50:58.183] [main/DEBUG] [net.minecraftforge.fml.loading.ModSorter/LOADING]: Found 0 mod requirements missing (0 mandatory, 0 optional)
[10Jan2026 17:50:58.489] [main/DEBUG] [net.minecraftforge.fml.loading.MCPNamingService/CORE]: Loaded 34318 method mappings from methods.csv
[10Jan2026 17:50:58.513] [main/DEBUG] [net.minecraftforge.fml.loading.MCPNamingService/CORE]: Loaded 31014 field mappings from fields.csv
[10Jan2026 17:50:58.551] [main/DEBUG] [cpw.mods.modlauncher.TransformationServicesHandler/MODLAUNCHER]: Transformation services loading transformers
[10Jan2026 17:50:58.552] [main/DEBUG] [cpw.mods.modlauncher.TransformationServiceDecorator/MODLAUNCHER]: Initializing transformers for transformation service mixin
[10Jan2026 17:50:58.553] [main/DEBUG] [cpw.mods.modlauncher.TransformationServiceDecorator/MODLAUNCHER]: Initialized transformers for transformation service mixin
[10Jan2026 17:50:58.553] [main/DEBUG] [cpw.mods.modlauncher.TransformationServiceDecorator/MODLAUNCHER]: Initializing transformers for transformation service fml
[10Jan2026 17:50:58.553] [main/DEBUG] [net.minecraftforge.fml.loading.FMLServiceProvider/CORE]: Loading coremod transformers
[10Jan2026 17:50:58.553] [main/DEBUG] [net.minecraftforge.coremod.CoreModEngine/COREMOD]: Loading CoreMod from coremods/field_to_method.js
[10Jan2026 17:50:58.803] [main/DEBUG] [net.minecraftforge.coremod.CoreModEngine/COREMOD]: CoreMod loaded successfully
[10Jan2026 17:50:58.803] [main/DEBUG] [net.minecraftforge.coremod.CoreModEngine/COREMOD]: Loading CoreMod from coremods/field_to_instanceof.js
[10Jan2026 17:50:58.887] [main/DEBUG] [net.minecraftforge.coremod.CoreModEngine/COREMOD]: CoreMod loaded successfully
[10Jan2026 17:50:58.888] [main/DEBUG] [net.minecraftforge.coremod.CoreModEngine/COREMOD]: Loading CoreMod from coremods/add_bouncer_method.js
[10Jan2026 17:50:58.920] [main/DEBUG] [net.minecraftforge.coremod.CoreModEngine/COREMOD]: CoreMod loaded successfully
[10Jan2026 17:50:58.921] [main/DEBUG] [net.minecraftforge.coremod.CoreModEngine/COREMOD]: Loading CoreMod from coremods/method_redirector.js
[10Jan2026 17:50:58.971] [main/DEBUG] [net.minecraftforge.coremod.CoreModEngine/COREMOD]: CoreMod loaded successfully
[10Jan2026 17:50:58.984] [main/DEBUG] [cpw.mods.modlauncher.TransformStore/MODLAUNCHER]: Adding transformer net.minecraftforge.coremod.transformer.CoreModClassTransformer@44be69aa to Target : CLASS {Lnet/minecraft/world/level/biome/Biome;} {} {V}
[10Jan2026 17:50:58.986] [main/DEBUG] [cpw.mods.modlauncher.TransformStore/MODLAUNCHER]: Adding transformer net.minecraftforge.coremod.transformer.CoreModClassTransformer@561953e3 to Target : CLASS {Lnet/minecraft/world/level/levelgen/structure/Structure;} {} {V}
[10Jan2026 17:50:58.986] [main/DEBUG] [cpw.mods.modlauncher.TransformStore/MODLAUNCHER]: Adding transformer net.minecraftforge.coremod.transformer.CoreModClassTransformer@443faa85 to Target : CLASS {Lnet/minecraft/world/effect/MobEffectInstance;} {} {V}
[10Jan2026 17:50:58.986] [main/DEBUG] [cpw.mods.modlauncher.TransformStore/MODLAUNCHER]: Adding transformer net.minecraftforge.coremod.transformer.CoreModClassTransformer@1ee47d9e to Target : CLASS {Lnet/minecraft/world/level/block/LiquidBlock;} {} {V}
[10Jan2026 17:50:58.986] [main/DEBUG] [cpw.mods.modlauncher.TransformStore/MODLAUNCHER]: Adding transformer net.minecraftforge.coremod.transformer.CoreModClassTransformer@41da3aee to Target : CLASS {Lnet/minecraft/world/item/BucketItem;} {} {V}
[10Jan2026 17:50:58.986] [main/DEBUG] [cpw.mods.modlauncher.TransformStore/MODLAUNCHER]: Adding transformer net.minecraftforge.coremod.transformer.CoreModClassTransformer@5dc0ff7d to Target : CLASS {Lnet/minecraft/world/level/block/StairBlock;} {} {V}
[10Jan2026 17:50:58.986] [main/DEBUG] [cpw.mods.modlauncher.TransformStore/MODLAUNCHER]: Adding transformer net.minecraftforge.coremod.transformer.CoreModClassTransformer@64920dc2 to Target : CLASS {Lnet/minecraft/world/level/block/FlowerPotBlock;} {} {V}
[10Jan2026 17:50:58.986] [main/DEBUG] [cpw.mods.modlauncher.TransformStore/MODLAUNCHER]: Adding transformer net.minecraftforge.coremod.transformer.CoreModClassTransformer@59a79443 to Target : CLASS {Lnet/minecraft/world/item/ItemStack;} {} {V}
[10Jan2026 17:50:58.986] [main/DEBUG] [cpw.mods.modlauncher.TransformStore/MODLAUNCHER]: Adding transformer net.minecraftforge.coremod.transformer.CoreModClassTransformer@493ac8d3 to Target : CLASS {Lnet/minecraft/network/play/client/CClientSettingsPacket;} {} {V}
[10Jan2026 17:50:58.987] [main/DEBUG] [cpw.mods.modlauncher.TransformStore/MODLAUNCHER]: Adding transformer net.minecraftforge.coremod.transformer.CoreModClassTransformer@13dbed9e to Target : CLASS {Lnet/minecraft/world/entity/animal/frog/Tadpole;} {} {V}
[10Jan2026 17:50:58.987] [main/DEBUG] [cpw.mods.modlauncher.TransformStore/MODLAUNCHER]: Adding transformer net.minecraftforge.coremod.transformer.CoreModClassTransformer@13dbed9e to Target : CLASS {Lnet/minecraft/world/entity/animal/horse/SkeletonTrapGoal;} {} {V}
[10Jan2026 17:50:58.987] [main/DEBUG] [cpw.mods.modlauncher.TransformStore/MODLAUNCHER]: Adding transformer net.minecraftforge.coremod.transformer.CoreModClassTransformer@13dbed9e to Target : CLASS {Lnet/minecraft/world/entity/monster/Evoker$EvokerSummonSpellGoal;} {} {V}
[10Jan2026 17:50:58.987] [main/DEBUG] [cpw.mods.modlauncher.TransformStore/MODLAUNCHER]: Adding transformer net.minecraftforge.coremod.transformer.CoreModClassTransformer@13dbed9e to Target : CLASS {Lnet/minecraft/world/entity/raid/Raid;} {} {V}
[10Jan2026 17:50:58.987] [main/DEBUG] [cpw.mods.modlauncher.TransformStore/MODLAUNCHER]: Adding transformer net.minecraftforge.coremod.transformer.CoreModClassTransformer@13dbed9e to Target : CLASS {Lnet/minecraft/world/level/levelgen/structure/structures/OceanRuinPieces$OceanRuinPiece;} {} {V}
[10Jan2026 17:50:58.987] [main/DEBUG] [cpw.mods.modlauncher.TransformStore/MODLAUNCHER]: Adding transformer net.minecraftforge.coremod.transformer.CoreModClassTransformer@13dbed9e to Target : CLASS {Lnet/minecraft/world/entity/npc/Villager;} {} {V}
[10Jan2026 17:50:58.987] [main/DEBUG] [cpw.mods.modlauncher.TransformStore/MODLAUNCHER]: Adding transformer net.minecraftforge.coremod.transformer.CoreModClassTransformer@13dbed9e to Target : CLASS {Lnet/minecraft/world/entity/monster/ZombieVillager;} {} {V}
[10Jan2026 17:50:58.987] [main/DEBUG] [cpw.mods.modlauncher.TransformStore/MODLAUNCHER]: Adding transformer net.minecraftforge.coremod.transformer.CoreModClassTransformer@13dbed9e to Target : CLASS {Lnet/minecraft/world/level/levelgen/PatrolSpawner;} {} {V}
[10Jan2026 17:50:58.987] [main/DEBUG] [cpw.mods.modlauncher.TransformStore/MODLAUNCHER]: Adding transformer net.minecraftforge.coremod.transformer.CoreModClassTransformer@13dbed9e to Target : CLASS {Lnet/minecraft/world/level/NaturalSpawner;} {} {V}
[10Jan2026 17:50:58.987] [main/DEBUG] [cpw.mods.modlauncher.TransformStore/MODLAUNCHER]: Adding transformer net.minecraftforge.coremod.transformer.CoreModClassTransformer@13dbed9e to Target : CLASS {Lnet/minecraft/world/level/levelgen/structure/structures/OceanMonumentPieces$OceanMonumentPiece;} {} {V}
[10Jan2026 17:50:58.987] [main/DEBUG] [cpw.mods.modlauncher.TransformStore/MODLAUNCHER]: Adding transformer net.minecraftforge.coremod.transformer.CoreModClassTransformer@13dbed9e to Target : CLASS {Lnet/minecraft/world/level/levelgen/structure/templatesystem/StructureTemplate;} {} {V}
[10Jan2026 17:50:58.987] [main/DEBUG] [cpw.mods.modlauncher.TransformStore/MODLAUNCHER]: Adding transformer net.minecraftforge.coremod.transformer.CoreModClassTransformer@13dbed9e to Target : CLASS {Lnet/minecraft/world/level/levelgen/structure/structures/SwampHutPiece;} {} {V}
[10Jan2026 17:50:58.987] [main/DEBUG] [cpw.mods.modlauncher.TransformStore/MODLAUNCHER]: Adding transformer net.minecraftforge.coremod.transformer.CoreModClassTransformer@13dbed9e to Target : CLASS {Lnet/minecraft/world/entity/monster/Spider;} {} {V}
[10Jan2026 17:50:58.987] [main/DEBUG] [cpw.mods.modlauncher.TransformStore/MODLAUNCHER]: Adding transformer net.minecraftforge.coremod.transformer.CoreModClassTransformer@13dbed9e to Target : CLASS {Lnet/minecraft/world/level/levelgen/PhantomSpawner;} {} {V}
[10Jan2026 17:50:58.987] [main/DEBUG] [cpw.mods.modlauncher.TransformStore/MODLAUNCHER]: Adding transformer net.minecraftforge.coremod.transformer.CoreModClassTransformer@13dbed9e to Target : CLASS {Lnet/minecraft/world/level/levelgen/structure/structures/WoodlandMansionPieces$WoodlandMansionPiece;} {} {V}
[10Jan2026 17:50:58.987] [main/DEBUG] [cpw.mods.modlauncher.TransformStore/MODLAUNCHER]: Adding transformer net.minecraftforge.coremod.transformer.CoreModClassTransformer@13dbed9e to Target : CLASS {Lnet/minecraft/server/commands/RaidCommand;} {} {V}
[10Jan2026 17:50:58.987] [main/DEBUG] [cpw.mods.modlauncher.TransformStore/MODLAUNCHER]: Adding transformer net.minecraftforge.coremod.transformer.CoreModClassTransformer@13dbed9e to Target : CLASS {Lnet/minecraft/world/entity/EntityType;} {} {V}
[10Jan2026 17:50:58.988] [main/DEBUG] [cpw.mods.modlauncher.TransformStore/MODLAUNCHER]: Adding transformer net.minecraftforge.coremod.transformer.CoreModClassTransformer@13dbed9e to Target : CLASS {Lnet/minecraft/world/entity/ai/village/VillageSiege;} {} {V}
[10Jan2026 17:50:58.988] [main/DEBUG] [cpw.mods.modlauncher.TransformStore/MODLAUNCHER]: Adding transformer net.minecraftforge.coremod.transformer.CoreModClassTransformer@13dbed9e to Target : CLASS {Lnet/minecraft/world/entity/monster/Zombie;} {} {V}
[10Jan2026 17:50:58.988] [main/DEBUG] [cpw.mods.modlauncher.TransformStore/MODLAUNCHER]: Adding transformer net.minecraftforge.coremod.transformer.CoreModClassTransformer@13dbed9e to Target : CLASS {Lnet/minecraft/server/commands/SummonCommand;} {} {V}
[10Jan2026 17:50:58.988] [main/DEBUG] [cpw.mods.modlauncher.TransformStore/MODLAUNCHER]: Adding transformer net.minecraftforge.coremod.transformer.CoreModClassTransformer@13dbed9e to Target : CLASS {Lnet/minecraft/world/entity/monster/Strider;} {} {V}
[10Jan2026 17:50:58.988] [main/DEBUG] [cpw.mods.modlauncher.TransformStore/MODLAUNCHER]: Adding transformer net.minecraftforge.coremod.transformer.CoreModClassTransformer@13dbed9e to Target : CLASS {Lnet/minecraft/world/entity/npc/CatSpawner;} {} {V}
[10Jan2026 17:50:58.988] [main/DEBUG] [cpw.mods.modlauncher.TransformationServiceDecorator/MODLAUNCHER]: Initialized transformers for transformation service fml
[10Jan2026 17:50:59.327] [main/DEBUG] [mixin/]: Processing prepare() for PlatformAgent[MixinPlatformAgentDefault:ModLauncher Root Container(ModLauncher:4f56a0a2)]
[10Jan2026 17:50:59.327] [main/DEBUG] [mixin/]: Processing launch tasks for PlatformAgent[MixinPlatformAgentDefault:ModLauncher Root Container(ModLauncher:4f56a0a2)]
[10Jan2026 17:50:59.327] [main/DEBUG] [mixin/]: Adding mixin platform agents for container SecureJarResource(minecraft)
[10Jan2026 17:50:59.327] [main/DEBUG] [mixin/]: Instancing new MixinPlatformAgentMinecraftForge for SecureJarResource(minecraft)
[10Jan2026 17:50:59.327] [main/DEBUG] [mixin/]: MixinPlatformAgentMinecraftForge rejected container SecureJarResource(minecraft)
[10Jan2026 17:50:59.327] [main/DEBUG] [mixin/]: Instancing new MixinPlatformAgentDefault for SecureJarResource(minecraft)
[10Jan2026 17:50:59.327] [main/DEBUG] [mixin/]: MixinPlatformAgentDefault accepted container SecureJarResource(minecraft)
[10Jan2026 17:50:59.327] [main/DEBUG] [mixin/]: Processing prepare() for PlatformAgent[MixinPlatformAgentDefault:SecureJarResource(minecraft)]
[10Jan2026 17:50:59.327] [main/DEBUG] [mixin/]: Adding mixin platform agents for container SecureJarResource(mixinextras)
[10Jan2026 17:50:59.327] [main/DEBUG] [mixin/]: Instancing new MixinPlatformAgentMinecraftForge for SecureJarResource(mixinextras)
[10Jan2026 17:50:59.327] [main/DEBUG] [mixin/]: MixinPlatformAgentMinecraftForge rejected container SecureJarResource(mixinextras)
[10Jan2026 17:50:59.327] [main/DEBUG] [mixin/]: Instancing new MixinPlatformAgentDefault for SecureJarResource(mixinextras)
[10Jan2026 17:50:59.327] [main/DEBUG] [mixin/]: MixinPlatformAgentDefault accepted container SecureJarResource(mixinextras)
[10Jan2026 17:50:59.327] [main/DEBUG] [mixin/]: Processing prepare() for PlatformAgent[MixinPlatformAgentDefault:SecureJarResource(mixinextras)]
[10Jan2026 17:50:59.327] [main/DEBUG] [mixin/]: Registering mixin config: mixinextras.init.mixins.json
[10Jan2026 17:50:59.347] [main/DEBUG] [mixin/]: Adding mixin platform agents for container SecureJarResource(forge)
[10Jan2026 17:50:59.347] [main/DEBUG] [mixin/]: Instancing new MixinPlatformAgentMinecraftForge for SecureJarResource(forge)
[10Jan2026 17:50:59.347] [main/DEBUG] [mixin/]: MixinPlatformAgentMinecraftForge rejected container SecureJarResource(forge)
[10Jan2026 17:50:59.347] [main/DEBUG] [mixin/]: Instancing new MixinPlatformAgentDefault for SecureJarResource(forge)
[10Jan2026 17:50:59.347] [main/DEBUG] [mixin/]: MixinPlatformAgentDefault accepted container SecureJarResource(forge)
[10Jan2026 17:50:59.348] [main/DEBUG] [mixin/]: Processing prepare() for PlatformAgent[MixinPlatformAgentDefault:SecureJarResource(forge)]
[10Jan2026 17:50:59.348] [main/DEBUG] [mixin/]: Adding mixin platform agents for container SecureJarResource(flywheel)
[10Jan2026 17:50:59.348] [main/DEBUG] [mixin/]: Instancing new MixinPlatformAgentMinecraftForge for SecureJarResource(flywheel)
[10Jan2026 17:50:59.348] [main/DEBUG] [mixin/]: MixinPlatformAgentMinecraftForge rejected container SecureJarResource(flywheel)
[10Jan2026 17:50:59.348] [main/DEBUG] [mixin/]: Instancing new MixinPlatformAgentDefault for SecureJarResource(flywheel)
[10Jan2026 17:50:59.348] [main/DEBUG] [mixin/]: MixinPlatformAgentDefault accepted container SecureJarResource(flywheel)
[10Jan2026 17:50:59.348] [main/DEBUG] [mixin/]: Processing prepare() for PlatformAgent[MixinPlatformAgentDefault:SecureJarResource(flywheel)]
[10Jan2026 17:50:59.348] [main/DEBUG] [mixin/]: Registering mixin config: flywheel.backend.mixins.json
[10Jan2026 17:50:59.350] [main/DEBUG] [mixin/]: Compatibility level JAVA_17 specified by flywheel.backend.mixins.json is higher than the maximum level supported by this version of mixin (JAVA_13).
[10Jan2026 17:50:59.352] [main/INFO] [mixin/]: Compatibility level set to JAVA_17
[10Jan2026 17:50:59.352] [main/DEBUG] [mixin/]: Registering mixin config: flywheel.impl.mixins.json
[10Jan2026 17:50:59.352] [main/DEBUG] [mixin/]: Adding mixin platform agents for container SecureJarResource(ponder)
[10Jan2026 17:50:59.353] [main/DEBUG] [mixin/]: Instancing new MixinPlatformAgentMinecraftForge for SecureJarResource(ponder)
[10Jan2026 17:50:59.353] [main/DEBUG] [mixin/]: MixinPlatformAgentMinecraftForge rejected container SecureJarResource(ponder)
[10Jan2026 17:50:59.353] [main/DEBUG] [mixin/]: Instancing new MixinPlatformAgentDefault for SecureJarResource(ponder)
[10Jan2026 17:50:59.353] [main/DEBUG] [mixin/]: MixinPlatformAgentDefault accepted container SecureJarResource(ponder)
[10Jan2026 17:50:59.353] [main/DEBUG] [mixin/]: Processing prepare() for PlatformAgent[MixinPlatformAgentDefault:SecureJarResource(ponder)]
[10Jan2026 17:50:59.353] [main/DEBUG] [mixin/]: Registering mixin config: ponder.mixins.json
[10Jan2026 17:50:59.354] [main/DEBUG] [mixin/]: Registering mixin config: ponder-common.mixins.json
[10Jan2026 17:50:59.354] [main/DEBUG] [mixin/]: Adding mixin platform agents for container SecureJarResource(create)
[10Jan2026 17:50:59.354] [main/DEBUG] [mixin/]: Instancing new MixinPlatformAgentMinecraftForge for SecureJarResource(create)
[10Jan2026 17:50:59.354] [main/DEBUG] [mixin/]: MixinPlatformAgentMinecraftForge rejected container SecureJarResource(create)
[10Jan2026 17:50:59.354] [main/DEBUG] [mixin/]: Instancing new MixinPlatformAgentDefault for SecureJarResource(create)
[10Jan2026 17:50:59.355] [main/DEBUG] [mixin/]: MixinPlatformAgentDefault accepted container SecureJarResource(create)
[10Jan2026 17:50:59.355] [main/DEBUG] [mixin/]: Processing prepare() for PlatformAgent[MixinPlatformAgentDefault:SecureJarResource(create)]
[10Jan2026 17:50:59.355] [main/DEBUG] [mixin/]: Registering mixin config: create.mixins.json
[10Jan2026 17:50:59.355] [main/DEBUG] [mixin/]: Adding mixin platform agents for container SecureJarResource(boc_custom)
[10Jan2026 17:50:59.355] [main/DEBUG] [mixin/]: Instancing new MixinPlatformAgentMinecraftForge for SecureJarResource(boc_custom)
[10Jan2026 17:50:59.355] [main/DEBUG] [mixin/]: MixinPlatformAgentMinecraftForge rejected container SecureJarResource(boc_custom)
[10Jan2026 17:50:59.355] [main/DEBUG] [mixin/]: Instancing new MixinPlatformAgentDefault for SecureJarResource(boc_custom)
[10Jan2026 17:50:59.355] [main/DEBUG] [mixin/]: MixinPlatformAgentDefault accepted container SecureJarResource(boc_custom)
[10Jan2026 17:50:59.355] [main/DEBUG] [mixin/]: Processing prepare() for PlatformAgent[MixinPlatformAgentDefault:SecureJarResource(boc_custom)]
[10Jan2026 17:50:59.355] [main/DEBUG] [mixin/]: Adding mixin platform agents for container SecureJarResource(MixinExtras)
[10Jan2026 17:50:59.355] [main/DEBUG] [mixin/]: Instancing new MixinPlatformAgentMinecraftForge for SecureJarResource(MixinExtras)
[10Jan2026 17:50:59.355] [main/DEBUG] [mixin/]: MixinPlatformAgentMinecraftForge rejected container SecureJarResource(MixinExtras)
[10Jan2026 17:50:59.355] [main/DEBUG] [mixin/]: Instancing new MixinPlatformAgentDefault for SecureJarResource(MixinExtras)
[10Jan2026 17:50:59.355] [main/DEBUG] [mixin/]: MixinPlatformAgentDefault accepted container SecureJarResource(MixinExtras)
[10Jan2026 17:50:59.355] [main/DEBUG] [mixin/]: Processing prepare() for PlatformAgent[MixinPlatformAgentDefault:SecureJarResource(MixinExtras)]
[10Jan2026 17:50:59.355] [main/DEBUG] [mixin/]: Adding mixin platform agents for container SecureJarResource(Registrate)
[10Jan2026 17:50:59.355] [main/DEBUG] [mixin/]: Instancing new MixinPlatformAgentMinecraftForge for SecureJarResource(Registrate)
[10Jan2026 17:50:59.355] [main/DEBUG] [mixin/]: MixinPlatformAgentMinecraftForge rejected container SecureJarResource(Registrate)
[10Jan2026 17:50:59.355] [main/DEBUG] [mixin/]: Instancing new MixinPlatformAgentDefault for SecureJarResource(Registrate)
[10Jan2026 17:50:59.355] [main/DEBUG] [mixin/]: MixinPlatformAgentDefault accepted container SecureJarResource(Registrate)
[10Jan2026 17:50:59.355] [main/DEBUG] [mixin/]: Processing prepare() for PlatformAgent[MixinPlatformAgentDefault:SecureJarResource(Registrate)]
[10Jan2026 17:50:59.355] [main/DEBUG] [mixin/]: inject() running with 10 agents
[10Jan2026 17:50:59.355] [main/DEBUG] [mixin/]: Processing inject() for PlatformAgent[MixinPlatformAgentDefault:ModLauncher Root Container(ModLauncher:4f56a0a2)]
[10Jan2026 17:50:59.355] [main/DEBUG] [mixin/]: Processing inject() for PlatformAgent[MixinPlatformAgentDefault:SecureJarResource(minecraft)]
[10Jan2026 17:50:59.355] [main/DEBUG] [mixin/]: Processing inject() for PlatformAgent[MixinPlatformAgentDefault:SecureJarResource(mixinextras)]
[10Jan2026 17:50:59.357] [main/DEBUG] [mixin/]: Processing inject() for PlatformAgent[MixinPlatformAgentDefault:SecureJarResource(forge)]
[10Jan2026 17:50:59.357] [main/DEBUG] [mixin/]: Processing inject() for PlatformAgent[MixinPlatformAgentDefault:SecureJarResource(flywheel)]
[10Jan2026 17:50:59.357] [main/DEBUG] [mixin/]: Processing inject() for PlatformAgent[MixinPlatformAgentDefault:SecureJarResource(ponder)]
[10Jan2026 17:50:59.357] [main/DEBUG] [mixin/]: Processing inject() for PlatformAgent[MixinPlatformAgentDefault:SecureJarResource(create)]
[10Jan2026 17:50:59.357] [main/DEBUG] [mixin/]: Processing inject() for PlatformAgent[MixinPlatformAgentDefault:SecureJarResource(boc_custom)]
[10Jan2026 17:50:59.357] [main/DEBUG] [mixin/]: Processing inject() for PlatformAgent[MixinPlatformAgentDefault:SecureJarResource(MixinExtras)]
[10Jan2026 17:50:59.357] [main/DEBUG] [mixin/]: Processing inject() for PlatformAgent[MixinPlatformAgentDefault:SecureJarResource(Registrate)]
[10Jan2026 17:50:59.357] [main/INFO] [cpw.mods.modlauncher.LaunchServiceHandler/MODLAUNCHER]: Launching target 'forgedatauserdev' with arguments [--gameDir, ., --assetsDir, C:\Users\Asher Roland\.gradle\caches\forge_gradle\assets, --assetIndex, 5, --mod, boc_custom, --all, --output, F:\Modding\Minecraft\best-of-create-modpack-custom-mod\src\generated\resources, --existing, F:\Modding\Minecraft\best-of-create-modpack-custom-mod\src\main\resources]
[10Jan2026 17:50:59.427] [main/DEBUG] [mixin/]: Error cleaning class output directory: .mixin.out
[10Jan2026 17:50:59.429] [main/DEBUG] [mixin/]: Preparing mixins for MixinEnvironment[DEFAULT]
[10Jan2026 17:50:59.429] [main/DEBUG] [mixin/]: Selecting config mixinextras.init.mixins.json
[10Jan2026 17:50:59.477] [main/DEBUG] [MixinExtras|Service/]: com.llamalad7.mixinextras.service.MixinExtrasServiceImpl(version=0.4.1) is taking over from null
[10Jan2026 17:50:59.534] [main/DEBUG] [mixin/]: Registering new injector for @Inject with org.spongepowered.asm.mixin.injection.struct.CallbackInjectionInfo
[10Jan2026 17:50:59.536] [main/DEBUG] [mixin/]: Registering new injector for @ModifyArg with org.spongepowered.asm.mixin.injection.struct.ModifyArgInjectionInfo
[10Jan2026 17:50:59.538] [main/DEBUG] [mixin/]: Registering new injector for @ModifyArgs with org.spongepowered.asm.mixin.injection.struct.ModifyArgsInjectionInfo
[10Jan2026 17:50:59.539] [main/DEBUG] [mixin/]: Registering new injector for @Redirect with org.spongepowered.asm.mixin.injection.struct.RedirectInjectionInfo
[10Jan2026 17:50:59.541] [main/DEBUG] [mixin/]: Registering new injector for @ModifyVariable with org.spongepowered.asm.mixin.injection.struct.ModifyVariableInjectionInfo
[10Jan2026 17:50:59.542] [main/DEBUG] [mixin/]: Registering new injector for @ModifyConstant with org.spongepowered.asm.mixin.injection.struct.ModifyConstantInjectionInfo
[10Jan2026 17:50:59.557] [main/DEBUG] [mixin/]: Selecting config flywheel.backend.mixins.json
[10Jan2026 17:50:59.752] [main/INFO] [mixin/]: Remapping refMap backend-flywheel.refmap.json using F:\Modding\Minecraft\best-of-create-modpack-custom-mod/build/createSrgToMcp/output.srg
[10Jan2026 17:50:59.752] [main/DEBUG] [mixin/]: Selecting config flywheel.impl.mixins.json
[10Jan2026 17:50:59.753] [main/INFO] [mixin/]: Remapping refMap flywheel.refmap.json using F:\Modding\Minecraft\best-of-create-modpack-custom-mod/build/createSrgToMcp/output.srg
[10Jan2026 17:50:59.753] [main/DEBUG] [mixin/]: Selecting config ponder.mixins.json
[10Jan2026 17:50:59.753] [main/INFO] [mixin/]: Remapping refMap ponder.refmap.json using F:\Modding\Minecraft\best-of-create-modpack-custom-mod/build/createSrgToMcp/output.srg
[10Jan2026 17:50:59.753] [main/DEBUG] [mixin/]: Selecting config ponder-common.mixins.json
[10Jan2026 17:50:59.754] [main/INFO] [mixin/]: Remapping refMap ponder.refmap.json using F:\Modding\Minecraft\best-of-create-modpack-custom-mod/build/createSrgToMcp/output.srg
[10Jan2026 17:50:59.754] [main/DEBUG] [mixin/]: Selecting config create.mixins.json
[10Jan2026 17:50:59.757] [main/INFO] [mixin/]: Remapping refMap create.refmap.json using F:\Modding\Minecraft\best-of-create-modpack-custom-mod/build/createSrgToMcp/output.srg
[10Jan2026 17:50:59.757] [main/DEBUG] [mixin/]: Preparing mixinextras.init.mixins.json (0)
[10Jan2026 17:50:59.758] [main/DEBUG] [mixin/]: Preparing flywheel.backend.mixins.json (9)
[10Jan2026 17:50:59.833] [main/DEBUG] [mixin/]: Preparing flywheel.impl.mixins.json (15)
[10Jan2026 17:50:59.848] [main/DEBUG] [net.minecraftforge.coremod.transformer.CoreModBaseTransformer/COREMOD]: Transforming net/minecraft/world/entity/EntityType
[10Jan2026 17:50:59.973] [main/DEBUG] [mixin/]: Preparing ponder.mixins.json (1)
[10Jan2026 17:50:59.975] [main/DEBUG] [mixin/]: Preparing ponder-common.mixins.json (6)
[10Jan2026 17:50:59.985] [main/DEBUG] [mixin/]: Preparing create.mixins.json (57)
[10Jan2026 17:51:00.015] [main/DEBUG] [net.minecraftforge.coremod.transformer.CoreModBaseTransformer/COREMOD]: Transforming net/minecraft/world/effect/MobEffectInstance
[10Jan2026 17:51:00.053] [main/WARN] [mixin/]: Error loading class: xaero/map/gui/GuiMap (java.lang.ClassNotFoundException: xaero.map.gui.GuiMap)
[10Jan2026 17:51:00.053] [main/WARN] [mixin/]: @Mixin target xaero.map.gui.GuiMap was not found create.mixins.json:compat.xaeros.XaeroFullscreenMapAccessor
[10Jan2026 17:51:00.054] [main/WARN] [mixin/]: Error loading class: xaero/map/gui/GuiMap (java.lang.ClassNotFoundException: xaero.map.gui.GuiMap)
[10Jan2026 17:51:00.054] [main/WARN] [mixin/]: @Mixin target xaero.map.gui.GuiMap was not found create.mixins.json:compat.xaeros.XaeroFullscreenMapMixin
[10Jan2026 17:51:00.079] [main/DEBUG] [mixin/]: Prepared 85 mixins in 0.649 sec (7.6ms avg) (0ms load, 0ms transform, 0ms plugin)
[10Jan2026 17:51:00.139] [main/DEBUG] [io.netty.util.internal.logging.InternalLoggerFactory/]: Using SLF4J as the default logging framework
[10Jan2026 17:51:00.147] [main/DEBUG] [io.netty.util.ResourceLeakDetector/]: -Dio.netty.leakDetection.level: simple
[10Jan2026 17:51:00.147] [main/DEBUG] [io.netty.util.ResourceLeakDetector/]: -Dio.netty.leakDetection.targetRecords: 4
[10Jan2026 17:51:00.439] [main/INFO] [net.minecraftforge.data.loading.DatagenModLoader/]: Initializing Data Gatherer for mods [boc_custom]
[10Jan2026 17:51:00.443] [main/INFO] [MixinExtras|Service/]: Initializing MixinExtras via com.llamalad7.mixinextras.service.MixinExtrasServiceImpl(version=0.4.1).
[10Jan2026 17:51:00.443] [main/DEBUG] [mixin/]: Registering new injector for @SugarWrapper with com.llamalad7.mixinextras.sugar.impl.SugarWrapperInjectionInfo
[10Jan2026 17:51:00.444] [main/DEBUG] [mixin/]: Registering new injector for @FactoryRedirectWrapper with com.llamalad7.mixinextras.wrapper.factory.FactoryRedirectWrapperInjectionInfo
[10Jan2026 17:51:00.447] [main/DEBUG] [mixin/]: Mixing BuiltInRegistriesMixin from create.mixins.json into net.minecraft.core.registries.BuiltInRegistries
[10Jan2026 17:51:00.452] [main/DEBUG] [mixin/]: Renaming synthetic method lambda$create$ourRegistriesAreNotEmpty$0(Ljava/util/function/Consumer;Lnet/minecraft/core/Registry;)V to mdc52229$lambda$create$ourRegistriesAreNotEmpty$0$0 in create.mixins.json:BuiltInRegistriesMixin
[10Jan2026 17:51:00.459] [main/DEBUG] [mixin/]: Mixing accessor.BuiltInRegistriesAccessor from create.mixins.json into net.minecraft.core.registries.BuiltInRegistries
[10Jan2026 17:51:00.459] [main/DEBUG] [mixin/]: Renaming @Accessor method create$getWRITABLE_REGISTRY()Lnet/minecraft/core/WritableRegistry; to create$getWRITABLE_REGISTRY_$md$c52229$1 in create.mixins.json:accessor.BuiltInRegistriesAccessor
[10Jan2026 17:51:00.691] [main/DEBUG] [mixin/]: Mixing BlockMixin from create.mixins.json into net.minecraft.world.level.block.Block
[10Jan2026 17:51:00.720] [main/DEBUG] [mixin/]: Mixing accessor.StateHolderAccessor from create.mixins.json into net.minecraft.world.level.block.state.StateHolder
[10Jan2026 17:51:00.735] [main/DEBUG] [mixin/]: Mixing accessor.EntityAccessor from ponder-common.mixins.json into net.minecraft.world.entity.Entity
[10Jan2026 17:51:00.738] [main/DEBUG] [mixin/]: Mixing client.EntityContraptionInteractionMixin from create.mixins.json into net.minecraft.world.entity.Entity
[10Jan2026 17:51:00.739] [main/DEBUG] [mixin/]: Renaming synthetic method lambda$create$onSpawnSprintParticle$4(Lnet/minecraft/world/entity/Entity;Lnet/minecraft/core/BlockPos;Lcom/simibubi/create/content/contraptions/Contraption;Lnet/minecraft/world/level/block/state/BlockState;Lnet/minecraft/core/BlockPos;)V to mdc52229$lambda$create$onSpawnSprintParticle$4$0 in create.mixins.json:client.EntityContraptionInteractionMixin
[10Jan2026 17:51:00.739] [main/DEBUG] [mixin/]: Renaming synthetic method lambda$create$onMove$3(Lnet/minecraft/world/phys/Vec3;Lnet/minecraft/world/entity/Entity;Lcom/simibubi/create/content/contraptions/AbstractContraptionEntity;)Z to mdc52229$lambda$create$onMove$3$1 in create.mixins.json:client.EntityContraptionInteractionMixin
[10Jan2026 17:51:00.739] [main/DEBUG] [mixin/]: Renaming synthetic method lambda$create$contraptionStepSounds$2(Lorg/apache/commons/lang3/mutable/MutableBoolean;Lcom/simibubi/create/content/contraptions/Contraption;Lnet/minecraft/world/level/block/state/BlockState;Lnet/minecraft/core/BlockPos;)V to mdc52229$lambda$create$contraptionStepSounds$2$2 in create.mixins.json:client.EntityContraptionInteractionMixin
[10Jan2026 17:51:00.739] [main/DEBUG] [mixin/]: Renaming synthetic method lambda$create$forCollision$1(Lnet/minecraft/world/phys/Vec3;Lorg/apache/logging/log4j/util/TriConsumer;Lcom/simibubi/create/content/contraptions/AbstractContraptionEntity;)V to mdc52229$lambda$create$forCollision$1$3 in create.mixins.json:client.EntityContraptionInteractionMixin
[10Jan2026 17:51:00.739] [main/DEBUG] [mixin/]: Renaming synthetic method lambda$create$getIntersectionContraptionsStream$0(Lcom/simibubi/create/content/contraptions/AbstractContraptionEntity;)Z to mdc52229$lambda$create$getIntersectionContraptionsStream$0$4 in create.mixins.json:client.EntityContraptionInteractionMixin
[10Jan2026 17:51:00.761] [main/DEBUG] [mixin/]: Mixing EntityMixin from create.mixins.json into net.minecraft.world.entity.Entity
[10Jan2026 17:51:00.812] [main/DEBUG] [mixin/]: Mixing CustomItemUseEffectsMixin from create.mixins.json into net.minecraft.world.entity.LivingEntity
[10Jan2026 17:51:00.814] [main/DEBUG] [net.minecraftforge.coremod.transformer.CoreModBaseTransformer/COREMOD]: Transforming net/minecraft/world/item/ItemStack
[10Jan2026 17:51:00.820] [main/DEBUG] [mixin/]: Mixing LavaSwimmingMixin from create.mixins.json into net.minecraft.world.entity.LivingEntity
[10Jan2026 17:51:00.824] [main/DEBUG] [mixin/]: Mixing accessor.LivingEntityAccessor from create.mixins.json into net.minecraft.world.entity.LivingEntity
[10Jan2026 17:51:00.864] [main/DEBUG] [mixin/]: Mixing PlayerMixin from create.mixins.json into net.minecraft.world.entity.player.Player
[10Jan2026 17:51:00.888] [main/DEBUG] [mixin/]: Mixing LevelMixin from flywheel.impl.mixins.json into net.minecraft.world.level.Level
[10Jan2026 17:51:00.905] [main/DEBUG] [mixin/]: Mixing accessor.ServerLevelAccessor from create.mixins.json into net.minecraft.server.level.ServerLevel
[10Jan2026 17:51:00.971] [main/DEBUG] [net.minecraftforge.coremod.transformer.CoreModBaseTransformer/COREMOD]: Transforming net/minecraft/world/entity/EntityType
[10Jan2026 17:51:00.985] [main/DEBUG] [mixin/]: Mixing EntityTypeMixin from flywheel.impl.mixins.json into net.minecraft.world.entity.EntityType
[10Jan2026 17:51:01.008] [main/DEBUG] [mixin/]: Mixing BlockEntityTypeMixin from flywheel.impl.mixins.json into net.minecraft.world.level.block.entity.BlockEntityType
[10Jan2026 17:51:01.359] [main/DEBUG] [net.minecraftforge.coremod.transformer.CoreModBaseTransformer/COREMOD]: Transforming net/minecraft/world/level/block/LiquidBlock
[10Jan2026 17:51:01.367] [main/DEBUG] [mixin/]: Mixing accessor.DispenserBlockAccessor from create.mixins.json into net.minecraft.world.level.block.DispenserBlock
[10Jan2026 17:51:01.381] [main/DEBUG] [net.minecraftforge.coremod.transformer.CoreModBaseTransformer/COREMOD]: Transforming net/minecraft/world/level/block/StairBlock
[10Jan2026 17:51:01.386] [main/DEBUG] [mixin/]: Mixing accessor.CropBlockAccessor from create.mixins.json into net.minecraft.world.level.block.CropBlock
[10Jan2026 17:51:01.438] [main/DEBUG] [net.minecraftforge.coremod.transformer.CoreModBaseTransformer/COREMOD]: Transforming net/minecraft/world/level/block/FlowerPotBlock
[10Jan2026 17:51:01.456] [main/DEBUG] [mixin/]: Mixing ShulkerBoxBlockMixin from create.mixins.json into net.minecraft.world.level.block.ShulkerBoxBlock
[10Jan2026 17:51:01.464] [main/DEBUG] [mixin/]: Mixing accessor.ConcretePowderBlockAccessor from create.mixins.json into net.minecraft.world.level.block.ConcretePowderBlock
[10Jan2026 17:51:01.486] [main/DEBUG] [mixin/]: Mixing BeehiveBlockMixin from create.mixins.json into net.minecraft.world.level.block.BeehiveBlock
[10Jan2026 17:51:01.531] [main/DEBUG] [mixin/]: Mixing WaterWheelFluidSpreadMixin from create.mixins.json into net.minecraft.world.level.material.FlowingFluid
[10Jan2026 17:51:01.538] [main/DEBUG] [mixin/]: Mixing accessor.FlowingFluidAccessor from create.mixins.json into net.minecraft.world.level.material.FlowingFluid
[10Jan2026 17:51:01.594] [main/DEBUG] [mixin/]: Mixing accessor.FallingBlockEntityAccessor from create.mixins.json into net.minecraft.world.entity.item.FallingBlockEntity
[10Jan2026 17:51:01.595] [main/DEBUG] [mixin/]: Renaming @Invoker method create$callInit(Lnet/minecraft/world/level/Level;DDDLnet/minecraft/world/level/block/state/BlockState;)Lnet/minecraft/world/entity/item/FallingBlockEntity; to create$callInit_$md$c52229$0 in create.mixins.json:accessor.FallingBlockEntityAccessor
[10Jan2026 17:51:01.600] [main/DEBUG] [mixin/]: Mixing visualmanage.BlockEntityMixin from flywheel.impl.mixins.json into net.minecraft.world.level.block.entity.BlockEntity
[10Jan2026 17:51:01.947] [main/DEBUG] [net.minecraftforge.coremod.transformer.CoreModBaseTransformer/COREMOD]: Transforming net/minecraft/world/item/ItemStack
[10Jan2026 17:51:02.132] [main/DEBUG] [mixin/]: Mixing SmithingMenuMixin from create.mixins.json into net.minecraft.world.inventory.SmithingMenu
[10Jan2026 17:51:02.134] [main/DEBUG] [mixin/]: Renaming synthetic method lambda$create$preventUnbreakingOnBacktanks$0(Lnet/minecraft/world/item/ItemStack;Ljava/util/Map;Lnet/minecraft/world/item/enchantment/Enchantment;Ljava/lang/Integer;)V to mdc52229$lambda$create$preventUnbreakingOnBacktanks$0$0 in create.mixins.json:SmithingMenuMixin
[10Jan2026 17:51:02.276] [main/DEBUG] [net.minecraftforge.coremod.transformer.CoreModBaseTransformer/COREMOD]: Transforming net/minecraft/world/entity/animal/frog/Tadpole
[10Jan2026 17:51:02.291] [main/DEBUG] [mixin/]: Mixing BlockItemMixin from create.mixins.json into net.minecraft.world.item.BlockItem
[10Jan2026 17:51:02.315] [main/DEBUG] [net.minecraftforge.coremod.transformer.CoreModBaseTransformer/COREMOD]: Transforming net/minecraft/world/item/BucketItem
[10Jan2026 17:51:02.343] [main/DEBUG] [mixin/]: Mixing accessor.SuspiciousStewItemAccessor from create.mixins.json into net.minecraft.world.item.SuspiciousStewItem
[10Jan2026 17:51:02.343] [main/DEBUG] [mixin/]: Renaming @Invoker method create$listPotionEffects(Lnet/minecraft/world/item/ItemStack;Ljava/util/function/Consumer;)V to create$listPotionEffects_$md$c52229$0 in create.mixins.json:accessor.SuspiciousStewItemAccessor
[10Jan2026 17:51:02.843] [main/DEBUG] [net.minecraftforge.coremod.transformer.CoreModBaseTransformer/COREMOD]: Transforming net/minecraft/world/entity/monster/Spider
[10Jan2026 17:51:02.891] [main/DEBUG] [net.minecraftforge.coremod.transformer.CoreModBaseTransformer/COREMOD]: Transforming net/minecraft/world/entity/monster/Zombie
[10Jan2026 17:51:02.908] [main/DEBUG] [net.minecraftforge.coremod.transformer.CoreModBaseTransformer/COREMOD]: Transforming net/minecraft/world/entity/monster/ZombieVillager
[10Jan2026 17:51:02.953] [main/DEBUG] [net.minecraftforge.coremod.transformer.CoreModBaseTransformer/COREMOD]: Transforming net/minecraft/world/entity/monster/Evoker$EvokerSummonSpellGoal
[10Jan2026 17:51:02.964] [main/DEBUG] [mixin/]: Mixing accessor.UseOnContextAccessor from create.mixins.json into net.minecraft.world.item.context.UseOnContext
[10Jan2026 17:51:02.989] [main/DEBUG] [mixin/]: Mixing accessor.ItemFrameAccessor from create.mixins.json into net.minecraft.world.entity.decoration.ItemFrame
[10Jan2026 17:51:03.055] [main/DEBUG] [net.minecraftforge.coremod.transformer.CoreModBaseTransformer/COREMOD]: Transforming net/minecraft/world/entity/animal/horse/SkeletonTrapGoal
[10Jan2026 17:51:03.072] [main/DEBUG] [net.minecraftforge.coremod.transformer.CoreModBaseTransformer/COREMOD]: Transforming net/minecraft/world/entity/monster/Strider
[10Jan2026 17:51:03.178] [main/DEBUG] [mixin/]: Mixing visualmanage.LevelChunkMixin from flywheel.impl.mixins.json into net.minecraft.world.level.chunk.LevelChunk
[10Jan2026 17:51:03.203] [main/DEBUG] [net.minecraftforge.coremod.transformer.CoreModBaseTransformer/COREMOD]: Transforming net/minecraft/world/entity/npc/Villager
[10Jan2026 17:51:03.285] [main/DEBUG] [net.minecraftforge.coremod.transformer.CoreModBaseTransformer/COREMOD]: Transforming net/minecraft/world/effect/MobEffectInstance
[10Jan2026 17:51:03.286] [main/DEBUG] [mixin/]: Mixing accessor.MobEffectInstanceAccessor from create.mixins.json into net.minecraft.world.effect.MobEffectInstance
[10Jan2026 17:51:03.345] [main/DEBUG] [mixin/]: Mixing accessor.AbstractProjectileDispenseBehaviorAccessor from create.mixins.json into net.minecraft.core.dispenser.AbstractProjectileDispenseBehavior
[10Jan2026 17:51:03.453] [main/DEBUG] [mixin/]: Mixing LootingEnchantFunctionMixin from create.mixins.json into net.minecraft.world.level.storage.loot.functions.LootingEnchantFunction
[10Jan2026 17:51:03.575] [main/DEBUG] [net.minecraftforge.coremod.transformer.CoreModBaseTransformer/COREMOD]: Transforming net/minecraft/world/level/levelgen/structure/Structure
[10Jan2026 17:51:03.590] [main/DEBUG] [net.minecraftforge.coremod.transformer.CoreModBaseTransformer/COREMOD]: Transforming net/minecraft/world/level/levelgen/structure/structures/OceanRuinPieces$OceanRuinPiece
[10Jan2026 17:51:03.594] [main/DEBUG] [net.minecraftforge.coremod.transformer.CoreModBaseTransformer/COREMOD]: Transforming net/minecraft/world/level/levelgen/structure/structures/SwampHutPiece
[10Jan2026 17:51:03.597] [main/DEBUG] [net.minecraftforge.coremod.transformer.CoreModBaseTransformer/COREMOD]: Transforming net/minecraft/world/level/levelgen/structure/structures/OceanMonumentPieces$OceanMonumentPiece
[10Jan2026 17:51:03.604] [main/DEBUG] [net.minecraftforge.coremod.transformer.CoreModBaseTransformer/COREMOD]: Transforming net/minecraft/world/level/levelgen/structure/structures/WoodlandMansionPieces$WoodlandMansionPiece
[10Jan2026 17:51:03.651] [main/DEBUG] [net.minecraftforge.coremod.transformer.CoreModBaseTransformer/COREMOD]: Transforming net/minecraft/world/level/biome/Biome
[10Jan2026 17:51:03.757] [main/DEBUG] [net.minecraftforge.registries.GameData/REGISTRIES]: Creating vanilla freeze snapshot
[10Jan2026 17:51:03.762] [main/DEBUG] [net.minecraftforge.registries.ForgeRegistry/REGISTRIES]: Registry minecraft:block Sync: VANILLA -> ACTIVE
[10Jan2026 17:51:03.768] [main/DEBUG] [net.minecraftforge.registries.ForgeRegistry/REGISTRIES]: Registry minecraft:fluid Sync: VANILLA -> ACTIVE
[10Jan2026 17:51:03.768] [main/DEBUG] [net.minecraftforge.registries.ForgeRegistry/REGISTRIES]: Registry minecraft:item Sync: VANILLA -> ACTIVE
[10Jan2026 17:51:03.772] [main/DEBUG] [net.minecraftforge.registries.ForgeRegistry/REGISTRIES]: Registry minecraft:mob_effect Sync: VANILLA -> ACTIVE
[10Jan2026 17:51:03.772] [main/DEBUG] [net.minecraftforge.registries.ForgeRegistry/REGISTRIES]: Registry minecraft:sound_event Sync: VANILLA -> ACTIVE
[10Jan2026 17:51:03.777] [main/DEBUG] [net.minecraftforge.registries.ForgeRegistry/REGISTRIES]: Registry minecraft:potion Sync: VANILLA -> ACTIVE
[10Jan2026 17:51:03.777] [main/DEBUG] [net.minecraftforge.registries.ForgeRegistry/REGISTRIES]: Registry minecraft:enchantment Sync: VANILLA -> ACTIVE
[10Jan2026 17:51:03.778] [main/DEBUG] [net.minecraftforge.registries.ForgeRegistry/REGISTRIES]: Registry minecraft:entity_type Sync: VANILLA -> ACTIVE
[10Jan2026 17:51:03.778] [main/DEBUG] [net.minecraftforge.registries.ForgeRegistry/REGISTRIES]: Registry minecraft:block_entity_type Sync: VANILLA -> ACTIVE
[10Jan2026 17:51:03.778] [main/DEBUG] [net.minecraftforge.registries.ForgeRegistry/REGISTRIES]: Registry minecraft:particle_type Sync: VANILLA -> ACTIVE
[10Jan2026 17:51:03.778] [main/DEBUG] [net.minecraftforge.registries.ForgeRegistry/REGISTRIES]: Registry minecraft:menu Sync: VANILLA -> ACTIVE
[10Jan2026 17:51:03.778] [main/DEBUG] [net.minecraftforge.registries.ForgeRegistry/REGISTRIES]: Registry minecraft:painting_variant Sync: VANILLA -> ACTIVE
[10Jan2026 17:51:03.778] [main/DEBUG] [net.minecraftforge.registries.ForgeRegistry/REGISTRIES]: Registry minecraft:recipe_type Sync: VANILLA -> ACTIVE
[10Jan2026 17:51:03.779] [main/DEBUG] [net.minecraftforge.registries.ForgeRegistry/REGISTRIES]: Registry minecraft:recipe_serializer Sync: VANILLA -> ACTIVE
[10Jan2026 17:51:03.779] [main/DEBUG] [net.minecraftforge.registries.ForgeRegistry/REGISTRIES]: Registry minecraft:attribute Sync: VANILLA -> ACTIVE
[10Jan2026 17:51:03.779] [main/DEBUG] [net.minecraftforge.registries.ForgeRegistry/REGISTRIES]: Registry minecraft:stat_type Sync: VANILLA -> ACTIVE
[10Jan2026 17:51:03.779] [main/DEBUG] [net.minecraftforge.registries.ForgeRegistry/REGISTRIES]: Registry minecraft:command_argument_type Sync: VANILLA -> ACTIVE
[10Jan2026 17:51:03.779] [main/DEBUG] [net.minecraftforge.registries.ForgeRegistry/REGISTRIES]: Registry minecraft:villager_profession Sync: VANILLA -> ACTIVE
[10Jan2026 17:51:03.779] [main/DEBUG] [net.minecraftforge.registries.ForgeRegistry/REGISTRIES]: Registry minecraft:point_of_interest_type Sync: VANILLA -> ACTIVE
[10Jan2026 17:51:03.780] [main/DEBUG] [net.minecraftforge.registries.ForgeRegistry/REGISTRIES]: Registry minecraft:memory_module_type Sync: VANILLA -> ACTIVE
[10Jan2026 17:51:03.780] [main/DEBUG] [net.minecraftforge.registries.ForgeRegistry/REGISTRIES]: Registry minecraft:sensor_type Sync: VANILLA -> ACTIVE
[10Jan2026 17:51:03.781] [main/DEBUG] [net.minecraftforge.registries.ForgeRegistry/REGISTRIES]: Registry minecraft:schedule Sync: VANILLA -> ACTIVE
[10Jan2026 17:51:03.781] [main/DEBUG] [net.minecraftforge.registries.ForgeRegistry/REGISTRIES]: Registry minecraft:activity Sync: VANILLA -> ACTIVE
[10Jan2026 17:51:03.781] [main/DEBUG] [net.minecraftforge.registries.ForgeRegistry/REGISTRIES]: Registry minecraft:worldgen/carver Sync: VANILLA -> ACTIVE
[10Jan2026 17:51:03.781] [main/DEBUG] [net.minecraftforge.registries.ForgeRegistry/REGISTRIES]: Registry minecraft:worldgen/feature Sync: VANILLA -> ACTIVE
[10Jan2026 17:51:03.781] [main/DEBUG] [net.minecraftforge.registries.ForgeRegistry/REGISTRIES]: Registry minecraft:chunk_status Sync: VANILLA -> ACTIVE
[10Jan2026 17:51:03.781] [main/DEBUG] [net.minecraftforge.registries.ForgeRegistry/REGISTRIES]: Registry minecraft:worldgen/block_state_provider_type Sync: VANILLA -> ACTIVE
[10Jan2026 17:51:03.781] [main/DEBUG] [net.minecraftforge.registries.ForgeRegistry/REGISTRIES]: Registry minecraft:worldgen/foliage_placer_type Sync: VANILLA -> ACTIVE
[10Jan2026 17:51:03.781] [main/DEBUG] [net.minecraftforge.registries.ForgeRegistry/REGISTRIES]: Registry minecraft:worldgen/tree_decorator_type Sync: VANILLA -> ACTIVE
[10Jan2026 17:51:03.781] [main/DEBUG] [net.minecraftforge.registries.ForgeRegistry/REGISTRIES]: Registry minecraft:worldgen/biome Sync: VANILLA -> ACTIVE
[10Jan2026 17:51:03.785] [main/DEBUG] [net.minecraftforge.registries.GameData/REGISTRIES]: Vanilla freeze snapshot created
[10Jan2026 17:51:03.811] [main/DEBUG] [io.netty.util.internal.PlatformDependent0/]: -Dio.netty.noUnsafe: false
[10Jan2026 17:51:03.812] [main/DEBUG] [io.netty.util.internal.PlatformDependent0/]: Java version: 17
[10Jan2026 17:51:03.812] [main/DEBUG] [io.netty.util.internal.PlatformDependent0/]: sun.misc.Unsafe.theUnsafe: available
[10Jan2026 17:51:03.812] [main/DEBUG] [io.netty.util.internal.PlatformDependent0/]: sun.misc.Unsafe.copyMemory: available
[10Jan2026 17:51:03.813] [main/DEBUG] [io.netty.util.internal.PlatformDependent0/]: sun.misc.Unsafe.storeFence: available
[10Jan2026 17:51:03.813] [main/DEBUG] [io.netty.util.internal.PlatformDependent0/]: java.nio.Buffer.address: available
[10Jan2026 17:51:03.813] [main/DEBUG] [io.netty.util.internal.PlatformDependent0/]: direct buffer constructor: unavailable
java.lang.UnsupportedOperationException: Reflective setAccessible(true) disabled
	at io.netty.util.internal.ReflectionUtil.trySetAccessible(ReflectionUtil.java:31) ~[netty-common-4.1.82.Final.jar:4.1.82.Final]
	at io.netty.util.internal.PlatformDependent0$5.run(PlatformDependent0.java:288) ~[netty-common-4.1.82.Final.jar:4.1.82.Final]
	at java.security.AccessController.doPrivileged(AccessController.java:318) ~[?:?]
	at io.netty.util.internal.PlatformDependent0.<clinit>(PlatformDependent0.java:282) ~[netty-common-4.1.82.Final.jar:4.1.82.Final]
	at io.netty.util.internal.PlatformDependent.isAndroid(PlatformDependent.java:333) ~[netty-common-4.1.82.Final.jar:4.1.82.Final]
	at io.netty.util.internal.PlatformDependent.<clinit>(PlatformDependent.java:88) ~[netty-common-4.1.82.Final.jar:4.1.82.Final]
	at io.netty.util.ConstantPool.<init>(ConstantPool.java:34) ~[netty-common-4.1.82.Final.jar:4.1.82.Final]
	at io.netty.util.AttributeKey$1.<init>(AttributeKey.java:27) ~[netty-common-4.1.82.Final.jar:4.1.82.Final]
	at io.netty.util.AttributeKey.<clinit>(AttributeKey.java:27) ~[netty-common-4.1.82.Final.jar:4.1.82.Final]
	at net.minecraftforge.network.NetworkConstants.<clinit>(NetworkConstants.java:34) ~[forge-1.20.1-47.4.10_mapped_parchment_2023.09.03-1.20.1-recomp.jar:?]
	at net.minecraftforge.network.NetworkHooks.init(NetworkHooks.java:52) ~[forge-1.20.1-47.4.10_mapped_parchment_2023.09.03-1.20.1-recomp.jar:?]
	at net.minecraft.server.Bootstrap.bootStrap(Bootstrap.java:66) ~[forge-1.20.1-47.4.10_mapped_parchment_2023.09.03-1.20.1-recomp.jar:?]
	at net.minecraftforge.data.loading.DatagenModLoader.begin(DatagenModLoader.java:42) ~[forge-1.20.1-47.4.10_mapped_parchment_2023.09.03-1.20.1-recomp.jar:?]
	at net.minecraft.data.Main.main(Main.java:90) ~[forge-1.20.1-47.4.10_mapped_parchment_2023.09.03-1.20.1-recomp.jar:?]
	at jdk.internal.reflect.NativeMethodAccessorImpl.invoke0(Native Method) ~[?:?]
	at jdk.internal.reflect.NativeMethodAccessorImpl.invoke(NativeMethodAccessorImpl.java:77) ~[?:?]
	at jdk.internal.reflect.DelegatingMethodAccessorImpl.invoke(DelegatingMethodAccessorImpl.java:43) ~[?:?]
	at java.lang.reflect.Method.invoke(Method.java:568) ~[?:?]
	at net.minecraftforge.fml.loading.targets.CommonLaunchHandler.runTarget(CommonLaunchHandler.java:111) ~[fmlloader-1.20.1-47.4.10.jar:?]
	at net.minecraftforge.fml.loading.targets.CommonLaunchHandler.dataService(CommonLaunchHandler.java:107) ~[fmlloader-1.20.1-47.4.10.jar:?]
	at net.minecraftforge.fml.loading.targets.ForgeDataUserdevLaunchHandler.devService(ForgeDataUserdevLaunchHandler.java:22) ~[fmlloader-1.20.1-47.4.10.jar:?]
	at net.minecraftforge.fml.loading.targets.CommonDevLaunchHandler.lambda$makeService$7(CommonDevLaunchHandler.java:135) ~[fmlloader-1.20.1-47.4.10.jar:?]
	at cpw.mods.modlauncher.LaunchServiceHandlerDecorator.launch(LaunchServiceHandlerDecorator.java:30) ~[modlauncher-10.0.9.jar:?]
	at cpw.mods.modlauncher.LaunchServiceHandler.launch(LaunchServiceHandler.java:53) ~[modlauncher-10.0.9.jar:?]
	at cpw.mods.modlauncher.LaunchServiceHandler.launch(LaunchServiceHandler.java:71) ~[modlauncher-10.0.9.jar:?]
	at cpw.mods.modlauncher.Launcher.run(Launcher.java:108) ~[modlauncher-10.0.9.jar:?]
	at cpw.mods.modlauncher.Launcher.main(Launcher.java:78) ~[modlauncher-10.0.9.jar:?]
	at cpw.mods.modlauncher.BootstrapLaunchConsumer.accept(BootstrapLaunchConsumer.java:26) ~[modlauncher-10.0.9.jar:?]
	at cpw.mods.modlauncher.BootstrapLaunchConsumer.accept(BootstrapLaunchConsumer.java:23) ~[modlauncher-10.0.9.jar:?]
	at cpw.mods.bootstraplauncher.BootstrapLauncher.main(BootstrapLauncher.java:141) ~[bootstraplauncher-1.1.2.jar:?]
[10Jan2026 17:51:03.850] [main/DEBUG] [io.netty.util.internal.PlatformDependent0/]: java.nio.Bits.unaligned: available, true
[10Jan2026 17:51:03.851] [main/DEBUG] [io.netty.util.internal.PlatformDependent0/]: jdk.internal.misc.Unsafe.allocateUninitializedArray(int): unavailable
java.lang.IllegalAccessException: class io.netty.util.internal.PlatformDependent0$7 (in module io.netty.common) cannot access class jdk.internal.misc.Unsafe (in module java.base) because module java.base does not export jdk.internal.misc to module io.netty.common
	at jdk.internal.reflect.Reflection.newIllegalAccessException(Reflection.java:392) ~[?:?]
	at java.lang.reflect.AccessibleObject.checkAccess(AccessibleObject.java:674) ~[?:?]
	at java.lang.reflect.Method.invoke(Method.java:560) ~[?:?]
	at io.netty.util.internal.PlatformDependent0$7.run(PlatformDependent0.java:410) ~[netty-common-4.1.82.Final.jar:4.1.82.Final]
	at java.security.AccessController.doPrivileged(AccessController.java:318) ~[?:?]
	at io.netty.util.internal.PlatformDependent0.<clinit>(PlatformDependent0.java:401) ~[netty-common-4.1.82.Final.jar:4.1.82.Final]
	at io.netty.util.internal.PlatformDependent.isAndroid(PlatformDependent.java:333) ~[netty-common-4.1.82.Final.jar:4.1.82.Final]
	at io.netty.util.internal.PlatformDependent.<clinit>(PlatformDependent.java:88) ~[netty-common-4.1.82.Final.jar:4.1.82.Final]
	at io.netty.util.ConstantPool.<init>(ConstantPool.java:34) ~[netty-common-4.1.82.Final.jar:4.1.82.Final]
	at io.netty.util.AttributeKey$1.<init>(AttributeKey.java:27) ~[netty-common-4.1.82.Final.jar:4.1.82.Final]
	at io.netty.util.AttributeKey.<clinit>(AttributeKey.java:27) ~[netty-common-4.1.82.Final.jar:4.1.82.Final]
	at net.minecraftforge.network.NetworkConstants.<clinit>(NetworkConstants.java:34) ~[forge-1.20.1-47.4.10_mapped_parchment_2023.09.03-1.20.1-recomp.jar:?]
	at net.minecraftforge.network.NetworkHooks.init(NetworkHooks.java:52) ~[forge-1.20.1-47.4.10_mapped_parchment_2023.09.03-1.20.1-recomp.jar:?]
	at net.minecraft.server.Bootstrap.bootStrap(Bootstrap.java:66) ~[forge-1.20.1-47.4.10_mapped_parchment_2023.09.03-1.20.1-recomp.jar:?]
	at net.minecraftforge.data.loading.DatagenModLoader.begin(DatagenModLoader.java:42) ~[forge-1.20.1-47.4.10_mapped_parchment_2023.09.03-1.20.1-recomp.jar:?]
	at net.minecraft.data.Main.main(Main.java:90) ~[forge-1.20.1-47.4.10_mapped_parchment_2023.09.03-1.20.1-recomp.jar:?]
	at jdk.internal.reflect.NativeMethodAccessorImpl.invoke0(Native Method) ~[?:?]
	at jdk.internal.reflect.NativeMethodAccessorImpl.invoke(NativeMethodAccessorImpl.java:77) ~[?:?]
	at jdk.internal.reflect.DelegatingMethodAccessorImpl.invoke(DelegatingMethodAccessorImpl.java:43) ~[?:?]
	at java.lang.reflect.Method.invoke(Method.java:568) ~[?:?]
	at net.minecraftforge.fml.loading.targets.CommonLaunchHandler.runTarget(CommonLaunchHandler.java:111) ~[fmlloader-1.20.1-47.4.10.jar:?]
	at net.minecraftforge.fml.loading.targets.CommonLaunchHandler.dataService(CommonLaunchHandler.java:107) ~[fmlloader-1.20.1-47.4.10.jar:?]
	at net.minecraftforge.fml.loading.targets.ForgeDataUserdevLaunchHandler.devService(ForgeDataUserdevLaunchHandler.java:22) ~[fmlloader-1.20.1-47.4.10.jar:?]
	at net.minecraftforge.fml.loading.targets.CommonDevLaunchHandler.lambda$makeService$7(CommonDevLaunchHandler.java:135) ~[fmlloader-1.20.1-47.4.10.jar:?]
	at cpw.mods.modlauncher.LaunchServiceHandlerDecorator.launch(LaunchServiceHandlerDecorator.java:30) ~[modlauncher-10.0.9.jar:?]
	at cpw.mods.modlauncher.LaunchServiceHandler.launch(LaunchServiceHandler.java:53) ~[modlauncher-10.0.9.jar:?]
	at cpw.mods.modlauncher.LaunchServiceHandler.launch(LaunchServiceHandler.java:71) ~[modlauncher-10.0.9.jar:?]
	at cpw.mods.modlauncher.Launcher.run(Launcher.java:108) ~[modlauncher-10.0.9.jar:?]
	at cpw.mods.modlauncher.Launcher.main(Launcher.java:78) ~[modlauncher-10.0.9.jar:?]
	at cpw.mods.modlauncher.BootstrapLaunchConsumer.accept(BootstrapLaunchConsumer.java:26) ~[modlauncher-10.0.9.jar:?]
	at cpw.mods.modlauncher.BootstrapLaunchConsumer.accept(BootstrapLaunchConsumer.java:23) ~[modlauncher-10.0.9.jar:?]
	at cpw.mods.bootstraplauncher.BootstrapLauncher.main(BootstrapLauncher.java:141) ~[bootstraplauncher-1.1.2.jar:?]
[10Jan2026 17:51:03.852] [main/DEBUG] [io.netty.util.internal.PlatformDependent0/]: java.nio.DirectByteBuffer.<init>(long, int): unavailable
[10Jan2026 17:51:03.853] [main/DEBUG] [io.netty.util.internal.PlatformDependent/]: sun.misc.Unsafe: available
[10Jan2026 17:51:03.854] [main/DEBUG] [io.netty.util.internal.PlatformDependent/]: maxDirectMemory: 17104371712 bytes (maybe)
[10Jan2026 17:51:03.854] [main/DEBUG] [io.netty.util.internal.PlatformDependent/]: -Dio.netty.tmpdir: C:\Users\ASHERR~1\AppData\Local\Temp (java.io.tmpdir)
[10Jan2026 17:51:03.854] [main/DEBUG] [io.netty.util.internal.PlatformDependent/]: -Dio.netty.bitMode: 64 (sun.arch.data.model)
[10Jan2026 17:51:03.854] [main/DEBUG] [io.netty.util.internal.PlatformDependent/]: Platform: Windows
[10Jan2026 17:51:03.855] [main/DEBUG] [io.netty.util.internal.PlatformDependent/]: -Dio.netty.maxDirectMemory: -1 bytes
[10Jan2026 17:51:03.855] [main/DEBUG] [io.netty.util.internal.PlatformDependent/]: -Dio.netty.uninitializedArrayAllocationThreshold: -1
[10Jan2026 17:51:03.857] [main/DEBUG] [io.netty.util.internal.CleanerJava9/]: java.nio.ByteBuffer.cleaner(): available
[10Jan2026 17:51:03.857] [main/DEBUG] [io.netty.util.internal.PlatformDependent/]: -Dio.netty.noPreferDirect: false
[10Jan2026 17:51:03.930] [main/DEBUG] [net.minecraftforge.network.NetworkHooks/]: Loading Network data for FML net version: FML3
[10Jan2026 17:51:03.941] [main/DEBUG] [net.minecraftforge.fml.ModWorkManager/LOADING]: Using 24 threads for parallel mod-loading
[10Jan2026 17:51:03.946] [main/DEBUG] [net.minecraftforge.fml.javafmlmod.FMLJavaModLanguageProvider/LOADING]: Loading FMLModContainer from classloader cpw.mods.modlauncher.TransformingClassLoader@6a0f2853 - got cpw.mods.cl.ModuleClassLoader@2eb79cbe
[10Jan2026 17:51:03.947] [main/DEBUG] [net.minecraftforge.fml.javafmlmod.FMLModContainer/LOADING]: Creating FMLModContainer instance for com.llamalad7.mixinextras.platform.forge.MixinExtrasMod
[10Jan2026 17:51:03.948] [main/DEBUG] [net.minecraftforge.fml.javafmlmod.FMLJavaModLanguageProvider/LOADING]: Loading FMLModContainer from classloader cpw.mods.modlauncher.TransformingClassLoader@6a0f2853 - got cpw.mods.cl.ModuleClassLoader@2eb79cbe
[10Jan2026 17:51:03.948] [main/DEBUG] [net.minecraftforge.fml.javafmlmod.FMLModContainer/LOADING]: Creating FMLModContainer instance for net.minecraftforge.common.ForgeMod
[10Jan2026 17:51:03.950] [main/DEBUG] [net.minecraftforge.fml.javafmlmod.FMLJavaModLanguageProvider/LOADING]: Loading FMLModContainer from classloader cpw.mods.modlauncher.TransformingClassLoader@6a0f2853 - got cpw.mods.cl.ModuleClassLoader@2eb79cbe
[10Jan2026 17:51:03.950] [main/DEBUG] [net.minecraftforge.fml.javafmlmod.FMLModContainer/LOADING]: Creating FMLModContainer instance for dev.engine_room.flywheel.impl.FlywheelForge
[10Jan2026 17:51:03.950] [main/DEBUG] [net.minecraftforge.fml.javafmlmod.FMLJavaModLanguageProvider/LOADING]: Loading FMLModContainer from classloader cpw.mods.modlauncher.TransformingClassLoader@6a0f2853 - got cpw.mods.cl.ModuleClassLoader@2eb79cbe
[10Jan2026 17:51:03.950] [main/DEBUG] [net.minecraftforge.fml.javafmlmod.FMLModContainer/LOADING]: Creating FMLModContainer instance for net.createmod.ponder.ForgePonder
[10Jan2026 17:51:03.951] [main/DEBUG] [net.minecraftforge.fml.javafmlmod.FMLJavaModLanguageProvider/LOADING]: Loading FMLModContainer from classloader cpw.mods.modlauncher.TransformingClassLoader@6a0f2853 - got cpw.mods.cl.ModuleClassLoader@2eb79cbe
[10Jan2026 17:51:03.951] [main/DEBUG] [net.minecraftforge.fml.javafmlmod.FMLModContainer/LOADING]: Creating FMLModContainer instance for com.simibubi.create.Create
[10Jan2026 17:51:03.951] [main/DEBUG] [net.minecraftforge.fml.javafmlmod.FMLJavaModLanguageProvider/LOADING]: Loading FMLModContainer from classloader cpw.mods.modlauncher.TransformingClassLoader@6a0f2853 - got cpw.mods.cl.ModuleClassLoader@2eb79cbe
[10Jan2026 17:51:03.951] [main/DEBUG] [net.minecraftforge.fml.javafmlmod.FMLModContainer/LOADING]: Creating FMLModContainer instance for net.AsherRoland.BoCCustom.BocCustom
[10Jan2026 17:51:03.959] [modloading-worker-0/INFO] [com.simibubi.create.Create/]: Create 6.0.8 initializing! Commit hash: 1a1a9a2819b4f89f78caec41b55ed8cb222fa24b
[10Jan2026 17:51:03.959] [modloading-worker-0/DEBUG] [net.minecraftforge.fml.javafmlmod.AutomaticEventSubscriber/LOADING]: Attempting to inject @EventBusSubscriber classes into the eventbus for mixinextras
[10Jan2026 17:51:03.985] [modloading-worker-0/DEBUG] [net.minecraftforge.versions.forge.ForgeVersion/CORE]: Forge Version package package net.minecraftforge.versions.forge, Forge, version 47.4 from cpw.mods.modlauncher.TransformingClassLoader@6a0f2853
[10Jan2026 17:51:03.985] [modloading-worker-0/DEBUG] [net.minecraftforge.versions.forge.ForgeVersion/CORE]: Found Forge version 47.4.10
[10Jan2026 17:51:03.985] [modloading-worker-0/DEBUG] [net.minecraftforge.versions.forge.ForgeVersion/CORE]: Found Forge spec 47.4
[10Jan2026 17:51:03.985] [modloading-worker-0/DEBUG] [net.minecraftforge.versions.forge.ForgeVersion/CORE]: Found Forge group net.minecraftforge
[10Jan2026 17:51:03.986] [modloading-worker-0/DEBUG] [net.minecraftforge.versions.mcp.MCPVersion/CORE]: MCP Version package package net.minecraftforge.versions.mcp, Minecraft, version 1.20.1 from cpw.mods.modlauncher.TransformingClassLoader@6a0f2853
[10Jan2026 17:51:03.986] [modloading-worker-0/DEBUG] [net.minecraftforge.versions.mcp.MCPVersion/CORE]: Found MC version information 1.20.1
[10Jan2026 17:51:03.987] [modloading-worker-0/DEBUG] [net.minecraftforge.versions.mcp.MCPVersion/CORE]: Found MCP version information 20230612.114412
[10Jan2026 17:51:03.987] [modloading-worker-0/INFO] [net.minecraftforge.common.ForgeMod/FORGEMOD]: Forge mod loading, version 47.4.10, for MC 1.20.1 with MCP 20230612.114412
[10Jan2026 17:51:03.987] [modloading-worker-0/INFO] [net.minecraftforge.common.MinecraftForge/FORGE]: MinecraftForge v47.4.10 Initialized
[10Jan2026 17:51:03.998] [modloading-worker-0/DEBUG] [net.minecraftforge.fml.config.ConfigTracker/CONFIG]: Config file flywheel-client.toml for flywheel tracking
[10Jan2026 17:51:03.998] [modloading-worker-0/DEBUG] [net.minecraftforge.fml.config.ConfigTracker/CONFIG]: Config file ponder-client.toml for ponder tracking
[10Jan2026 17:51:03.999] [modloading-worker-0/DEBUG] [net.minecraftforge.fml.javafmlmod.AutomaticEventSubscriber/LOADING]: Attempting to inject @EventBusSubscriber classes into the eventbus for ponder
[10Jan2026 17:51:04.005] [modloading-worker-0/DEBUG] [net.minecraftforge.fml.javafmlmod.AutomaticEventSubscriber/LOADING]: Auto-subscribing net.createmod.ponder.ForgePonderClient$ModBusClientEvents to MOD
[10Jan2026 17:51:04.007] [modloading-worker-0/DEBUG] [mixin/]: Mixing compat.xaeros.XaeroPauseScreenOverrideMixin from create.mixins.json into net.minecraft.client.gui.screens.Screen
[10Jan2026 17:51:04.011] [modloading-worker-0/DEBUG] [mixin/]: Mixing client.HeavyBootsOnPlayerMixin from create.mixins.json into net.minecraft.client.player.LocalPlayer
[10Jan2026 17:51:04.017] [modloading-worker-0/DEBUG] [net.minecraftforge.fml.javafmlmod.AutomaticEventSubscriber/LOADING]: Attempting to inject @EventBusSubscriber classes into the eventbus for boc_custom
[10Jan2026 17:51:04.017] [modloading-worker-0/DEBUG] [net.minecraftforge.fml.javafmlmod.AutomaticEventSubscriber/LOADING]: Auto-subscribing net.AsherRoland.BoCCustom.BocCustom$ClientModEvents to MOD
[10Jan2026 17:51:04.021] [modloading-worker-0/DEBUG] [net.minecraftforge.fml.javafmlmod.AutomaticEventSubscriber/LOADING]: Auto-subscribing net.AsherRoland.BoCCustom.datagen.DataGenerators to MOD
[10Jan2026 17:51:04.024] [modloading-worker-0/DEBUG] [mixin/]: Mixing OptionsMixin from flywheel.backend.mixins.json into net.minecraft.client.Options
[10Jan2026 17:51:04.031] [modloading-worker-0/DEBUG] [mixin/]: Mixing AbstractClientPlayerAccessor from flywheel.backend.mixins.json into net.minecraft.client.player.AbstractClientPlayer
[10Jan2026 17:51:04.041] [modloading-worker-0/DEBUG] [com.tterrag.registrate.AbstractRegistrate/REGISTRATE.REGISTER]: Captured registration for entry death_count of type create:display_source
[10Jan2026 17:51:04.043] [modloading-worker-0/DEBUG] [com.tterrag.registrate.AbstractRegistrate/REGISTRATE.REGISTER]: Captured registration for entry scoreboard of type create:display_source
[10Jan2026 17:51:04.047] [modloading-worker-0/DEBUG] [com.tterrag.registrate.AbstractRegistrate/REGISTRATE.REGISTER]: Captured registration for entry enchant_power of type create:display_source
[10Jan2026 17:51:04.050] [modloading-worker-0/DEBUG] [com.tterrag.registrate.AbstractRegistrate/REGISTRATE.REGISTER]: Captured registration for entry redstone_power of type create:display_source
[10Jan2026 17:51:04.052] [modloading-worker-0/DEBUG] [com.tterrag.registrate.AbstractRegistrate/REGISTRATE.REGISTER]: Captured registration for entry nixie_tube of type create:display_source
[10Jan2026 17:51:04.054] [modloading-worker-0/DEBUG] [mixin/]: Mixing MinecraftMixin from flywheel.impl.mixins.json into net.minecraft.client.Minecraft
[10Jan2026 17:51:04.054] [modloading-worker-0/DEBUG] [com.tterrag.registrate.AbstractRegistrate/REGISTRATE.REGISTER]: Captured registration for entry item_names of type create:display_source
[10Jan2026 17:51:04.055] [modloading-worker-0/DEBUG] [mixin/]: Mixing client.WindowResizeMixin from ponder-common.mixins.json into net.minecraft.client.Minecraft
[10Jan2026 17:51:04.074] [modloading-worker-0/DEBUG] [com.tterrag.registrate.AbstractRegistrate/REGISTRATE.REGISTER]: Captured registration for entry boiler of type create:display_source
[10Jan2026 17:51:04.077] [modloading-worker-0/DEBUG] [net.minecraftforge.fml.javafmlmod.AutomaticEventSubscriber/LOADING]: Auto-subscribing net.createmod.ponder.ForgePonderClient$ClientEvents to FORGE
[10Jan2026 17:51:04.077] [modloading-worker-0/DEBUG] [com.tterrag.registrate.AbstractRegistrate/REGISTRATE.REGISTER]: Captured registration for entry current_floor of type create:display_source
[10Jan2026 17:51:04.079] [modloading-worker-0/DEBUG] [com.tterrag.registrate.AbstractRegistrate/REGISTRATE.REGISTER]: Captured registration for entry fill_level of type create:display_source
[10Jan2026 17:51:04.081] [modloading-worker-0/DEBUG] [com.tterrag.registrate.AbstractRegistrate/REGISTRATE.REGISTER]: Captured registration for entry gauge_status of type create:display_source
[10Jan2026 17:51:04.083] [modloading-worker-0/DEBUG] [com.tterrag.registrate.AbstractRegistrate/REGISTRATE.REGISTER]: Captured registration for entry entity_name of type create:display_source
[10Jan2026 17:51:04.085] [modloading-worker-0/DEBUG] [com.tterrag.registrate.AbstractRegistrate/REGISTRATE.REGISTER]: Captured registration for entry time_of_day of type create:display_source
[10Jan2026 17:51:04.086] [modloading-worker-0/DEBUG] [net.minecraftforge.fml.config.ConfigTracker/CONFIG]: Config file forge-client.toml for forge tracking
[10Jan2026 17:51:04.086] [modloading-worker-0/DEBUG] [net.minecraftforge.fml.config.ConfigTracker/CONFIG]: Config file forge-server.toml for forge tracking
[10Jan2026 17:51:04.086] [modloading-worker-0/DEBUG] [net.minecraftforge.fml.ModLoadingContext/]: Attempted to register an empty config for type COMMON on mod forge
[10Jan2026 17:51:04.088] [modloading-worker-0/DEBUG] [com.tterrag.registrate.AbstractRegistrate/REGISTRATE.REGISTER]: Captured registration for entry stopwatch of type create:display_source
[10Jan2026 17:51:04.090] [modloading-worker-0/DEBUG] [mixin/]: Mixing accessor.FontAccessor from create.mixins.json into net.minecraft.client.gui.Font
[10Jan2026 17:51:04.090] [modloading-worker-0/DEBUG] [com.tterrag.registrate.AbstractRegistrate/REGISTRATE.REGISTER]: Captured registration for entry kinetic_speed of type create:display_source
[10Jan2026 17:51:04.094] [modloading-worker-0/DEBUG] [com.tterrag.registrate.AbstractRegistrate/REGISTRATE.REGISTER]: Captured registration for entry kinetic_stress of type create:display_source
[10Jan2026 17:51:04.098] [modloading-worker-0/DEBUG] [com.tterrag.registrate.AbstractRegistrate/REGISTRATE.REGISTER]: Captured registration for entry station_summary of type create:display_source
[10Jan2026 17:51:04.099] [modloading-worker-0/DEBUG] [com.tterrag.registrate.AbstractRegistrate/REGISTRATE.REGISTER]: Captured registration for entry train_status of type create:display_source
[10Jan2026 17:51:04.101] [modloading-worker-0/DEBUG] [com.tterrag.registrate.AbstractRegistrate/REGISTRATE.REGISTER]: Captured registration for entry observed_train_name of type create:display_source
[10Jan2026 17:51:04.104] [modloading-worker-0/DEBUG] [com.tterrag.registrate.AbstractRegistrate/REGISTRATE.REGISTER]: Captured registration for entry accumulate_items of type create:display_source
[10Jan2026 17:51:04.105] [modloading-worker-0/DEBUG] [mixin/]: Mixing LevelRendererAccessor from flywheel.backend.mixins.json into net.minecraft.client.renderer.LevelRenderer
[10Jan2026 17:51:04.107] [modloading-worker-0/DEBUG] [com.tterrag.registrate.AbstractRegistrate/REGISTRATE.REGISTER]: Captured registration for entry item_throughput of type create:display_source
[10Jan2026 17:51:04.109] [modloading-worker-0/DEBUG] [mixin/]: Mixing fix.FixFabulousDepthMixin from flywheel.impl.mixins.json into net.minecraft.client.renderer.LevelRenderer
[10Jan2026 17:51:04.109] [modloading-worker-0/DEBUG] [mixin/]: Mixing visualmanage.LevelRendererMixin from flywheel.impl.mixins.json into net.minecraft.client.renderer.LevelRenderer
[10Jan2026 17:51:04.110] [modloading-worker-0/DEBUG] [mixin/]: Mixing accessor.LevelRendererAccessor from create.mixins.json into net.minecraft.client.renderer.LevelRenderer
[10Jan2026 17:51:04.117] [modloading-worker-0/DEBUG] [mixin/]: Mixing client.LevelRendererMixin from create.mixins.json into net.minecraft.client.renderer.LevelRenderer
[10Jan2026 17:51:04.117] [modloading-worker-0/DEBUG] [mixin/]: Renaming synthetic method lambda$create$onDestroyBlockProgress$0(J)Ljava/util/SortedSet; to mdc52229$lambda$create$onDestroyBlockProgress$0$0 in create.mixins.json:client.LevelRendererMixin
[10Jan2026 17:51:04.120] [modloading-worker-0/DEBUG] [mixin/]: Mixing LevelRendererMixin from flywheel.impl.mixins.json into net.minecraft.client.renderer.LevelRenderer
[10Jan2026 17:51:04.169] [modloading-worker-0/DEBUG] [com.tterrag.registrate.AbstractRegistrate/REGISTRATE.REGISTER]: Captured registration for entry count_items of type create:display_source
[10Jan2026 17:51:04.171] [modloading-worker-0/DEBUG] [com.tterrag.registrate.AbstractRegistrate/REGISTRATE.REGISTER]: Captured registration for entry list_items of type create:display_source
[10Jan2026 17:51:04.173] [modloading-worker-0/DEBUG] [com.tterrag.registrate.AbstractRegistrate/REGISTRATE.REGISTER]: Captured registration for entry count_fluids of type create:display_source
[10Jan2026 17:51:04.175] [modloading-worker-0/DEBUG] [com.tterrag.registrate.AbstractRegistrate/REGISTRATE.REGISTER]: Captured registration for entry list_fluids of type create:display_source
[10Jan2026 17:51:04.177] [modloading-worker-0/DEBUG] [com.tterrag.registrate.AbstractRegistrate/REGISTRATE.REGISTER]: Captured registration for entry read_package_address of type create:display_source
[10Jan2026 17:51:04.180] [modloading-worker-0/DEBUG] [com.tterrag.registrate.AbstractRegistrate/REGISTRATE.REGISTER]: Captured registration for entry computer of type create:display_source
[10Jan2026 17:51:04.182] [modloading-worker-0/DEBUG] [mixin/]: Mixing PoseStackAccessor from flywheel.impl.mixins.json into com.mojang.blaze3d.vertex.PoseStack
[10Jan2026 17:51:04.185] [modloading-worker-0/DEBUG] [mixin/]: Mixing PoseStackMixin from flywheel.impl.mixins.json into com.mojang.blaze3d.vertex.PoseStack
[10Jan2026 17:51:04.187] [modloading-worker-0/DEBUG] [mixin/]: Mixing fix.FixNormalScalingMixin from flywheel.impl.mixins.json into com.mojang.blaze3d.vertex.PoseStack
[10Jan2026 17:51:04.202] [modloading-worker-0/DEBUG] [com.tterrag.registrate.AbstractRegistrate/REGISTRATE.REGISTER]: Captured registration for entry sign of type create:display_target
[10Jan2026 17:51:04.203] [modloading-worker-0/DEBUG] [mixin/]: Mixing client.CameraMixin from create.mixins.json into net.minecraft.client.Camera
[10Jan2026 17:51:04.209] [modloading-worker-0/DEBUG] [com.tterrag.registrate.AbstractRegistrate/REGISTRATE.REGISTER]: Captured registration for entry lectern of type create:display_target
[10Jan2026 17:51:04.211] [modloading-worker-0/DEBUG] [net.minecraftforge.fml.javafmlmod.AutomaticEventSubscriber/LOADING]: Auto-subscribing net.createmod.ponder.ForgePonder$ModBusEvents to MOD
[10Jan2026 17:51:04.211] [modloading-worker-0/DEBUG] [net.minecraftforge.fml.javafmlmod.AutomaticEventSubscriber/LOADING]: Attempting to inject @EventBusSubscriber classes into the eventbus for forge
[10Jan2026 17:51:04.211] [modloading-worker-0/DEBUG] [net.minecraftforge.fml.javafmlmod.AutomaticEventSubscriber/LOADING]: Auto-subscribing net.minecraftforge.common.ForgeSpawnEggItem$CommonHandler to MOD
[10Jan2026 17:51:04.212] [modloading-worker-0/DEBUG] [net.minecraftforge.fml.javafmlmod.AutomaticEventSubscriber/LOADING]: Auto-subscribing net.createmod.ponder.ForgePonder$Events to FORGE
[10Jan2026 17:51:04.213] [modloading-worker-0/DEBUG] [net.minecraftforge.fml.javafmlmod.AutomaticEventSubscriber/LOADING]: Auto-subscribing net.minecraftforge.common.ForgeSpawnEggItem$ColorRegisterHandler to MOD
[10Jan2026 17:51:04.214] [modloading-worker-0/DEBUG] [com.tterrag.registrate.AbstractRegistrate/REGISTRATE.REGISTER]: Captured registration for entry display_board of type create:display_target
[10Jan2026 17:51:04.216] [modloading-worker-0/DEBUG] [com.tterrag.registrate.AbstractRegistrate/REGISTRATE.REGISTER]: Captured registration for entry nixie_tube of type create:display_target
[10Jan2026 17:51:04.217] [modloading-worker-0/DEBUG] [net.minecraftforge.fml.javafmlmod.AutomaticEventSubscriber/LOADING]: Auto-subscribing net.minecraftforge.client.model.data.ModelDataManager to FORGE
[10Jan2026 17:51:04.219] [modloading-worker-0/DEBUG] [net.minecraftforge.fml.javafmlmod.AutomaticEventSubscriber/LOADING]: Auto-subscribing net.minecraftforge.client.ForgeHooksClient$ClientEvents to MOD
[10Jan2026 17:51:04.229] [modloading-worker-0/DEBUG] [net.minecraftforge.fml.javafmlmod.AutomaticEventSubscriber/LOADING]: Auto-subscribing net.minecraftforge.client.ClientForgeMod to MOD
[10Jan2026 17:51:04.242] [modloading-worker-0/DEBUG] [net.minecraftforge.fml.javafmlmod.AutomaticEventSubscriber/LOADING]: Attempting to inject @EventBusSubscriber classes into the eventbus for flywheel
[10Jan2026 17:51:04.262] [modloading-worker-0/DEBUG] [mixin/]: Mixing accessor.BlockLootSubProviderAccessor from create.mixins.json into net.minecraft.data.loot.BlockLootSubProvider
[10Jan2026 17:51:04.262] [modloading-worker-0/DEBUG] [mixin/]: Renaming @Accessor method create$HAS_SILK_TOUCH()Lnet/minecraft/world/level/storage/loot/predicates/LootItemCondition$Builder; to create$HAS_SILK_TOUCH_$md$c52229$0 in create.mixins.json:accessor.BlockLootSubProviderAccessor
[10Jan2026 17:51:04.273] [modloading-worker-0/DEBUG] [com.tterrag.registrate.AbstractRegistrate/REGISTRATE.REGISTER]: Captured registration for entry schematicannon of type minecraft:item
[10Jan2026 17:51:04.274] [modloading-worker-0/DEBUG] [com.tterrag.registrate.AbstractRegistrate/REGISTRATE.REGISTER]: Captured registration for entry schematicannon of type minecraft:block
[10Jan2026 17:51:04.274] [modloading-worker-0/DEBUG] [com.tterrag.registrate.AbstractRegistrate/REGISTRATE.REGISTER]: Captured registration for entry schematic_table of type minecraft:item
[10Jan2026 17:51:04.275] [modloading-worker-0/DEBUG] [com.tterrag.registrate.AbstractRegistrate/REGISTRATE.REGISTER]: Captured registration for entry schematic_table of type minecraft:block
[10Jan2026 17:51:04.281] [modloading-worker-0/DEBUG] [com.tterrag.registrate.AbstractRegistrate/REGISTRATE.REGISTER]: Captured registration for entry shaft of type minecraft:item
[10Jan2026 17:51:04.281] [modloading-worker-0/DEBUG] [com.tterrag.registrate.AbstractRegistrate/REGISTRATE.REGISTER]: Captured registration for entry shaft of type minecraft:block
[10Jan2026 17:51:04.283] [modloading-worker-0/DEBUG] [com.tterrag.registrate.AbstractRegistrate/REGISTRATE.REGISTER]: Captured registration for entry cogwheel of type minecraft:item
[10Jan2026 17:51:04.283] [modloading-worker-0/DEBUG] [com.tterrag.registrate.AbstractRegistrate/REGISTRATE.REGISTER]: Captured registration for entry cogwheel of type minecraft:block
[10Jan2026 17:51:04.284] [modloading-worker-0/DEBUG] [com.tterrag.registrate.AbstractRegistrate/REGISTRATE.REGISTER]: Captured registration for entry large_cogwheel of type minecraft:item
[10Jan2026 17:51:04.284] [modloading-worker-0/DEBUG] [com.tterrag.registrate.AbstractRegistrate/REGISTRATE.REGISTER]: Captured registration for entry large_cogwheel of type minecraft:block
[10Jan2026 17:51:04.292] [modloading-worker-0/DEBUG] [com.tterrag.registrate.AbstractRegistrate/REGISTRATE.REGISTER]: Captured registration for entry andesite_encased_shaft of type minecraft:item
[10Jan2026 17:51:04.292] [modloading-worker-0/DEBUG] [com.tterrag.registrate.AbstractRegistrate/REGISTRATE.REGISTER]: Captured registration for entry andesite_encased_shaft of type minecraft:block
[10Jan2026 17:51:04.293] [modloading-worker-0/DEBUG] [com.tterrag.registrate.AbstractRegistrate/REGISTRATE.REGISTER]: Captured registration for entry brass_encased_shaft of type minecraft:item
[10Jan2026 17:51:04.293] [modloading-worker-0/DEBUG] [com.tterrag.registrate.AbstractRegistrate/REGISTRATE.REGISTER]: Captured registration for entry brass_encased_shaft of type minecraft:block
[10Jan2026 17:51:04.294] [modloading-worker-0/DEBUG] [mixin/]: Mixing client.accessor.RenderTypeAccessor from ponder-common.mixins.json into net.minecraft.client.renderer.RenderType
[10Jan2026 17:51:04.295] [modloading-worker-0/DEBUG] [mixin/]: Renaming @Invoker method catnip$create(Ljava/lang/String;Lcom/mojang/blaze3d/vertex/VertexFormat;Lcom/mojang/blaze3d/vertex/VertexFormat$Mode;IZZLnet/minecraft/client/renderer/RenderType$CompositeState;)Lnet/minecraft/client/renderer/RenderType$CompositeRenderType; to catnip$create_$md$c52229$0 in ponder-common.mixins.json:client.accessor.RenderTypeAccessor
[10Jan2026 17:51:04.306] [modloading-worker-0/DEBUG] [mixin/]: Mixing client.accessor.GameRendererAccessor from ponder-common.mixins.json into net.minecraft.client.renderer.GameRenderer
[10Jan2026 17:51:04.309] [modloading-worker-0/DEBUG] [mixin/]: Mixing client.GameRendererMixin from create.mixins.json into net.minecraft.client.renderer.GameRenderer
[10Jan2026 17:51:04.335] [modloading-worker-0/DEBUG] [com.tterrag.registrate.AbstractRegistrate/REGISTRATE.REGISTER]: Captured registration for entry andesite_encased_cogwheel of type minecraft:item
[10Jan2026 17:51:04.335] [modloading-worker-0/DEBUG] [com.tterrag.registrate.AbstractRegistrate/REGISTRATE.REGISTER]: Captured registration for entry andesite_encased_cogwheel of type minecraft:block
[10Jan2026 17:51:04.336] [modloading-worker-0/DEBUG] [com.tterrag.registrate.AbstractRegistrate/REGISTRATE.REGISTER]: Captured registration for entry brass_encased_cogwheel of type minecraft:item
[10Jan2026 17:51:04.336] [modloading-worker-0/DEBUG] [com.tterrag.registrate.AbstractRegistrate/REGISTRATE.REGISTER]: Captured registration for entry brass_encased_cogwheel of type minecraft:block
[10Jan2026 17:51:04.337] [modloading-worker-0/DEBUG] [com.tterrag.registrate.AbstractRegistrate/REGISTRATE.REGISTER]: Captured registration for entry andesite_encased_large_cogwheel of type minecraft:item
[10Jan2026 17:51:04.337] [modloading-worker-0/DEBUG] [com.tterrag.registrate.AbstractRegistrate/REGISTRATE.REGISTER]: Captured registration for entry andesite_encased_large_cogwheel of type minecraft:block
[10Jan2026 17:51:04.337] [modloading-worker-0/DEBUG] [com.tterrag.registrate.AbstractRegistrate/REGISTRATE.REGISTER]: Captured registration for entry brass_encased_large_cogwheel of type minecraft:item
[10Jan2026 17:51:04.337] [modloading-worker-0/DEBUG] [com.tterrag.registrate.AbstractRegistrate/REGISTRATE.REGISTER]: Captured registration for entry brass_encased_large_cogwheel of type minecraft:block
[10Jan2026 17:51:04.338] [modloading-worker-0/DEBUG] [com.tterrag.registrate.AbstractRegistrate/REGISTRATE.REGISTER]: Captured registration for entry gearbox of type minecraft:item
[10Jan2026 17:51:04.338] [modloading-worker-0/DEBUG] [com.tterrag.registrate.AbstractRegistrate/REGISTRATE.REGISTER]: Captured registration for entry gearbox of type minecraft:block
[10Jan2026 17:51:04.339] [modloading-worker-0/DEBUG] [com.tterrag.registrate.AbstractRegistrate/REGISTRATE.REGISTER]: Captured registration for entry clutch of type minecraft:item
[10Jan2026 17:51:04.339] [modloading-worker-0/DEBUG] [com.tterrag.registrate.AbstractRegistrate/REGISTRATE.REGISTER]: Captured registration for entry clutch of type minecraft:block
[10Jan2026 17:51:04.340] [modloading-worker-0/DEBUG] [com.tterrag.registrate.AbstractRegistrate/REGISTRATE.REGISTER]: Captured registration for entry gearshift of type minecraft:item
[10Jan2026 17:51:04.340] [modloading-worker-0/DEBUG] [com.tterrag.registrate.AbstractRegistrate/REGISTRATE.REGISTER]: Captured registration for entry gearshift of type minecraft:block
[10Jan2026 17:51:04.341] [modloading-worker-0/DEBUG] [com.tterrag.registrate.AbstractRegistrate/REGISTRATE.REGISTER]: Captured registration for entry encased_chain_drive of type minecraft:item
[10Jan2026 17:51:04.342] [modloading-worker-0/DEBUG] [com.tterrag.registrate.AbstractRegistrate/REGISTRATE.REGISTER]: Captured registration for entry encased_chain_drive of type minecraft:block
[10Jan2026 17:51:04.342] [modloading-worker-0/DEBUG] [com.tterrag.registrate.AbstractRegistrate/REGISTRATE.REGISTER]: Captured registration for entry adjustable_chain_gearshift of type minecraft:item
[10Jan2026 17:51:04.342] [modloading-worker-0/DEBUG] [com.tterrag.registrate.AbstractRegistrate/REGISTRATE.REGISTER]: Captured registration for entry adjustable_chain_gearshift of type minecraft:block
[10Jan2026 17:51:04.346] [modloading-worker-0/DEBUG] [com.tterrag.registrate.AbstractRegistrate/REGISTRATE.REGISTER]: Captured registration for entry belt of type minecraft:block
[10Jan2026 17:51:04.347] [modloading-worker-0/DEBUG] [com.tterrag.registrate.AbstractRegistrate/REGISTRATE.REGISTER]: Captured registration for entry chain_conveyor of type minecraft:item
[10Jan2026 17:51:04.347] [modloading-worker-0/DEBUG] [com.tterrag.registrate.AbstractRegistrate/REGISTRATE.REGISTER]: Captured registration for entry chain_conveyor of type minecraft:block
[10Jan2026 17:51:04.350] [modloading-worker-0/DEBUG] [com.tterrag.registrate.AbstractRegistrate/REGISTRATE.REGISTER]: Captured registration for entry creative_motor of type minecraft:item
[10Jan2026 17:51:04.350] [modloading-worker-0/DEBUG] [com.tterrag.registrate.AbstractRegistrate/REGISTRATE.REGISTER]: Captured registration for entry creative_motor of type minecraft:block
[10Jan2026 17:51:04.352] [modloading-worker-0/DEBUG] [com.tterrag.registrate.AbstractRegistrate/REGISTRATE.REGISTER]: Captured registration for entry water_wheel of type minecraft:item
[10Jan2026 17:51:04.352] [modloading-worker-0/DEBUG] [com.tterrag.registrate.AbstractRegistrate/REGISTRATE.REGISTER]: Captured registration for entry water_wheel of type minecraft:block
[10Jan2026 17:51:04.354] [modloading-worker-0/DEBUG] [com.tterrag.registrate.AbstractRegistrate/REGISTRATE.REGISTER]: Captured registration for entry large_water_wheel of type minecraft:item
[10Jan2026 17:51:04.354] [modloading-worker-0/DEBUG] [com.tterrag.registrate.AbstractRegistrate/REGISTRATE.REGISTER]: Captured registration for entry large_water_wheel of type minecraft:block
[10Jan2026 17:51:04.355] [modloading-worker-0/DEBUG] [com.tterrag.registrate.AbstractRegistrate/REGISTRATE.REGISTER]: Captured registration for entry water_wheel_structure of type minecraft:block
[10Jan2026 17:51:04.356] [modloading-worker-0/DEBUG] [com.tterrag.registrate.AbstractRegistrate/REGISTRATE.REGISTER]: Captured registration for entry encased_fan of type minecraft:item
[10Jan2026 17:51:04.356] [modloading-worker-0/DEBUG] [com.tterrag.registrate.AbstractRegistrate/REGISTRATE.REGISTER]: Captured registration for entry encased_fan of type minecraft:block
[10Jan2026 17:51:04.356] [modloading-worker-0/DEBUG] [com.tterrag.registrate.AbstractRegistrate/REGISTRATE.REGISTER]: Captured registration for entry nozzle of type minecraft:item
[10Jan2026 17:51:04.356] [modloading-worker-0/DEBUG] [com.tterrag.registrate.AbstractRegistrate/REGISTRATE.REGISTER]: Captured registration for entry nozzle of type minecraft:block
[10Jan2026 17:51:04.357] [modloading-worker-0/DEBUG] [com.tterrag.registrate.AbstractRegistrate/REGISTRATE.REGISTER]: Captured registration for entry turntable of type minecraft:item
[10Jan2026 17:51:04.358] [modloading-worker-0/DEBUG] [com.tterrag.registrate.AbstractRegistrate/REGISTRATE.REGISTER]: Captured registration for entry turntable of type minecraft:block
[10Jan2026 17:51:04.359] [modloading-worker-0/DEBUG] [com.tterrag.registrate.AbstractRegistrate/REGISTRATE.REGISTER]: Captured registration for entry hand_crank of type minecraft:item
[10Jan2026 17:51:04.359] [modloading-worker-0/DEBUG] [com.tterrag.registrate.AbstractRegistrate/REGISTRATE.REGISTER]: Captured registration for entry hand_crank of type minecraft:block
[10Jan2026 17:51:04.360] [modloading-worker-0/DEBUG] [com.tterrag.registrate.AbstractRegistrate/REGISTRATE.REGISTER]: Captured registration for entry cuckoo_clock of type minecraft:item
[10Jan2026 17:51:04.360] [modloading-worker-0/DEBUG] [com.tterrag.registrate.AbstractRegistrate/REGISTRATE.REGISTER]: Captured registration for entry cuckoo_clock of type minecraft:block
[10Jan2026 17:51:04.361] [modloading-worker-0/DEBUG] [com.tterrag.registrate.AbstractRegistrate/REGISTRATE.REGISTER]: Captured registration for entry mysterious_cuckoo_clock of type minecraft:item
[10Jan2026 17:51:04.361] [modloading-worker-0/DEBUG] [com.tterrag.registrate.AbstractRegistrate/REGISTRATE.REGISTER]: Captured registration for entry mysterious_cuckoo_clock of type minecraft:block
[10Jan2026 17:51:04.362] [modloading-worker-0/DEBUG] [com.tterrag.registrate.AbstractRegistrate/REGISTRATE.REGISTER]: Captured registration for entry millstone of type minecraft:item
[10Jan2026 17:51:04.362] [modloading-worker-0/DEBUG] [com.tterrag.registrate.AbstractRegistrate/REGISTRATE.REGISTER]: Captured registration for entry millstone of type minecraft:block
[10Jan2026 17:51:04.364] [modloading-worker-0/DEBUG] [com.tterrag.registrate.AbstractRegistrate/REGISTRATE.REGISTER]: Captured registration for entry crushing_wheel of type minecraft:item
[10Jan2026 17:51:04.365] [modloading-worker-0/DEBUG] [com.tterrag.registrate.AbstractRegistrate/REGISTRATE.REGISTER]: Captured registration for entry crushing_wheel of type minecraft:block
[10Jan2026 17:51:04.367] [modloading-worker-0/DEBUG] [com.tterrag.registrate.AbstractRegistrate/REGISTRATE.REGISTER]: Captured registration for entry crushing_wheel_controller of type minecraft:block
[10Jan2026 17:51:04.370] [modloading-worker-0/DEBUG] [com.tterrag.registrate.AbstractRegistrate/REGISTRATE.REGISTER]: Captured registration for entry mechanical_press of type minecraft:item
[10Jan2026 17:51:04.370] [modloading-worker-0/DEBUG] [com.tterrag.registrate.AbstractRegistrate/REGISTRATE.REGISTER]: Captured registration for entry mechanical_press of type minecraft:block
[10Jan2026 17:51:04.372] [modloading-worker-0/DEBUG] [com.tterrag.registrate.AbstractRegistrate/REGISTRATE.REGISTER]: Captured registration for entry mechanical_mixer of type minecraft:item
[10Jan2026 17:51:04.373] [modloading-worker-0/DEBUG] [com.tterrag.registrate.AbstractRegistrate/REGISTRATE.REGISTER]: Captured registration for entry mechanical_mixer of type minecraft:block
[10Jan2026 17:51:04.376] [modloading-worker-0/DEBUG] [com.tterrag.registrate.AbstractRegistrate/REGISTRATE.REGISTER]: Captured registration for entry basin of type minecraft:item
[10Jan2026 17:51:04.376] [modloading-worker-0/DEBUG] [com.tterrag.registrate.AbstractRegistrate/REGISTRATE.REGISTER]: Captured registration for entry basin of type minecraft:block
[10Jan2026 17:51:04.378] [modloading-worker-0/DEBUG] [com.tterrag.registrate.AbstractRegistrate/REGISTRATE.REGISTER]: Captured registration for entry blaze_burner of type minecraft:item
[10Jan2026 17:51:04.379] [modloading-worker-0/DEBUG] [com.tterrag.registrate.AbstractRegistrate/REGISTRATE.REGISTER]: Captured registration for entry blaze_burner of type minecraft:block
[10Jan2026 17:51:04.379] [modloading-worker-0/DEBUG] [com.tterrag.registrate.AbstractRegistrate/REGISTRATE.REGISTER]: Captured registration for entry lit_blaze_burner of type minecraft:block
[10Jan2026 17:51:04.383] [modloading-worker-0/DEBUG] [com.tterrag.registrate.AbstractRegistrate/REGISTRATE.REGISTER]: Captured registration for entry fallback of type create:mounted_item_storage_type
[10Jan2026 17:51:04.383] [modloading-worker-0/DEBUG] [com.tterrag.registrate.AbstractRegistrate/REGISTRATE.REGISTER]: Captured registration for entry creative_crate of type create:mounted_item_storage_type
[10Jan2026 17:51:04.384] [modloading-worker-0/DEBUG] [com.tterrag.registrate.AbstractRegistrate/REGISTRATE.REGISTER]: Captured registration for entry vault of type create:mounted_item_storage_type
[10Jan2026 17:51:04.386] [modloading-worker-0/DEBUG] [com.tterrag.registrate.AbstractRegistrate/REGISTRATE.REGISTER]: Captured registration for entry toolbox of type create:mounted_item_storage_type
[10Jan2026 17:51:04.387] [modloading-worker-0/DEBUG] [com.tterrag.registrate.AbstractRegistrate/REGISTRATE.REGISTER]: Captured registration for entry depot of type create:mounted_item_storage_type
[10Jan2026 17:51:04.389] [modloading-worker-0/DEBUG] [com.tterrag.registrate.AbstractRegistrate/REGISTRATE.REGISTER]: Captured registration for entry fluid_tank of type create:mounted_fluid_storage_type
[10Jan2026 17:51:04.390] [modloading-worker-0/DEBUG] [com.tterrag.registrate.AbstractRegistrate/REGISTRATE.REGISTER]: Captured registration for entry creative_fluid_tank of type create:mounted_fluid_storage_type
[10Jan2026 17:51:04.390] [modloading-worker-0/DEBUG] [com.tterrag.registrate.AbstractRegistrate/REGISTRATE.REGISTER]: Captured registration for entry simple of type create:mounted_item_storage_type
[10Jan2026 17:51:04.391] [modloading-worker-0/DEBUG] [com.tterrag.registrate.AbstractRegistrate/REGISTRATE.REGISTER]: Captured registration for entry chest of type create:mounted_item_storage_type
[10Jan2026 17:51:04.392] [modloading-worker-0/DEBUG] [com.tterrag.registrate.AbstractRegistrate/REGISTRATE.REGISTER]: Captured registration for entry dispenser of type create:mounted_item_storage_type
[10Jan2026 17:51:04.393] [modloading-worker-0/DEBUG] [com.tterrag.registrate.AbstractRegistrate/REGISTRATE.REGISTER]: Captured registration for entry depot of type minecraft:item
[10Jan2026 17:51:04.393] [modloading-worker-0/DEBUG] [com.tterrag.registrate.AbstractRegistrate/REGISTRATE.REGISTER]: Captured registration for entry depot of type minecraft:block
[10Jan2026 17:51:04.397] [modloading-worker-0/DEBUG] [com.tterrag.registrate.AbstractRegistrate/REGISTRATE.REGISTER]: Captured registration for entry weighted_ejector of type minecraft:item
[10Jan2026 17:51:04.397] [modloading-worker-0/DEBUG] [com.tterrag.registrate.AbstractRegistrate/REGISTRATE.REGISTER]: Captured registration for entry weighted_ejector of type minecraft:block
[10Jan2026 17:51:04.402] [modloading-worker-0/DEBUG] [com.tterrag.registrate.AbstractRegistrate/REGISTRATE.REGISTER]: Captured registration for entry chute of type minecraft:item
[10Jan2026 17:51:04.402] [modloading-worker-0/DEBUG] [com.tterrag.registrate.AbstractRegistrate/REGISTRATE.REGISTER]: Captured registration for entry chute of type minecraft:block
[10Jan2026 17:51:04.405] [modloading-worker-0/DEBUG] [com.tterrag.registrate.AbstractRegistrate/REGISTRATE.REGISTER]: Captured registration for entry smart_chute of type minecraft:item
[10Jan2026 17:51:04.405] [modloading-worker-0/DEBUG] [com.tterrag.registrate.AbstractRegistrate/REGISTRATE.REGISTER]: Captured registration for entry smart_chute of type minecraft:block
[10Jan2026 17:51:04.408] [modloading-worker-0/DEBUG] [com.tterrag.registrate.AbstractRegistrate/REGISTRATE.REGISTER]: Captured registration for entry speedometer of type minecraft:item
[10Jan2026 17:51:04.408] [modloading-worker-0/DEBUG] [com.tterrag.registrate.AbstractRegistrate/REGISTRATE.REGISTER]: Captured registration for entry speedometer of type minecraft:block
[10Jan2026 17:51:04.409] [modloading-worker-0/DEBUG] [com.tterrag.registrate.AbstractRegistrate/REGISTRATE.REGISTER]: Captured registration for entry stressometer of type minecraft:item
[10Jan2026 17:51:04.409] [modloading-worker-0/DEBUG] [com.tterrag.registrate.AbstractRegistrate/REGISTRATE.REGISTER]: Captured registration for entry stressometer of type minecraft:block
[10Jan2026 17:51:04.411] [modloading-worker-0/DEBUG] [com.tterrag.registrate.AbstractRegistrate/REGISTRATE.REGISTER]: Captured registration for entry wooden_bracket of type minecraft:item
[10Jan2026 17:51:04.411] [modloading-worker-0/DEBUG] [com.tterrag.registrate.AbstractRegistrate/REGISTRATE.REGISTER]: Captured registration for entry wooden_bracket of type minecraft:block
[10Jan2026 17:51:04.412] [modloading-worker-0/DEBUG] [com.tterrag.registrate.AbstractRegistrate/REGISTRATE.REGISTER]: Captured registration for entry metal_bracket of type minecraft:item
[10Jan2026 17:51:04.412] [modloading-worker-0/DEBUG] [com.tterrag.registrate.AbstractRegistrate/REGISTRATE.REGISTER]: Captured registration for entry metal_bracket of type minecraft:block
[10Jan2026 17:51:04.413] [modloading-worker-0/DEBUG] [com.tterrag.registrate.AbstractRegistrate/REGISTRATE.REGISTER]: Captured registration for entry fluid_pipe of type minecraft:item
[10Jan2026 17:51:04.413] [modloading-worker-0/DEBUG] [com.tterrag.registrate.AbstractRegistrate/REGISTRATE.REGISTER]: Captured registration for entry fluid_pipe of type minecraft:block
[10Jan2026 17:51:04.413] [modloading-worker-0/DEBUG] [com.tterrag.registrate.AbstractRegistrate/REGISTRATE.REGISTER]: Captured registration for entry encased_fluid_pipe of type minecraft:block
[10Jan2026 17:51:04.414] [modloading-worker-0/DEBUG] [com.tterrag.registrate.AbstractRegistrate/REGISTRATE.REGISTER]: Captured registration for entry glass_fluid_pipe of type minecraft:block
[10Jan2026 17:51:04.415] [modloading-worker-0/DEBUG] [com.tterrag.registrate.AbstractRegistrate/REGISTRATE.REGISTER]: Captured registration for entry mechanical_pump of type minecraft:item
[10Jan2026 17:51:04.415] [modloading-worker-0/DEBUG] [com.tterrag.registrate.AbstractRegistrate/REGISTRATE.REGISTER]: Captured registration for entry mechanical_pump of type minecraft:block
[10Jan2026 17:51:04.417] [modloading-worker-0/DEBUG] [com.tterrag.registrate.AbstractRegistrate/REGISTRATE.REGISTER]: Captured registration for entry smart_fluid_pipe of type minecraft:item
[10Jan2026 17:51:04.417] [modloading-worker-0/DEBUG] [com.tterrag.registrate.AbstractRegistrate/REGISTRATE.REGISTER]: Captured registration for entry smart_fluid_pipe of type minecraft:block
[10Jan2026 17:51:04.418] [modloading-worker-0/DEBUG] [com.tterrag.registrate.AbstractRegistrate/REGISTRATE.REGISTER]: Captured registration for entry fluid_valve of type minecraft:item
[10Jan2026 17:51:04.418] [modloading-worker-0/DEBUG] [com.tterrag.registrate.AbstractRegistrate/REGISTRATE.REGISTER]: Captured registration for entry fluid_valve of type minecraft:block
[10Jan2026 17:51:04.419] [modloading-worker-0/DEBUG] [com.tterrag.registrate.AbstractRegistrate/REGISTRATE.REGISTER]: Captured registration for entry copper_valve_handle of type minecraft:item
[10Jan2026 17:51:04.420] [modloading-worker-0/DEBUG] [com.tterrag.registrate.AbstractRegistrate/REGISTRATE.REGISTER]: Captured registration for entry copper_valve_handle of type minecraft:block
[10Jan2026 17:51:04.420] [modloading-worker-0/DEBUG] [com.tterrag.registrate.AbstractRegistrate/REGISTRATE.REGISTER]: Captured registration for entry white_valve_handle of type minecraft:item
[10Jan2026 17:51:04.421] [modloading-worker-0/DEBUG] [com.tterrag.registrate.AbstractRegistrate/REGISTRATE.REGISTER]: Captured registration for entry white_valve_handle of type minecraft:block
[10Jan2026 17:51:04.421] [modloading-worker-0/DEBUG] [com.tterrag.registrate.AbstractRegistrate/REGISTRATE.REGISTER]: Captured registration for entry orange_valve_handle of type minecraft:item
[10Jan2026 17:51:04.421] [modloading-worker-0/DEBUG] [com.tterrag.registrate.AbstractRegistrate/REGISTRATE.REGISTER]: Captured registration for entry orange_valve_handle of type minecraft:block
[10Jan2026 17:51:04.421] [modloading-worker-0/DEBUG] [com.tterrag.registrate.AbstractRegistrate/REGISTRATE.REGISTER]: Captured registration for entry magenta_valve_handle of type minecraft:item
[10Jan2026 17:51:04.421] [modloading-worker-0/DEBUG] [com.tterrag.registrate.AbstractRegistrate/REGISTRATE.REGISTER]: Captured registration for entry magenta_valve_handle of type minecraft:block
[10Jan2026 17:51:04.421] [modloading-worker-0/DEBUG] [com.tterrag.registrate.AbstractRegistrate/REGISTRATE.REGISTER]: Captured registration for entry light_blue_valve_handle of type minecraft:item
[10Jan2026 17:51:04.421] [modloading-worker-0/DEBUG] [com.tterrag.registrate.AbstractRegistrate/REGISTRATE.REGISTER]: Captured registration for entry light_blue_valve_handle of type minecraft:block
[10Jan2026 17:51:04.421] [modloading-worker-0/DEBUG] [com.tterrag.registrate.AbstractRegistrate/REGISTRATE.REGISTER]: Captured registration for entry yellow_valve_handle of type minecraft:item
[10Jan2026 17:51:04.421] [modloading-worker-0/DEBUG] [com.tterrag.registrate.AbstractRegistrate/REGISTRATE.REGISTER]: Captured registration for entry yellow_valve_handle of type minecraft:block
[10Jan2026 17:51:04.421] [modloading-worker-0/DEBUG] [com.tterrag.registrate.AbstractRegistrate/REGISTRATE.REGISTER]: Captured registration for entry lime_valve_handle of type minecraft:item
[10Jan2026 17:51:04.421] [modloading-worker-0/DEBUG] [com.tterrag.registrate.AbstractRegistrate/REGISTRATE.REGISTER]: Captured registration for entry lime_valve_handle of type minecraft:block
[10Jan2026 17:51:04.421] [modloading-worker-0/DEBUG] [com.tterrag.registrate.AbstractRegistrate/REGISTRATE.REGISTER]: Captured registration for entry pink_valve_handle of type minecraft:item
[10Jan2026 17:51:04.421] [modloading-worker-0/DEBUG] [com.tterrag.registrate.AbstractRegistrate/REGISTRATE.REGISTER]: Captured registration for entry pink_valve_handle of type minecraft:block
[10Jan2026 17:51:04.422] [modloading-worker-0/DEBUG] [com.tterrag.registrate.AbstractRegistrate/REGISTRATE.REGISTER]: Captured registration for entry gray_valve_handle of type minecraft:item
[10Jan2026 17:51:04.422] [modloading-worker-0/DEBUG] [com.tterrag.registrate.AbstractRegistrate/REGISTRATE.REGISTER]: Captured registration for entry gray_valve_handle of type minecraft:block
[10Jan2026 17:51:04.422] [modloading-worker-0/DEBUG] [com.tterrag.registrate.AbstractRegistrate/REGISTRATE.REGISTER]: Captured registration for entry light_gray_valve_handle of type minecraft:item
[10Jan2026 17:51:04.422] [modloading-worker-0/DEBUG] [com.tterrag.registrate.AbstractRegistrate/REGISTRATE.REGISTER]: Captured registration for entry light_gray_valve_handle of type minecraft:block
[10Jan2026 17:51:04.422] [modloading-worker-0/DEBUG] [com.tterrag.registrate.AbstractRegistrate/REGISTRATE.REGISTER]: Captured registration for entry cyan_valve_handle of type minecraft:item
[10Jan2026 17:51:04.422] [modloading-worker-0/DEBUG] [com.tterrag.registrate.AbstractRegistrate/REGISTRATE.REGISTER]: Captured registration for entry cyan_valve_handle of type minecraft:block
[10Jan2026 17:51:04.422] [modloading-worker-0/DEBUG] [com.tterrag.registrate.AbstractRegistrate/REGISTRATE.REGISTER]: Captured registration for entry purple_valve_handle of type minecraft:item
[10Jan2026 17:51:04.422] [modloading-worker-0/DEBUG] [com.tterrag.registrate.AbstractRegistrate/REGISTRATE.REGISTER]: Captured registration for entry purple_valve_handle of type minecraft:block
[10Jan2026 17:51:04.422] [modloading-worker-0/DEBUG] [com.tterrag.registrate.AbstractRegistrate/REGISTRATE.REGISTER]: Captured registration for entry blue_valve_handle of type minecraft:item
[10Jan2026 17:51:04.422] [modloading-worker-0/DEBUG] [com.tterrag.registrate.AbstractRegistrate/REGISTRATE.REGISTER]: Captured registration for entry blue_valve_handle of type minecraft:block
[10Jan2026 17:51:04.422] [modloading-worker-0/DEBUG] [com.tterrag.registrate.AbstractRegistrate/REGISTRATE.REGISTER]: Captured registration for entry brown_valve_handle of type minecraft:item
[10Jan2026 17:51:04.422] [modloading-worker-0/DEBUG] [com.tterrag.registrate.AbstractRegistrate/REGISTRATE.REGISTER]: Captured registration for entry brown_valve_handle of type minecraft:block
[10Jan2026 17:51:04.422] [modloading-worker-0/DEBUG] [com.tterrag.registrate.AbstractRegistrate/REGISTRATE.REGISTER]: Captured registration for entry green_valve_handle of type minecraft:item
[10Jan2026 17:51:04.422] [modloading-worker-0/DEBUG] [com.tterrag.registrate.AbstractRegistrate/REGISTRATE.REGISTER]: Captured registration for entry green_valve_handle of type minecraft:block
[10Jan2026 17:51:04.423] [modloading-worker-0/DEBUG] [com.tterrag.registrate.AbstractRegistrate/REGISTRATE.REGISTER]: Captured registration for entry red_valve_handle of type minecraft:item
[10Jan2026 17:51:04.423] [modloading-worker-0/DEBUG] [com.tterrag.registrate.AbstractRegistrate/REGISTRATE.REGISTER]: Captured registration for entry red_valve_handle of type minecraft:block
[10Jan2026 17:51:04.423] [modloading-worker-0/DEBUG] [com.tterrag.registrate.AbstractRegistrate/REGISTRATE.REGISTER]: Captured registration for entry black_valve_handle of type minecraft:item
[10Jan2026 17:51:04.423] [modloading-worker-0/DEBUG] [com.tterrag.registrate.AbstractRegistrate/REGISTRATE.REGISTER]: Captured registration for entry black_valve_handle of type minecraft:block
[10Jan2026 17:51:04.427] [modloading-worker-0/DEBUG] [com.tterrag.registrate.AbstractRegistrate/REGISTRATE.REGISTER]: Captured registration for entry fluid_tank of type minecraft:item
[10Jan2026 17:51:04.427] [modloading-worker-0/DEBUG] [com.tterrag.registrate.AbstractRegistrate/REGISTRATE.REGISTER]: Captured registration for entry fluid_tank of type minecraft:block
[10Jan2026 17:51:04.429] [modloading-worker-0/DEBUG] [com.tterrag.registrate.AbstractRegistrate/REGISTRATE.REGISTER]: Captured registration for entry creative_fluid_tank of type minecraft:item
[10Jan2026 17:51:04.429] [modloading-worker-0/DEBUG] [com.tterrag.registrate.AbstractRegistrate/REGISTRATE.REGISTER]: Captured registration for entry creative_fluid_tank of type minecraft:block
[10Jan2026 17:51:04.430] [modloading-worker-0/DEBUG] [com.tterrag.registrate.AbstractRegistrate/REGISTRATE.REGISTER]: Captured registration for entry hose_pulley of type minecraft:item
[10Jan2026 17:51:04.430] [modloading-worker-0/DEBUG] [com.tterrag.registrate.AbstractRegistrate/REGISTRATE.REGISTER]: Captured registration for entry hose_pulley of type minecraft:block
[10Jan2026 17:51:04.431] [modloading-worker-0/DEBUG] [com.tterrag.registrate.AbstractRegistrate/REGISTRATE.REGISTER]: Captured registration for entry item_drain of type minecraft:item
[10Jan2026 17:51:04.432] [modloading-worker-0/DEBUG] [com.tterrag.registrate.AbstractRegistrate/REGISTRATE.REGISTER]: Captured registration for entry item_drain of type minecraft:block
[10Jan2026 17:51:04.432] [modloading-worker-0/DEBUG] [com.tterrag.registrate.AbstractRegistrate/REGISTRATE.REGISTER]: Captured registration for entry spout of type minecraft:item
[10Jan2026 17:51:04.433] [modloading-worker-0/DEBUG] [com.tterrag.registrate.AbstractRegistrate/REGISTRATE.REGISTER]: Captured registration for entry spout of type minecraft:block
[10Jan2026 17:51:04.435] [modloading-worker-0/DEBUG] [com.tterrag.registrate.AbstractRegistrate/REGISTRATE.REGISTER]: Captured registration for entry portable_fluid_interface of type minecraft:item
[10Jan2026 17:51:04.435] [modloading-worker-0/DEBUG] [com.tterrag.registrate.AbstractRegistrate/REGISTRATE.REGISTER]: Captured registration for entry portable_fluid_interface of type minecraft:block
[10Jan2026 17:51:04.436] [modloading-worker-0/DEBUG] [com.tterrag.registrate.AbstractRegistrate/REGISTRATE.REGISTER]: Captured registration for entry steam_engine of type minecraft:item
[10Jan2026 17:51:04.436] [modloading-worker-0/DEBUG] [com.tterrag.registrate.AbstractRegistrate/REGISTRATE.REGISTER]: Captured registration for entry steam_engine of type minecraft:block
[10Jan2026 17:51:04.437] [modloading-worker-0/DEBUG] [com.tterrag.registrate.AbstractRegistrate/REGISTRATE.REGISTER]: Captured registration for entry steam_whistle of type minecraft:item
[10Jan2026 17:51:04.437] [modloading-worker-0/DEBUG] [com.tterrag.registrate.AbstractRegistrate/REGISTRATE.REGISTER]: Captured registration for entry steam_whistle of type minecraft:block
[10Jan2026 17:51:04.438] [modloading-worker-0/DEBUG] [com.tterrag.registrate.AbstractRegistrate/REGISTRATE.REGISTER]: Captured registration for entry steam_whistle_extension of type minecraft:block
[10Jan2026 17:51:04.439] [modloading-worker-0/DEBUG] [com.tterrag.registrate.AbstractRegistrate/REGISTRATE.REGISTER]: Captured registration for entry powered_shaft of type minecraft:block
[10Jan2026 17:51:04.440] [modloading-worker-0/DEBUG] [com.tterrag.registrate.AbstractRegistrate/REGISTRATE.REGISTER]: Captured registration for entry mechanical_piston of type minecraft:item
[10Jan2026 17:51:04.440] [modloading-worker-0/DEBUG] [com.tterrag.registrate.AbstractRegistrate/REGISTRATE.REGISTER]: Captured registration for entry mechanical_piston of type minecraft:block
[10Jan2026 17:51:04.440] [modloading-worker-0/DEBUG] [com.tterrag.registrate.AbstractRegistrate/REGISTRATE.REGISTER]: Captured registration for entry sticky_mechanical_piston of type minecraft:item
[10Jan2026 17:51:04.441] [modloading-worker-0/DEBUG] [com.tterrag.registrate.AbstractRegistrate/REGISTRATE.REGISTER]: Captured registration for entry sticky_mechanical_piston of type minecraft:block
[10Jan2026 17:51:04.441] [modloading-worker-0/DEBUG] [com.tterrag.registrate.AbstractRegistrate/REGISTRATE.REGISTER]: Captured registration for entry piston_extension_pole of type minecraft:item
[10Jan2026 17:51:04.441] [modloading-worker-0/DEBUG] [com.tterrag.registrate.AbstractRegistrate/REGISTRATE.REGISTER]: Captured registration for entry piston_extension_pole of type minecraft:block
[10Jan2026 17:51:04.442] [modloading-worker-0/DEBUG] [com.tterrag.registrate.AbstractRegistrate/REGISTRATE.REGISTER]: Captured registration for entry mechanical_piston_head of type minecraft:block
[10Jan2026 17:51:04.442] [modloading-worker-0/DEBUG] [com.tterrag.registrate.AbstractRegistrate/REGISTRATE.REGISTER]: Captured registration for entry gantry_carriage of type minecraft:item
[10Jan2026 17:51:04.442] [modloading-worker-0/DEBUG] [com.tterrag.registrate.AbstractRegistrate/REGISTRATE.REGISTER]: Captured registration for entry gantry_carriage of type minecraft:block
[10Jan2026 17:51:04.443] [modloading-worker-0/DEBUG] [com.tterrag.registrate.AbstractRegistrate/REGISTRATE.REGISTER]: Captured registration for entry gantry_shaft of type minecraft:item
[10Jan2026 17:51:04.443] [modloading-worker-0/DEBUG] [com.tterrag.registrate.AbstractRegistrate/REGISTRATE.REGISTER]: Captured registration for entry gantry_shaft of type minecraft:block
[10Jan2026 17:51:04.445] [modloading-worker-0/DEBUG] [com.tterrag.registrate.AbstractRegistrate/REGISTRATE.REGISTER]: Captured registration for entry windmill_bearing of type minecraft:item
[10Jan2026 17:51:04.445] [modloading-worker-0/DEBUG] [com.tterrag.registrate.AbstractRegistrate/REGISTRATE.REGISTER]: Captured registration for entry windmill_bearing of type minecraft:block
[10Jan2026 17:51:04.446] [modloading-worker-0/DEBUG] [com.tterrag.registrate.AbstractRegistrate/REGISTRATE.REGISTER]: Captured registration for entry mechanical_bearing of type minecraft:item
[10Jan2026 17:51:04.446] [modloading-worker-0/DEBUG] [com.tterrag.registrate.AbstractRegistrate/REGISTRATE.REGISTER]: Captured registration for entry mechanical_bearing of type minecraft:block
[10Jan2026 17:51:04.447] [modloading-worker-0/DEBUG] [com.tterrag.registrate.AbstractRegistrate/REGISTRATE.REGISTER]: Captured registration for entry clockwork_bearing of type minecraft:item
[10Jan2026 17:51:04.447] [modloading-worker-0/DEBUG] [com.tterrag.registrate.AbstractRegistrate/REGISTRATE.REGISTER]: Captured registration for entry clockwork_bearing of type minecraft:block
[10Jan2026 17:51:04.447] [modloading-worker-0/DEBUG] [com.tterrag.registrate.AbstractRegistrate/REGISTRATE.REGISTER]: Captured registration for entry rope_pulley of type minecraft:item
[10Jan2026 17:51:04.448] [modloading-worker-0/DEBUG] [com.tterrag.registrate.AbstractRegistrate/REGISTRATE.REGISTER]: Captured registration for entry rope_pulley of type minecraft:block
[10Jan2026 17:51:04.448] [modloading-worker-0/DEBUG] [com.tterrag.registrate.AbstractRegistrate/REGISTRATE.REGISTER]: Captured registration for entry rope of type minecraft:block
[10Jan2026 17:51:04.449] [modloading-worker-0/DEBUG] [com.tterrag.registrate.AbstractRegistrate/REGISTRATE.REGISTER]: Captured registration for entry pulley_magnet of type minecraft:block
[10Jan2026 17:51:04.449] [modloading-worker-0/DEBUG] [com.tterrag.registrate.AbstractRegistrate/REGISTRATE.REGISTER]: Captured registration for entry elevator_pulley of type minecraft:item
[10Jan2026 17:51:04.449] [modloading-worker-0/DEBUG] [com.tterrag.registrate.AbstractRegistrate/REGISTRATE.REGISTER]: Captured registration for entry elevator_pulley of type minecraft:block
[10Jan2026 17:51:04.451] [modloading-worker-0/DEBUG] [com.tterrag.registrate.AbstractRegistrate/REGISTRATE.REGISTER]: Captured registration for entry cart_assembler of type minecraft:item
[10Jan2026 17:51:04.452] [modloading-worker-0/DEBUG] [com.tterrag.registrate.AbstractRegistrate/REGISTRATE.REGISTER]: Captured registration for entry cart_assembler of type minecraft:block
[10Jan2026 17:51:04.453] [modloading-worker-0/DEBUG] [com.tterrag.registrate.AbstractRegistrate/REGISTRATE.REGISTER]: Captured registration for entry controller_rail of type minecraft:item
[10Jan2026 17:51:04.454] [modloading-worker-0/DEBUG] [com.tterrag.registrate.AbstractRegistrate/REGISTRATE.REGISTER]: Captured registration for entry controller_rail of type minecraft:block
[10Jan2026 17:51:04.454] [modloading-worker-0/DEBUG] [com.tterrag.registrate.AbstractRegistrate/REGISTRATE.REGISTER]: Captured registration for entry minecart_anchor of type minecraft:block
[10Jan2026 17:51:04.455] [modloading-worker-0/DEBUG] [com.tterrag.registrate.AbstractRegistrate/REGISTRATE.REGISTER]: Captured registration for entry linear_chassis of type minecraft:item
[10Jan2026 17:51:04.455] [modloading-worker-0/DEBUG] [com.tterrag.registrate.AbstractRegistrate/REGISTRATE.REGISTER]: Captured registration for entry linear_chassis of type minecraft:block
[10Jan2026 17:51:04.455] [modloading-worker-0/DEBUG] [com.tterrag.registrate.AbstractRegistrate/REGISTRATE.REGISTER]: Captured registration for entry secondary_linear_chassis of type minecraft:item
[10Jan2026 17:51:04.456] [modloading-worker-0/DEBUG] [com.tterrag.registrate.AbstractRegistrate/REGISTRATE.REGISTER]: Captured registration for entry secondary_linear_chassis of type minecraft:block
[10Jan2026 17:51:04.456] [modloading-worker-0/DEBUG] [com.tterrag.registrate.AbstractRegistrate/REGISTRATE.REGISTER]: Captured registration for entry radial_chassis of type minecraft:item
[10Jan2026 17:51:04.456] [modloading-worker-0/DEBUG] [com.tterrag.registrate.AbstractRegistrate/REGISTRATE.REGISTER]: Captured registration for entry radial_chassis of type minecraft:block
[10Jan2026 17:51:04.458] [modloading-worker-0/DEBUG] [com.tterrag.registrate.AbstractRegistrate/REGISTRATE.REGISTER]: Captured registration for entry sticker of type minecraft:item
[10Jan2026 17:51:04.458] [modloading-worker-0/DEBUG] [com.tterrag.registrate.AbstractRegistrate/REGISTRATE.REGISTER]: Captured registration for entry sticker of type minecraft:block
[10Jan2026 17:51:04.463] [modloading-worker-0/DEBUG] [com.tterrag.registrate.AbstractRegistrate/REGISTRATE.REGISTER]: Captured registration for entry contraption_controls of type minecraft:item
[10Jan2026 17:51:04.463] [modloading-worker-0/DEBUG] [com.tterrag.registrate.AbstractRegistrate/REGISTRATE.REGISTER]: Captured registration for entry contraption_controls of type minecraft:block
[10Jan2026 17:51:04.465] [modloading-worker-0/DEBUG] [com.tterrag.registrate.AbstractRegistrate/REGISTRATE.REGISTER]: Captured registration for entry mechanical_drill of type minecraft:item
[10Jan2026 17:51:04.465] [modloading-worker-0/DEBUG] [com.tterrag.registrate.AbstractRegistrate/REGISTRATE.REGISTER]: Captured registration for entry mechanical_drill of type minecraft:block
[10Jan2026 17:51:04.467] [modloading-worker-0/DEBUG] [com.tterrag.registrate.AbstractRegistrate/REGISTRATE.REGISTER]: Captured registration for entry mechanical_saw of type minecraft:item
[10Jan2026 17:51:04.467] [modloading-worker-0/DEBUG] [com.tterrag.registrate.AbstractRegistrate/REGISTRATE.REGISTER]: Captured registration for entry mechanical_saw of type minecraft:block
[10Jan2026 17:51:04.469] [modloading-worker-0/DEBUG] [com.tterrag.registrate.AbstractRegistrate/REGISTRATE.REGISTER]: Captured registration for entry deployer of type minecraft:item
[10Jan2026 17:51:04.469] [modloading-worker-0/DEBUG] [com.tterrag.registrate.AbstractRegistrate/REGISTRATE.REGISTER]: Captured registration for entry deployer of type minecraft:block
[10Jan2026 17:51:04.469] [modloading-worker-0/DEBUG] [com.tterrag.registrate.AbstractRegistrate/REGISTRATE.REGISTER]: Captured registration for entry portable_storage_interface of type minecraft:item
[10Jan2026 17:51:04.470] [modloading-worker-0/DEBUG] [com.tterrag.registrate.AbstractRegistrate/REGISTRATE.REGISTER]: Captured registration for entry portable_storage_interface of type minecraft:block
[10Jan2026 17:51:04.471] [modloading-worker-0/DEBUG] [com.tterrag.registrate.AbstractRegistrate/REGISTRATE.REGISTER]: Captured registration for entry redstone_contact of type minecraft:item
[10Jan2026 17:51:04.471] [modloading-worker-0/DEBUG] [com.tterrag.registrate.AbstractRegistrate/REGISTRATE.REGISTER]: Captured registration for entry redstone_contact of type minecraft:block
[10Jan2026 17:51:04.472] [modloading-worker-0/DEBUG] [com.tterrag.registrate.AbstractRegistrate/REGISTRATE.REGISTER]: Captured registration for entry elevator_contact of type minecraft:item
[10Jan2026 17:51:04.472] [modloading-worker-0/DEBUG] [com.tterrag.registrate.AbstractRegistrate/REGISTRATE.REGISTER]: Captured registration for entry elevator_contact of type minecraft:block
[10Jan2026 17:51:04.473] [modloading-worker-0/DEBUG] [com.tterrag.registrate.AbstractRegistrate/REGISTRATE.REGISTER]: Captured registration for entry mechanical_harvester of type minecraft:item
[10Jan2026 17:51:04.474] [modloading-worker-0/DEBUG] [com.tterrag.registrate.AbstractRegistrate/REGISTRATE.REGISTER]: Captured registration for entry mechanical_harvester of type minecraft:block
[10Jan2026 17:51:04.475] [modloading-worker-0/DEBUG] [com.tterrag.registrate.AbstractRegistrate/REGISTRATE.REGISTER]: Captured registration for entry mechanical_plough of type minecraft:item
[10Jan2026 17:51:04.475] [modloading-worker-0/DEBUG] [com.tterrag.registrate.AbstractRegistrate/REGISTRATE.REGISTER]: Captured registration for entry mechanical_plough of type minecraft:block
[10Jan2026 17:51:04.480] [modloading-worker-0/DEBUG] [com.tterrag.registrate.AbstractRegistrate/REGISTRATE.REGISTER]: Captured registration for entry mechanical_roller of type minecraft:item
[10Jan2026 17:51:04.480] [modloading-worker-0/DEBUG] [com.tterrag.registrate.AbstractRegistrate/REGISTRATE.REGISTER]: Captured registration for entry mechanical_roller of type minecraft:block
[10Jan2026 17:51:04.481] [modloading-worker-0/DEBUG] [com.tterrag.registrate.AbstractRegistrate/REGISTRATE.REGISTER]: Captured registration for entry sail_frame of type minecraft:item
[10Jan2026 17:51:04.481] [modloading-worker-0/DEBUG] [com.tterrag.registrate.AbstractRegistrate/REGISTRATE.REGISTER]: Captured registration for entry sail_frame of type minecraft:block
[10Jan2026 17:51:04.482] [modloading-worker-0/DEBUG] [com.tterrag.registrate.AbstractRegistrate/REGISTRATE.REGISTER]: Captured registration for entry white_sail of type minecraft:item
[10Jan2026 17:51:04.482] [modloading-worker-0/DEBUG] [com.tterrag.registrate.AbstractRegistrate/REGISTRATE.REGISTER]: Captured registration for entry white_sail of type minecraft:block
[10Jan2026 17:51:04.483] [modloading-worker-0/DEBUG] [com.tterrag.registrate.AbstractRegistrate/REGISTRATE.REGISTER]: Captured registration for entry orange_sail of type minecraft:block
[10Jan2026 17:51:04.483] [modloading-worker-0/DEBUG] [com.tterrag.registrate.AbstractRegistrate/REGISTRATE.REGISTER]: Captured registration for entry magenta_sail of type minecraft:block
[10Jan2026 17:51:04.483] [modloading-worker-0/DEBUG] [com.tterrag.registrate.AbstractRegistrate/REGISTRATE.REGISTER]: Captured registration for entry light_blue_sail of type minecraft:block
[10Jan2026 17:51:04.483] [modloading-worker-0/DEBUG] [com.tterrag.registrate.AbstractRegistrate/REGISTRATE.REGISTER]: Captured registration for entry yellow_sail of type minecraft:block
[10Jan2026 17:51:04.483] [modloading-worker-0/DEBUG] [com.tterrag.registrate.AbstractRegistrate/REGISTRATE.REGISTER]: Captured registration for entry lime_sail of type minecraft:block
[10Jan2026 17:51:04.483] [modloading-worker-0/DEBUG] [com.tterrag.registrate.AbstractRegistrate/REGISTRATE.REGISTER]: Captured registration for entry pink_sail of type minecraft:block
[10Jan2026 17:51:04.483] [modloading-worker-0/DEBUG] [com.tterrag.registrate.AbstractRegistrate/REGISTRATE.REGISTER]: Captured registration for entry gray_sail of type minecraft:block
[10Jan2026 17:51:04.483] [modloading-worker-0/DEBUG] [com.tterrag.registrate.AbstractRegistrate/REGISTRATE.REGISTER]: Captured registration for entry light_gray_sail of type minecraft:block
[10Jan2026 17:51:04.483] [modloading-worker-0/DEBUG] [com.tterrag.registrate.AbstractRegistrate/REGISTRATE.REGISTER]: Captured registration for entry cyan_sail of type minecraft:block
[10Jan2026 17:51:04.483] [modloading-worker-0/DEBUG] [com.tterrag.registrate.AbstractRegistrate/REGISTRATE.REGISTER]: Captured registration for entry purple_sail of type minecraft:block
[10Jan2026 17:51:04.483] [modloading-worker-0/DEBUG] [com.tterrag.registrate.AbstractRegistrate/REGISTRATE.REGISTER]: Captured registration for entry blue_sail of type minecraft:block
[10Jan2026 17:51:04.483] [modloading-worker-0/DEBUG] [com.tterrag.registrate.AbstractRegistrate/REGISTRATE.REGISTER]: Captured registration for entry brown_sail of type minecraft:block
[10Jan2026 17:51:04.483] [modloading-worker-0/DEBUG] [com.tterrag.registrate.AbstractRegistrate/REGISTRATE.REGISTER]: Captured registration for entry green_sail of type minecraft:block
[10Jan2026 17:51:04.483] [modloading-worker-0/DEBUG] [com.tterrag.registrate.AbstractRegistrate/REGISTRATE.REGISTER]: Captured registration for entry red_sail of type minecraft:block
[10Jan2026 17:51:04.483] [modloading-worker-0/DEBUG] [com.tterrag.registrate.AbstractRegistrate/REGISTRATE.REGISTER]: Captured registration for entry black_sail of type minecraft:block
[10Jan2026 17:51:04.486] [modloading-worker-0/DEBUG] [com.tterrag.registrate.AbstractRegistrate/REGISTRATE.REGISTER]: Captured registration for entry andesite_casing of type minecraft:item
[10Jan2026 17:51:04.486] [modloading-worker-0/DEBUG] [com.tterrag.registrate.AbstractRegistrate/REGISTRATE.REGISTER]: Captured registration for entry andesite_casing of type minecraft:block
[10Jan2026 17:51:04.487] [modloading-worker-0/DEBUG] [com.tterrag.registrate.AbstractRegistrate/REGISTRATE.REGISTER]: Captured registration for entry brass_casing of type minecraft:item
[10Jan2026 17:51:04.487] [modloading-worker-0/DEBUG] [com.tterrag.registrate.AbstractRegistrate/REGISTRATE.REGISTER]: Captured registration for entry brass_casing of type minecraft:block
[10Jan2026 17:51:04.487] [modloading-worker-0/DEBUG] [com.tterrag.registrate.AbstractRegistrate/REGISTRATE.REGISTER]: Captured registration for entry copper_casing of type minecraft:item
[10Jan2026 17:51:04.488] [modloading-worker-0/DEBUG] [com.tterrag.registrate.AbstractRegistrate/REGISTRATE.REGISTER]: Captured registration for entry copper_casing of type minecraft:block
[10Jan2026 17:51:04.488] [modloading-worker-0/DEBUG] [com.tterrag.registrate.AbstractRegistrate/REGISTRATE.REGISTER]: Captured registration for entry shadow_steel_casing of type minecraft:item
[10Jan2026 17:51:04.488] [modloading-worker-0/DEBUG] [com.tterrag.registrate.AbstractRegistrate/REGISTRATE.REGISTER]: Captured registration for entry shadow_steel_casing of type minecraft:block
[10Jan2026 17:51:04.489] [modloading-worker-0/DEBUG] [com.tterrag.registrate.AbstractRegistrate/REGISTRATE.REGISTER]: Captured registration for entry refined_radiance_casing of type minecraft:item
[10Jan2026 17:51:04.489] [modloading-worker-0/DEBUG] [com.tterrag.registrate.AbstractRegistrate/REGISTRATE.REGISTER]: Captured registration for entry refined_radiance_casing of type minecraft:block
[10Jan2026 17:51:04.493] [modloading-worker-0/DEBUG] [com.tterrag.registrate.AbstractRegistrate/REGISTRATE.REGISTER]: Captured registration for entry mechanical_crafter of type minecraft:item
[10Jan2026 17:51:04.494] [modloading-worker-0/DEBUG] [com.tterrag.registrate.AbstractRegistrate/REGISTRATE.REGISTER]: Captured registration for entry mechanical_crafter of type minecraft:block
[10Jan2026 17:51:04.499] [modloading-worker-0/DEBUG] [com.tterrag.registrate.AbstractRegistrate/REGISTRATE.REGISTER]: Captured registration for entry sequenced_gearshift of type minecraft:item
[10Jan2026 17:51:04.499] [modloading-worker-0/DEBUG] [com.tterrag.registrate.AbstractRegistrate/REGISTRATE.REGISTER]: Captured registration for entry sequenced_gearshift of type minecraft:block
[10Jan2026 17:51:04.501] [modloading-worker-0/DEBUG] [com.tterrag.registrate.AbstractRegistrate/REGISTRATE.REGISTER]: Captured registration for entry flywheel of type minecraft:item
[10Jan2026 17:51:04.501] [modloading-worker-0/DEBUG] [com.tterrag.registrate.AbstractRegistrate/REGISTRATE.REGISTER]: Captured registration for entry flywheel of type minecraft:block
[10Jan2026 17:51:04.503] [modloading-worker-0/DEBUG] [com.tterrag.registrate.AbstractRegistrate/REGISTRATE.REGISTER]: Captured registration for entry rotation_speed_controller of type minecraft:item
[10Jan2026 17:51:04.504] [modloading-worker-0/DEBUG] [com.tterrag.registrate.AbstractRegistrate/REGISTRATE.REGISTER]: Captured registration for entry rotation_speed_controller of type minecraft:block
[10Jan2026 17:51:04.507] [modloading-worker-0/DEBUG] [com.tterrag.registrate.AbstractRegistrate/REGISTRATE.REGISTER]: Captured registration for entry mechanical_arm of type minecraft:item
[10Jan2026 17:51:04.507] [modloading-worker-0/DEBUG] [com.tterrag.registrate.AbstractRegistrate/REGISTRATE.REGISTER]: Captured registration for entry mechanical_arm of type minecraft:block
[10Jan2026 17:51:04.544] [modloading-worker-0/DEBUG] [com.tterrag.registrate.AbstractRegistrate/REGISTRATE.REGISTER]: Captured registration for entry track of type minecraft:item
[10Jan2026 17:51:04.544] [modloading-worker-0/DEBUG] [com.tterrag.registrate.AbstractRegistrate/REGISTRATE.REGISTER]: Captured registration for entry track of type minecraft:block
[10Jan2026 17:51:04.547] [modloading-worker-0/DEBUG] [com.tterrag.registrate.AbstractRegistrate/REGISTRATE.REGISTER]: Captured registration for entry fake_track of type minecraft:block
[10Jan2026 17:51:04.550] [modloading-worker-0/DEBUG] [com.tterrag.registrate.AbstractRegistrate/REGISTRATE.REGISTER]: Captured registration for entry railway_casing of type minecraft:item
[10Jan2026 17:51:04.551] [modloading-worker-0/DEBUG] [com.tterrag.registrate.AbstractRegistrate/REGISTRATE.REGISTER]: Captured registration for entry railway_casing of type minecraft:block
[10Jan2026 17:51:04.573] [modloading-worker-0/DEBUG] [com.tterrag.registrate.AbstractRegistrate/REGISTRATE.REGISTER]: Captured registration for entry track_station of type minecraft:item
[10Jan2026 17:51:04.574] [modloading-worker-0/DEBUG] [com.tterrag.registrate.AbstractRegistrate/REGISTRATE.REGISTER]: Captured registration for entry track_station of type minecraft:block
[10Jan2026 17:51:04.577] [modloading-worker-0/DEBUG] [com.tterrag.registrate.AbstractRegistrate/REGISTRATE.REGISTER]: Captured registration for entry track_signal of type minecraft:item
[10Jan2026 17:51:04.577] [modloading-worker-0/DEBUG] [com.tterrag.registrate.AbstractRegistrate/REGISTRATE.REGISTER]: Captured registration for entry track_signal of type minecraft:block
[10Jan2026 17:51:04.580] [modloading-worker-0/DEBUG] [com.tterrag.registrate.AbstractRegistrate/REGISTRATE.REGISTER]: Captured registration for entry track_observer of type minecraft:item
[10Jan2026 17:51:04.580] [modloading-worker-0/DEBUG] [com.tterrag.registrate.AbstractRegistrate/REGISTRATE.REGISTER]: Captured registration for entry track_observer of type minecraft:block
[10Jan2026 17:51:04.583] [modloading-worker-0/DEBUG] [com.tterrag.registrate.AbstractRegistrate/REGISTRATE.REGISTER]: Captured registration for entry small_bogey of type minecraft:block
[10Jan2026 17:51:04.584] [modloading-worker-0/DEBUG] [com.tterrag.registrate.AbstractRegistrate/REGISTRATE.REGISTER]: Captured registration for entry large_bogey of type minecraft:block
[10Jan2026 17:51:04.587] [modloading-worker-0/DEBUG] [com.tterrag.registrate.AbstractRegistrate/REGISTRATE.REGISTER]: Captured registration for entry controls of type minecraft:item
[10Jan2026 17:51:04.587] [modloading-worker-0/DEBUG] [com.tterrag.registrate.AbstractRegistrate/REGISTRATE.REGISTER]: Captured registration for entry controls of type minecraft:block
[10Jan2026 17:51:04.600] [modloading-worker-0/DEBUG] [com.tterrag.registrate.AbstractRegistrate/REGISTRATE.REGISTER]: Captured registration for entry andesite_funnel of type minecraft:item
[10Jan2026 17:51:04.600] [modloading-worker-0/DEBUG] [com.tterrag.registrate.AbstractRegistrate/REGISTRATE.REGISTER]: Captured registration for entry andesite_funnel of type minecraft:block
[10Jan2026 17:51:04.604] [modloading-worker-0/DEBUG] [com.tterrag.registrate.AbstractRegistrate/REGISTRATE.REGISTER]: Captured registration for entry andesite_belt_funnel of type minecraft:block
[10Jan2026 17:51:04.609] [modloading-worker-0/DEBUG] [com.tterrag.registrate.AbstractRegistrate/REGISTRATE.REGISTER]: Captured registration for entry brass_funnel of type minecraft:item
[10Jan2026 17:51:04.610] [modloading-worker-0/DEBUG] [com.tterrag.registrate.AbstractRegistrate/REGISTRATE.REGISTER]: Captured registration for entry brass_funnel of type minecraft:block
[10Jan2026 17:51:04.612] [modloading-worker-0/DEBUG] [com.tterrag.registrate.AbstractRegistrate/REGISTRATE.REGISTER]: Captured registration for entry brass_belt_funnel of type minecraft:block
[10Jan2026 17:51:04.621] [modloading-worker-0/DEBUG] [com.tterrag.registrate.AbstractRegistrate/REGISTRATE.REGISTER]: Captured registration for entry andesite_tunnel of type minecraft:item
[10Jan2026 17:51:04.621] [modloading-worker-0/DEBUG] [com.tterrag.registrate.AbstractRegistrate/REGISTRATE.REGISTER]: Captured registration for entry andesite_tunnel of type minecraft:block
[10Jan2026 17:51:04.623] [modloading-worker-0/DEBUG] [com.tterrag.registrate.AbstractRegistrate/REGISTRATE.REGISTER]: Captured registration for entry brass_tunnel of type minecraft:item
[10Jan2026 17:51:04.625] [modloading-worker-0/DEBUG] [com.tterrag.registrate.AbstractRegistrate/REGISTRATE.REGISTER]: Captured registration for entry brass_tunnel of type minecraft:block
[10Jan2026 17:51:04.633] [modloading-worker-0/DEBUG] [com.tterrag.registrate.AbstractRegistrate/REGISTRATE.REGISTER]: Captured registration for entry content_observer of type minecraft:item
[10Jan2026 17:51:04.633] [modloading-worker-0/DEBUG] [com.tterrag.registrate.AbstractRegistrate/REGISTRATE.REGISTER]: Captured registration for entry content_observer of type minecraft:block
[10Jan2026 17:51:04.639] [modloading-worker-0/DEBUG] [com.tterrag.registrate.AbstractRegistrate/REGISTRATE.REGISTER]: Captured registration for entry stockpile_switch of type minecraft:item
[10Jan2026 17:51:04.639] [modloading-worker-0/DEBUG] [com.tterrag.registrate.AbstractRegistrate/REGISTRATE.REGISTER]: Captured registration for entry stockpile_switch of type minecraft:block
[10Jan2026 17:51:04.644] [modloading-worker-0/DEBUG] [com.tterrag.registrate.AbstractRegistrate/REGISTRATE.REGISTER]: Captured registration for entry creative_crate of type minecraft:item
[10Jan2026 17:51:04.644] [modloading-worker-0/DEBUG] [com.tterrag.registrate.AbstractRegistrate/REGISTRATE.REGISTER]: Captured registration for entry creative_crate of type minecraft:block
[10Jan2026 17:51:04.654] [modloading-worker-0/DEBUG] [com.tterrag.registrate.AbstractRegistrate/REGISTRATE.REGISTER]: Captured registration for entry item_vault of type minecraft:item
[10Jan2026 17:51:04.655] [modloading-worker-0/DEBUG] [com.tterrag.registrate.AbstractRegistrate/REGISTRATE.REGISTER]: Captured registration for entry item_vault of type minecraft:block
[10Jan2026 17:51:04.660] [modloading-worker-0/DEBUG] [com.tterrag.registrate.AbstractRegistrate/REGISTRATE.REGISTER]: Captured registration for entry item_hatch of type minecraft:item
[10Jan2026 17:51:04.660] [modloading-worker-0/DEBUG] [com.tterrag.registrate.AbstractRegistrate/REGISTRATE.REGISTER]: Captured registration for entry item_hatch of type minecraft:block
[10Jan2026 17:51:04.665] [modloading-worker-0/DEBUG] [com.tterrag.registrate.AbstractRegistrate/REGISTRATE.REGISTER]: Captured registration for entry packager of type minecraft:item
[10Jan2026 17:51:04.666] [modloading-worker-0/DEBUG] [com.tterrag.registrate.AbstractRegistrate/REGISTRATE.REGISTER]: Captured registration for entry packager of type minecraft:block
[10Jan2026 17:51:04.667] [modloading-worker-0/DEBUG] [com.tterrag.registrate.AbstractRegistrate/REGISTRATE.REGISTER]: Captured registration for entry repackager of type minecraft:item
[10Jan2026 17:51:04.667] [modloading-worker-0/DEBUG] [com.tterrag.registrate.AbstractRegistrate/REGISTRATE.REGISTER]: Captured registration for entry repackager of type minecraft:block
[10Jan2026 17:51:04.674] [modloading-worker-0/DEBUG] [com.tterrag.registrate.AbstractRegistrate/REGISTRATE.REGISTER]: Captured registration for entry package_frogport of type minecraft:item
[10Jan2026 17:51:04.674] [modloading-worker-0/DEBUG] [com.tterrag.registrate.AbstractRegistrate/REGISTRATE.REGISTER]: Captured registration for entry package_frogport of type minecraft:block
[10Jan2026 17:51:04.680] [modloading-worker-0/DEBUG] [com.tterrag.registrate.AbstractRegistrate/REGISTRATE.REGISTER]: Captured registration for entry white_postbox of type minecraft:item
[10Jan2026 17:51:04.680] [modloading-worker-0/DEBUG] [com.tterrag.registrate.AbstractRegistrate/REGISTRATE.REGISTER]: Captured registration for entry white_postbox of type minecraft:block
[10Jan2026 17:51:04.681] [modloading-worker-0/DEBUG] [com.tterrag.registrate.AbstractRegistrate/REGISTRATE.REGISTER]: Captured registration for entry orange_postbox of type minecraft:item
[10Jan2026 17:51:04.681] [modloading-worker-0/DEBUG] [com.tterrag.registrate.AbstractRegistrate/REGISTRATE.REGISTER]: Captured registration for entry orange_postbox of type minecraft:block
[10Jan2026 17:51:04.681] [modloading-worker-0/DEBUG] [com.tterrag.registrate.AbstractRegistrate/REGISTRATE.REGISTER]: Captured registration for entry magenta_postbox of type minecraft:item
[10Jan2026 17:51:04.681] [modloading-worker-0/DEBUG] [com.tterrag.registrate.AbstractRegistrate/REGISTRATE.REGISTER]: Captured registration for entry magenta_postbox of type minecraft:block
[10Jan2026 17:51:04.681] [modloading-worker-0/DEBUG] [com.tterrag.registrate.AbstractRegistrate/REGISTRATE.REGISTER]: Captured registration for entry light_blue_postbox of type minecraft:item
[10Jan2026 17:51:04.681] [modloading-worker-0/DEBUG] [com.tterrag.registrate.AbstractRegistrate/REGISTRATE.REGISTER]: Captured registration for entry light_blue_postbox of type minecraft:block
[10Jan2026 17:51:04.681] [modloading-worker-0/DEBUG] [com.tterrag.registrate.AbstractRegistrate/REGISTRATE.REGISTER]: Captured registration for entry yellow_postbox of type minecraft:item
[10Jan2026 17:51:04.681] [modloading-worker-0/DEBUG] [com.tterrag.registrate.AbstractRegistrate/REGISTRATE.REGISTER]: Captured registration for entry yellow_postbox of type minecraft:block
[10Jan2026 17:51:04.681] [modloading-worker-0/DEBUG] [com.tterrag.registrate.AbstractRegistrate/REGISTRATE.REGISTER]: Captured registration for entry lime_postbox of type minecraft:item
[10Jan2026 17:51:04.681] [modloading-worker-0/DEBUG] [com.tterrag.registrate.AbstractRegistrate/REGISTRATE.REGISTER]: Captured registration for entry lime_postbox of type minecraft:block
[10Jan2026 17:51:04.681] [modloading-worker-0/DEBUG] [com.tterrag.registrate.AbstractRegistrate/REGISTRATE.REGISTER]: Captured registration for entry pink_postbox of type minecraft:item
[10Jan2026 17:51:04.681] [modloading-worker-0/DEBUG] [com.tterrag.registrate.AbstractRegistrate/REGISTRATE.REGISTER]: Captured registration for entry pink_postbox of type minecraft:block
[10Jan2026 17:51:04.681] [modloading-worker-0/DEBUG] [com.tterrag.registrate.AbstractRegistrate/REGISTRATE.REGISTER]: Captured registration for entry gray_postbox of type minecraft:item
[10Jan2026 17:51:04.681] [modloading-worker-0/DEBUG] [com.tterrag.registrate.AbstractRegistrate/REGISTRATE.REGISTER]: Captured registration for entry gray_postbox of type minecraft:block
[10Jan2026 17:51:04.681] [modloading-worker-0/DEBUG] [com.tterrag.registrate.AbstractRegistrate/REGISTRATE.REGISTER]: Captured registration for entry light_gray_postbox of type minecraft:item
[10Jan2026 17:51:04.681] [modloading-worker-0/DEBUG] [com.tterrag.registrate.AbstractRegistrate/REGISTRATE.REGISTER]: Captured registration for entry light_gray_postbox of type minecraft:block
[10Jan2026 17:51:04.681] [modloading-worker-0/DEBUG] [com.tterrag.registrate.AbstractRegistrate/REGISTRATE.REGISTER]: Captured registration for entry cyan_postbox of type minecraft:item
[10Jan2026 17:51:04.681] [modloading-worker-0/DEBUG] [com.tterrag.registrate.AbstractRegistrate/REGISTRATE.REGISTER]: Captured registration for entry cyan_postbox of type minecraft:block
[10Jan2026 17:51:04.681] [modloading-worker-0/DEBUG] [com.tterrag.registrate.AbstractRegistrate/REGISTRATE.REGISTER]: Captured registration for entry purple_postbox of type minecraft:item
[10Jan2026 17:51:04.681] [modloading-worker-0/DEBUG] [com.tterrag.registrate.AbstractRegistrate/REGISTRATE.REGISTER]: Captured registration for entry purple_postbox of type minecraft:block
[10Jan2026 17:51:04.681] [modloading-worker-0/DEBUG] [com.tterrag.registrate.AbstractRegistrate/REGISTRATE.REGISTER]: Captured registration for entry blue_postbox of type minecraft:item
[10Jan2026 17:51:04.681] [modloading-worker-0/DEBUG] [com.tterrag.registrate.AbstractRegistrate/REGISTRATE.REGISTER]: Captured registration for entry blue_postbox of type minecraft:block
[10Jan2026 17:51:04.681] [modloading-worker-0/DEBUG] [com.tterrag.registrate.AbstractRegistrate/REGISTRATE.REGISTER]: Captured registration for entry brown_postbox of type minecraft:item
[10Jan2026 17:51:04.681] [modloading-worker-0/DEBUG] [com.tterrag.registrate.AbstractRegistrate/REGISTRATE.REGISTER]: Captured registration for entry brown_postbox of type minecraft:block
[10Jan2026 17:51:04.681] [modloading-worker-0/DEBUG] [com.tterrag.registrate.AbstractRegistrate/REGISTRATE.REGISTER]: Captured registration for entry green_postbox of type minecraft:item
[10Jan2026 17:51:04.681] [modloading-worker-0/DEBUG] [com.tterrag.registrate.AbstractRegistrate/REGISTRATE.REGISTER]: Captured registration for entry green_postbox of type minecraft:block
[10Jan2026 17:51:04.681] [modloading-worker-0/DEBUG] [com.tterrag.registrate.AbstractRegistrate/REGISTRATE.REGISTER]: Captured registration for entry red_postbox of type minecraft:item
[10Jan2026 17:51:04.681] [modloading-worker-0/DEBUG] [com.tterrag.registrate.AbstractRegistrate/REGISTRATE.REGISTER]: Captured registration for entry red_postbox of type minecraft:block
[10Jan2026 17:51:04.681] [modloading-worker-0/DEBUG] [com.tterrag.registrate.AbstractRegistrate/REGISTRATE.REGISTER]: Captured registration for entry black_postbox of type minecraft:item
[10Jan2026 17:51:04.681] [modloading-worker-0/DEBUG] [com.tterrag.registrate.AbstractRegistrate/REGISTRATE.REGISTER]: Captured registration for entry black_postbox of type minecraft:block
[10Jan2026 17:51:04.689] [modloading-worker-0/DEBUG] [com.tterrag.registrate.AbstractRegistrate/REGISTRATE.REGISTER]: Captured registration for entry stock_link of type minecraft:item
[10Jan2026 17:51:04.689] [modloading-worker-0/DEBUG] [com.tterrag.registrate.AbstractRegistrate/REGISTRATE.REGISTER]: Captured registration for entry stock_link of type minecraft:block
[10Jan2026 17:51:04.694] [modloading-worker-0/DEBUG] [com.tterrag.registrate.AbstractRegistrate/REGISTRATE.REGISTER]: Captured registration for entry stock_ticker of type minecraft:item
[10Jan2026 17:51:04.694] [modloading-worker-0/DEBUG] [com.tterrag.registrate.AbstractRegistrate/REGISTRATE.REGISTER]: Captured registration for entry stock_ticker of type minecraft:block
[10Jan2026 17:51:04.698] [modloading-worker-0/DEBUG] [com.tterrag.registrate.AbstractRegistrate/REGISTRATE.REGISTER]: Captured registration for entry redstone_requester of type minecraft:item
[10Jan2026 17:51:04.698] [modloading-worker-0/DEBUG] [com.tterrag.registrate.AbstractRegistrate/REGISTRATE.REGISTER]: Captured registration for entry redstone_requester of type minecraft:block
[10Jan2026 17:51:04.703] [modloading-worker-0/DEBUG] [com.tterrag.registrate.AbstractRegistrate/REGISTRATE.REGISTER]: Captured registration for entry factory_gauge of type minecraft:item
[10Jan2026 17:51:04.703] [modloading-worker-0/DEBUG] [com.tterrag.registrate.AbstractRegistrate/REGISTRATE.REGISTER]: Captured registration for entry factory_gauge of type minecraft:block
[10Jan2026 17:51:04.708] [modloading-worker-0/DEBUG] [com.tterrag.registrate.AbstractRegistrate/REGISTRATE.REGISTER]: Captured registration for entry white_table_cloth of type minecraft:item
[10Jan2026 17:51:04.709] [modloading-worker-0/DEBUG] [com.tterrag.registrate.AbstractRegistrate/REGISTRATE.REGISTER]: Captured registration for entry white_table_cloth of type minecraft:block
[10Jan2026 17:51:04.709] [modloading-worker-0/DEBUG] [com.tterrag.registrate.AbstractRegistrate/REGISTRATE.REGISTER]: Captured registration for entry orange_table_cloth of type minecraft:item
[10Jan2026 17:51:04.709] [modloading-worker-0/DEBUG] [com.tterrag.registrate.AbstractRegistrate/REGISTRATE.REGISTER]: Captured registration for entry orange_table_cloth of type minecraft:block
[10Jan2026 17:51:04.710] [modloading-worker-0/DEBUG] [com.tterrag.registrate.AbstractRegistrate/REGISTRATE.REGISTER]: Captured registration for entry magenta_table_cloth of type minecraft:item
[10Jan2026 17:51:04.710] [modloading-worker-0/DEBUG] [com.tterrag.registrate.AbstractRegistrate/REGISTRATE.REGISTER]: Captured registration for entry magenta_table_cloth of type minecraft:block
[10Jan2026 17:51:04.710] [modloading-worker-0/DEBUG] [com.tterrag.registrate.AbstractRegistrate/REGISTRATE.REGISTER]: Captured registration for entry light_blue_table_cloth of type minecraft:item
[10Jan2026 17:51:04.710] [modloading-worker-0/DEBUG] [com.tterrag.registrate.AbstractRegistrate/REGISTRATE.REGISTER]: Captured registration for entry light_blue_table_cloth of type minecraft:block
[10Jan2026 17:51:04.710] [modloading-worker-0/DEBUG] [com.tterrag.registrate.AbstractRegistrate/REGISTRATE.REGISTER]: Captured registration for entry yellow_table_cloth of type minecraft:item
[10Jan2026 17:51:04.710] [modloading-worker-0/DEBUG] [com.tterrag.registrate.AbstractRegistrate/REGISTRATE.REGISTER]: Captured registration for entry yellow_table_cloth of type minecraft:block
[10Jan2026 17:51:04.710] [modloading-worker-0/DEBUG] [com.tterrag.registrate.AbstractRegistrate/REGISTRATE.REGISTER]: Captured registration for entry lime_table_cloth of type minecraft:item
[10Jan2026 17:51:04.710] [modloading-worker-0/DEBUG] [com.tterrag.registrate.AbstractRegistrate/REGISTRATE.REGISTER]: Captured registration for entry lime_table_cloth of type minecraft:block
[10Jan2026 17:51:04.710] [modloading-worker-0/DEBUG] [com.tterrag.registrate.AbstractRegistrate/REGISTRATE.REGISTER]: Captured registration for entry pink_table_cloth of type minecraft:item
[10Jan2026 17:51:04.710] [modloading-worker-0/DEBUG] [com.tterrag.registrate.AbstractRegistrate/REGISTRATE.REGISTER]: Captured registration for entry pink_table_cloth of type minecraft:block
[10Jan2026 17:51:04.710] [modloading-worker-0/DEBUG] [com.tterrag.registrate.AbstractRegistrate/REGISTRATE.REGISTER]: Captured registration for entry gray_table_cloth of type minecraft:item
[10Jan2026 17:51:04.710] [modloading-worker-0/DEBUG] [com.tterrag.registrate.AbstractRegistrate/REGISTRATE.REGISTER]: Captured registration for entry gray_table_cloth of type minecraft:block
[10Jan2026 17:51:04.710] [modloading-worker-0/DEBUG] [com.tterrag.registrate.AbstractRegistrate/REGISTRATE.REGISTER]: Captured registration for entry light_gray_table_cloth of type minecraft:item
[10Jan2026 17:51:04.710] [modloading-worker-0/DEBUG] [com.tterrag.registrate.AbstractRegistrate/REGISTRATE.REGISTER]: Captured registration for entry light_gray_table_cloth of type minecraft:block
[10Jan2026 17:51:04.710] [modloading-worker-0/DEBUG] [com.tterrag.registrate.AbstractRegistrate/REGISTRATE.REGISTER]: Captured registration for entry cyan_table_cloth of type minecraft:item
[10Jan2026 17:51:04.710] [modloading-worker-0/DEBUG] [com.tterrag.registrate.AbstractRegistrate/REGISTRATE.REGISTER]: Captured registration for entry cyan_table_cloth of type minecraft:block
[10Jan2026 17:51:04.710] [modloading-worker-0/DEBUG] [com.tterrag.registrate.AbstractRegistrate/REGISTRATE.REGISTER]: Captured registration for entry purple_table_cloth of type minecraft:item
[10Jan2026 17:51:04.711] [modloading-worker-0/DEBUG] [com.tterrag.registrate.AbstractRegistrate/REGISTRATE.REGISTER]: Captured registration for entry purple_table_cloth of type minecraft:block
[10Jan2026 17:51:04.711] [modloading-worker-0/DEBUG] [com.tterrag.registrate.AbstractRegistrate/REGISTRATE.REGISTER]: Captured registration for entry blue_table_cloth of type minecraft:item
[10Jan2026 17:51:04.711] [modloading-worker-0/DEBUG] [com.tterrag.registrate.AbstractRegistrate/REGISTRATE.REGISTER]: Captured registration for entry blue_table_cloth of type minecraft:block
[10Jan2026 17:51:04.711] [modloading-worker-0/DEBUG] [com.tterrag.registrate.AbstractRegistrate/REGISTRATE.REGISTER]: Captured registration for entry brown_table_cloth of type minecraft:item
[10Jan2026 17:51:04.711] [modloading-worker-0/DEBUG] [com.tterrag.registrate.AbstractRegistrate/REGISTRATE.REGISTER]: Captured registration for entry brown_table_cloth of type minecraft:block
[10Jan2026 17:51:04.711] [modloading-worker-0/DEBUG] [com.tterrag.registrate.AbstractRegistrate/REGISTRATE.REGISTER]: Captured registration for entry green_table_cloth of type minecraft:item
[10Jan2026 17:51:04.711] [modloading-worker-0/DEBUG] [com.tterrag.registrate.AbstractRegistrate/REGISTRATE.REGISTER]: Captured registration for entry green_table_cloth of type minecraft:block
[10Jan2026 17:51:04.711] [modloading-worker-0/DEBUG] [com.tterrag.registrate.AbstractRegistrate/REGISTRATE.REGISTER]: Captured registration for entry red_table_cloth of type minecraft:item
[10Jan2026 17:51:04.711] [modloading-worker-0/DEBUG] [com.tterrag.registrate.AbstractRegistrate/REGISTRATE.REGISTER]: Captured registration for entry red_table_cloth of type minecraft:block
[10Jan2026 17:51:04.711] [modloading-worker-0/DEBUG] [com.tterrag.registrate.AbstractRegistrate/REGISTRATE.REGISTER]: Captured registration for entry black_table_cloth of type minecraft:item
[10Jan2026 17:51:04.711] [modloading-worker-0/DEBUG] [com.tterrag.registrate.AbstractRegistrate/REGISTRATE.REGISTER]: Captured registration for entry black_table_cloth of type minecraft:block
[10Jan2026 17:51:04.713] [modloading-worker-0/DEBUG] [com.tterrag.registrate.AbstractRegistrate/REGISTRATE.REGISTER]: Captured registration for entry andesite_table_cloth of type minecraft:item
[10Jan2026 17:51:04.713] [modloading-worker-0/DEBUG] [com.tterrag.registrate.AbstractRegistrate/REGISTRATE.REGISTER]: Captured registration for entry andesite_table_cloth of type minecraft:block
[10Jan2026 17:51:04.714] [modloading-worker-0/DEBUG] [com.tterrag.registrate.AbstractRegistrate/REGISTRATE.REGISTER]: Captured registration for entry brass_table_cloth of type minecraft:item
[10Jan2026 17:51:04.714] [modloading-worker-0/DEBUG] [com.tterrag.registrate.AbstractRegistrate/REGISTRATE.REGISTER]: Captured registration for entry brass_table_cloth of type minecraft:block
[10Jan2026 17:51:04.715] [modloading-worker-0/DEBUG] [com.tterrag.registrate.AbstractRegistrate/REGISTRATE.REGISTER]: Captured registration for entry copper_table_cloth of type minecraft:item
[10Jan2026 17:51:04.715] [modloading-worker-0/DEBUG] [com.tterrag.registrate.AbstractRegistrate/REGISTRATE.REGISTER]: Captured registration for entry copper_table_cloth of type minecraft:block
[10Jan2026 17:51:04.719] [modloading-worker-0/DEBUG] [com.tterrag.registrate.AbstractRegistrate/REGISTRATE.REGISTER]: Captured registration for entry display_link of type minecraft:item
[10Jan2026 17:51:04.719] [modloading-worker-0/DEBUG] [com.tterrag.registrate.AbstractRegistrate/REGISTRATE.REGISTER]: Captured registration for entry display_link of type minecraft:block
[10Jan2026 17:51:04.725] [modloading-worker-0/DEBUG] [com.tterrag.registrate.AbstractRegistrate/REGISTRATE.REGISTER]: Captured registration for entry display_board of type minecraft:item
[10Jan2026 17:51:04.725] [modloading-worker-0/DEBUG] [com.tterrag.registrate.AbstractRegistrate/REGISTRATE.REGISTER]: Captured registration for entry display_board of type minecraft:block
[10Jan2026 17:51:04.728] [modloading-worker-0/DEBUG] [com.tterrag.registrate.AbstractRegistrate/REGISTRATE.REGISTER]: Captured registration for entry nixie_tube of type minecraft:item
[10Jan2026 17:51:04.728] [modloading-worker-0/DEBUG] [com.tterrag.registrate.AbstractRegistrate/REGISTRATE.REGISTER]: Captured registration for entry nixie_tube of type minecraft:block
[10Jan2026 17:51:04.730] [modloading-worker-0/DEBUG] [com.tterrag.registrate.AbstractRegistrate/REGISTRATE.REGISTER]: Captured registration for entry white_nixie_tube of type minecraft:block
[10Jan2026 17:51:04.730] [modloading-worker-0/DEBUG] [com.tterrag.registrate.AbstractRegistrate/REGISTRATE.REGISTER]: Captured registration for entry magenta_nixie_tube of type minecraft:block
[10Jan2026 17:51:04.730] [modloading-worker-0/DEBUG] [com.tterrag.registrate.AbstractRegistrate/REGISTRATE.REGISTER]: Captured registration for entry light_blue_nixie_tube of type minecraft:block
[10Jan2026 17:51:04.730] [modloading-worker-0/DEBUG] [com.tterrag.registrate.AbstractRegistrate/REGISTRATE.REGISTER]: Captured registration for entry yellow_nixie_tube of type minecraft:block
[10Jan2026 17:51:04.730] [modloading-worker-0/DEBUG] [com.tterrag.registrate.AbstractRegistrate/REGISTRATE.REGISTER]: Captured registration for entry lime_nixie_tube of type minecraft:block
[10Jan2026 17:51:04.730] [modloading-worker-0/DEBUG] [com.tterrag.registrate.AbstractRegistrate/REGISTRATE.REGISTER]: Captured registration for entry pink_nixie_tube of type minecraft:block
[10Jan2026 17:51:04.730] [modloading-worker-0/DEBUG] [com.tterrag.registrate.AbstractRegistrate/REGISTRATE.REGISTER]: Captured registration for entry gray_nixie_tube of type minecraft:block
[10Jan2026 17:51:04.731] [modloading-worker-0/DEBUG] [com.tterrag.registrate.AbstractRegistrate/REGISTRATE.REGISTER]: Captured registration for entry light_gray_nixie_tube of type minecraft:block
[10Jan2026 17:51:04.731] [modloading-worker-0/DEBUG] [com.tterrag.registrate.AbstractRegistrate/REGISTRATE.REGISTER]: Captured registration for entry cyan_nixie_tube of type minecraft:block
[10Jan2026 17:51:04.731] [modloading-worker-0/DEBUG] [com.tterrag.registrate.AbstractRegistrate/REGISTRATE.REGISTER]: Captured registration for entry purple_nixie_tube of type minecraft:block
[10Jan2026 17:51:04.731] [modloading-worker-0/DEBUG] [com.tterrag.registrate.AbstractRegistrate/REGISTRATE.REGISTER]: Captured registration for entry blue_nixie_tube of type minecraft:block
[10Jan2026 17:51:04.731] [modloading-worker-0/DEBUG] [com.tterrag.registrate.AbstractRegistrate/REGISTRATE.REGISTER]: Captured registration for entry brown_nixie_tube of type minecraft:block
[10Jan2026 17:51:04.731] [modloading-worker-0/DEBUG] [com.tterrag.registrate.AbstractRegistrate/REGISTRATE.REGISTER]: Captured registration for entry green_nixie_tube of type minecraft:block
[10Jan2026 17:51:04.731] [modloading-worker-0/DEBUG] [com.tterrag.registrate.AbstractRegistrate/REGISTRATE.REGISTER]: Captured registration for entry red_nixie_tube of type minecraft:block
[10Jan2026 17:51:04.731] [modloading-worker-0/DEBUG] [com.tterrag.registrate.AbstractRegistrate/REGISTRATE.REGISTER]: Captured registration for entry black_nixie_tube of type minecraft:block
[10Jan2026 17:51:04.732] [modloading-worker-0/DEBUG] [com.tterrag.registrate.AbstractRegistrate/REGISTRATE.REGISTER]: Captured registration for entry rose_quartz_lamp of type minecraft:item
[10Jan2026 17:51:04.733] [modloading-worker-0/DEBUG] [com.tterrag.registrate.AbstractRegistrate/REGISTRATE.REGISTER]: Captured registration for entry rose_quartz_lamp of type minecraft:block
[10Jan2026 17:51:04.735] [modloading-worker-0/DEBUG] [com.tterrag.registrate.AbstractRegistrate/REGISTRATE.REGISTER]: Captured registration for entry redstone_link of type minecraft:item
[10Jan2026 17:51:04.735] [modloading-worker-0/DEBUG] [com.tterrag.registrate.AbstractRegistrate/REGISTRATE.REGISTER]: Captured registration for entry redstone_link of type minecraft:block
[10Jan2026 17:51:04.738] [modloading-worker-0/DEBUG] [com.tterrag.registrate.AbstractRegistrate/REGISTRATE.REGISTER]: Captured registration for entry analog_lever of type minecraft:item
[10Jan2026 17:51:04.738] [modloading-worker-0/DEBUG] [com.tterrag.registrate.AbstractRegistrate/REGISTRATE.REGISTER]: Captured registration for entry analog_lever of type minecraft:block
[10Jan2026 17:51:04.739] [modloading-worker-0/DEBUG] [com.tterrag.registrate.AbstractRegistrate/REGISTRATE.REGISTER]: Captured registration for entry placard of type minecraft:item
[10Jan2026 17:51:04.739] [modloading-worker-0/DEBUG] [com.tterrag.registrate.AbstractRegistrate/REGISTRATE.REGISTER]: Captured registration for entry placard of type minecraft:block
[10Jan2026 17:51:04.742] [modloading-worker-0/DEBUG] [com.tterrag.registrate.AbstractRegistrate/REGISTRATE.REGISTER]: Captured registration for entry pulse_repeater of type minecraft:item
[10Jan2026 17:51:04.742] [modloading-worker-0/DEBUG] [com.tterrag.registrate.AbstractRegistrate/REGISTRATE.REGISTER]: Captured registration for entry pulse_repeater of type minecraft:block
[10Jan2026 17:51:04.743] [modloading-worker-0/DEBUG] [com.tterrag.registrate.AbstractRegistrate/REGISTRATE.REGISTER]: Captured registration for entry pulse_extender of type minecraft:item
[10Jan2026 17:51:04.743] [modloading-worker-0/DEBUG] [com.tterrag.registrate.AbstractRegistrate/REGISTRATE.REGISTER]: Captured registration for entry pulse_extender of type minecraft:block
[10Jan2026 17:51:04.744] [modloading-worker-0/DEBUG] [com.tterrag.registrate.AbstractRegistrate/REGISTRATE.REGISTER]: Captured registration for entry pulse_timer of type minecraft:item
[10Jan2026 17:51:04.744] [modloading-worker-0/DEBUG] [com.tterrag.registrate.AbstractRegistrate/REGISTRATE.REGISTER]: Captured registration for entry pulse_timer of type minecraft:block
[10Jan2026 17:51:04.747] [modloading-worker-0/DEBUG] [com.tterrag.registrate.AbstractRegistrate/REGISTRATE.REGISTER]: Captured registration for entry powered_latch of type minecraft:item
[10Jan2026 17:51:04.747] [modloading-worker-0/DEBUG] [com.tterrag.registrate.AbstractRegistrate/REGISTRATE.REGISTER]: Captured registration for entry powered_latch of type minecraft:block
[10Jan2026 17:51:04.747] [modloading-worker-0/DEBUG] [com.tterrag.registrate.AbstractRegistrate/REGISTRATE.REGISTER]: Captured registration for entry powered_toggle_latch of type minecraft:item
[10Jan2026 17:51:04.749] [modloading-worker-0/DEBUG] [com.tterrag.registrate.AbstractRegistrate/REGISTRATE.REGISTER]: Captured registration for entry powered_toggle_latch of type minecraft:block
[10Jan2026 17:51:04.750] [modloading-worker-0/DEBUG] [com.tterrag.registrate.AbstractRegistrate/REGISTRATE.REGISTER]: Captured registration for entry lectern_controller of type minecraft:block
[10Jan2026 17:51:04.758] [modloading-worker-0/DEBUG] [com.tterrag.registrate.AbstractRegistrate/REGISTRATE.REGISTER]: Captured registration for entry wheat_flour of type minecraft:item
[10Jan2026 17:51:04.758] [modloading-worker-0/DEBUG] [com.tterrag.registrate.AbstractRegistrate/REGISTRATE.REGISTER]: Captured registration for entry dough of type minecraft:item
[10Jan2026 17:51:04.759] [modloading-worker-0/DEBUG] [com.tterrag.registrate.AbstractRegistrate/REGISTRATE.REGISTER]: Captured registration for entry cinder_flour of type minecraft:item
[10Jan2026 17:51:04.759] [modloading-worker-0/DEBUG] [com.tterrag.registrate.AbstractRegistrate/REGISTRATE.REGISTER]: Captured registration for entry rose_quartz of type minecraft:item
[10Jan2026 17:51:04.759] [modloading-worker-0/DEBUG] [com.tterrag.registrate.AbstractRegistrate/REGISTRATE.REGISTER]: Captured registration for entry polished_rose_quartz of type minecraft:item
[10Jan2026 17:51:04.759] [modloading-worker-0/DEBUG] [com.tterrag.registrate.AbstractRegistrate/REGISTRATE.REGISTER]: Captured registration for entry powdered_obsidian of type minecraft:item
[10Jan2026 17:51:04.759] [modloading-worker-0/DEBUG] [com.tterrag.registrate.AbstractRegistrate/REGISTRATE.REGISTER]: Captured registration for entry sturdy_sheet of type minecraft:item
[10Jan2026 17:51:04.759] [modloading-worker-0/DEBUG] [com.tterrag.registrate.AbstractRegistrate/REGISTRATE.REGISTER]: Captured registration for entry propeller of type minecraft:item
[10Jan2026 17:51:04.759] [modloading-worker-0/DEBUG] [com.tterrag.registrate.AbstractRegistrate/REGISTRATE.REGISTER]: Captured registration for entry whisk of type minecraft:item
[10Jan2026 17:51:04.759] [modloading-worker-0/DEBUG] [com.tterrag.registrate.AbstractRegistrate/REGISTRATE.REGISTER]: Captured registration for entry brass_hand of type minecraft:item
[10Jan2026 17:51:04.759] [modloading-worker-0/DEBUG] [com.tterrag.registrate.AbstractRegistrate/REGISTRATE.REGISTER]: Captured registration for entry crafter_slot_cover of type minecraft:item
[10Jan2026 17:51:04.759] [modloading-worker-0/DEBUG] [com.tterrag.registrate.AbstractRegistrate/REGISTRATE.REGISTER]: Captured registration for entry electron_tube of type minecraft:item
[10Jan2026 17:51:04.759] [modloading-worker-0/DEBUG] [com.tterrag.registrate.AbstractRegistrate/REGISTRATE.REGISTER]: Captured registration for entry transmitter of type minecraft:item
[10Jan2026 17:51:04.759] [modloading-worker-0/DEBUG] [com.tterrag.registrate.AbstractRegistrate/REGISTRATE.REGISTER]: Captured registration for entry pulp of type minecraft:item
[10Jan2026 17:51:04.761] [modloading-worker-0/DEBUG] [com.tterrag.registrate.AbstractRegistrate/REGISTRATE.REGISTER]: Captured registration for entry cardboard of type minecraft:item
[10Jan2026 17:51:04.762] [modloading-worker-0/DEBUG] [com.tterrag.registrate.AbstractRegistrate/REGISTRATE.REGISTER]: Captured registration for entry incomplete_precision_mechanism of type minecraft:item
[10Jan2026 17:51:04.762] [modloading-worker-0/DEBUG] [com.tterrag.registrate.AbstractRegistrate/REGISTRATE.REGISTER]: Captured registration for entry unprocessed_obsidian_sheet of type minecraft:item
[10Jan2026 17:51:04.762] [modloading-worker-0/DEBUG] [com.tterrag.registrate.AbstractRegistrate/REGISTRATE.REGISTER]: Captured registration for entry incomplete_track of type minecraft:item
[10Jan2026 17:51:04.762] [modloading-worker-0/DEBUG] [com.tterrag.registrate.AbstractRegistrate/REGISTRATE.REGISTER]: Captured registration for entry precision_mechanism of type minecraft:item
[10Jan2026 17:51:04.762] [modloading-worker-0/DEBUG] [com.tterrag.registrate.AbstractRegistrate/REGISTRATE.REGISTER]: Captured registration for entry blaze_cake_base of type minecraft:item
[10Jan2026 17:51:04.763] [modloading-worker-0/DEBUG] [com.tterrag.registrate.AbstractRegistrate/REGISTRATE.REGISTER]: Captured registration for entry blaze_cake of type minecraft:item
[10Jan2026 17:51:04.764] [modloading-worker-0/DEBUG] [com.tterrag.registrate.AbstractRegistrate/REGISTRATE.REGISTER]: Captured registration for entry creative_blaze_cake of type minecraft:item
[10Jan2026 17:51:04.766] [modloading-worker-0/DEBUG] [com.tterrag.registrate.AbstractRegistrate/REGISTRATE.REGISTER]: Captured registration for entry bar_of_chocolate of type minecraft:item
[10Jan2026 17:51:04.767] [modloading-worker-0/DEBUG] [com.tterrag.registrate.AbstractRegistrate/REGISTRATE.REGISTER]: Captured registration for entry sweet_roll of type minecraft:item
[10Jan2026 17:51:04.768] [modloading-worker-0/DEBUG] [com.tterrag.registrate.AbstractRegistrate/REGISTRATE.REGISTER]: Captured registration for entry chocolate_glazed_berries of type minecraft:item
[10Jan2026 17:51:04.769] [modloading-worker-0/DEBUG] [com.tterrag.registrate.AbstractRegistrate/REGISTRATE.REGISTER]: Captured registration for entry honeyed_apple of type minecraft:item
[10Jan2026 17:51:04.771] [modloading-worker-0/DEBUG] [com.tterrag.registrate.AbstractRegistrate/REGISTRATE.REGISTER]: Captured registration for entry builders_tea of type minecraft:item
[10Jan2026 17:51:04.781] [modloading-worker-0/DEBUG] [com.tterrag.registrate.AbstractRegistrate/REGISTRATE.REGISTER]: Captured registration for entry cardboard_sword of type minecraft:item
[10Jan2026 17:51:04.781] [modloading-worker-0/DEBUG] [com.tterrag.registrate.AbstractRegistrate/REGISTRATE.REGISTER]: Captured registration for entry raw_zinc of type minecraft:item
[10Jan2026 17:51:04.781] [modloading-worker-0/DEBUG] [com.tterrag.registrate.AbstractRegistrate/REGISTRATE.REGISTER]: Captured registration for entry andesite_alloy of type minecraft:item
[10Jan2026 17:51:04.781] [modloading-worker-0/DEBUG] [com.tterrag.registrate.AbstractRegistrate/REGISTRATE.REGISTER]: Captured registration for entry zinc_ingot of type minecraft:item
[10Jan2026 17:51:04.781] [modloading-worker-0/DEBUG] [com.tterrag.registrate.AbstractRegistrate/REGISTRATE.REGISTER]: Captured registration for entry brass_ingot of type minecraft:item
[10Jan2026 17:51:04.785] [modloading-worker-0/DEBUG] [com.tterrag.registrate.AbstractRegistrate/REGISTRATE.REGISTER]: Captured registration for entry chromatic_compound of type minecraft:item
[10Jan2026 17:51:04.787] [modloading-worker-0/DEBUG] [com.tterrag.registrate.AbstractRegistrate/REGISTRATE.REGISTER]: Captured registration for entry shadow_steel of type minecraft:item
[10Jan2026 17:51:04.788] [modloading-worker-0/DEBUG] [com.tterrag.registrate.AbstractRegistrate/REGISTRATE.REGISTER]: Captured registration for entry refined_radiance of type minecraft:item
[10Jan2026 17:51:04.788] [modloading-worker-0/DEBUG] [com.tterrag.registrate.AbstractRegistrate/REGISTRATE.REGISTER]: Captured registration for entry copper_nugget of type minecraft:item
[10Jan2026 17:51:04.788] [modloading-worker-0/DEBUG] [com.tterrag.registrate.AbstractRegistrate/REGISTRATE.REGISTER]: Captured registration for entry zinc_nugget of type minecraft:item
[10Jan2026 17:51:04.788] [modloading-worker-0/DEBUG] [com.tterrag.registrate.AbstractRegistrate/REGISTRATE.REGISTER]: Captured registration for entry brass_nugget of type minecraft:item
[10Jan2026 17:51:04.789] [modloading-worker-0/DEBUG] [com.tterrag.registrate.AbstractRegistrate/REGISTRATE.REGISTER]: Captured registration for entry experience_nugget of type minecraft:item
[10Jan2026 17:51:04.789] [modloading-worker-0/DEBUG] [com.tterrag.registrate.AbstractRegistrate/REGISTRATE.REGISTER]: Captured registration for entry copper_sheet of type minecraft:item
[10Jan2026 17:51:04.789] [modloading-worker-0/DEBUG] [com.tterrag.registrate.AbstractRegistrate/REGISTRATE.REGISTER]: Captured registration for entry brass_sheet of type minecraft:item
[10Jan2026 17:51:04.790] [modloading-worker-0/DEBUG] [com.tterrag.registrate.AbstractRegistrate/REGISTRATE.REGISTER]: Captured registration for entry iron_sheet of type minecraft:item
[10Jan2026 17:51:04.790] [modloading-worker-0/DEBUG] [com.tterrag.registrate.AbstractRegistrate/REGISTRATE.REGISTER]: Captured registration for entry golden_sheet of type minecraft:item
[10Jan2026 17:51:04.790] [modloading-worker-0/DEBUG] [com.tterrag.registrate.AbstractRegistrate/REGISTRATE.REGISTER]: Captured registration for entry crushed_raw_iron of type minecraft:item
[10Jan2026 17:51:04.790] [modloading-worker-0/DEBUG] [com.tterrag.registrate.AbstractRegistrate/REGISTRATE.REGISTER]: Captured registration for entry crushed_raw_gold of type minecraft:item
[10Jan2026 17:51:04.790] [modloading-worker-0/DEBUG] [com.tterrag.registrate.AbstractRegistrate/REGISTRATE.REGISTER]: Captured registration for entry crushed_raw_copper of type minecraft:item
[10Jan2026 17:51:04.790] [modloading-worker-0/DEBUG] [com.tterrag.registrate.AbstractRegistrate/REGISTRATE.REGISTER]: Captured registration for entry crushed_raw_zinc of type minecraft:item
[10Jan2026 17:51:04.790] [modloading-worker-0/DEBUG] [com.tterrag.registrate.AbstractRegistrate/REGISTRATE.REGISTER]: Captured registration for entry crushed_raw_osmium of type minecraft:item
[10Jan2026 17:51:04.790] [modloading-worker-0/DEBUG] [com.tterrag.registrate.AbstractRegistrate/REGISTRATE.REGISTER]: Captured registration for entry crushed_raw_platinum of type minecraft:item
[10Jan2026 17:51:04.791] [modloading-worker-0/DEBUG] [com.tterrag.registrate.AbstractRegistrate/REGISTRATE.REGISTER]: Captured registration for entry crushed_raw_silver of type minecraft:item
[10Jan2026 17:51:04.791] [modloading-worker-0/DEBUG] [com.tterrag.registrate.AbstractRegistrate/REGISTRATE.REGISTER]: Captured registration for entry crushed_raw_tin of type minecraft:item
[10Jan2026 17:51:04.791] [modloading-worker-0/DEBUG] [com.tterrag.registrate.AbstractRegistrate/REGISTRATE.REGISTER]: Captured registration for entry crushed_raw_lead of type minecraft:item
[10Jan2026 17:51:04.791] [modloading-worker-0/DEBUG] [com.tterrag.registrate.AbstractRegistrate/REGISTRATE.REGISTER]: Captured registration for entry crushed_raw_quicksilver of type minecraft:item
[10Jan2026 17:51:04.791] [modloading-worker-0/DEBUG] [com.tterrag.registrate.AbstractRegistrate/REGISTRATE.REGISTER]: Captured registration for entry crushed_raw_aluminum of type minecraft:item
[10Jan2026 17:51:04.791] [modloading-worker-0/DEBUG] [com.tterrag.registrate.AbstractRegistrate/REGISTRATE.REGISTER]: Captured registration for entry crushed_raw_uranium of type minecraft:item
[10Jan2026 17:51:04.791] [modloading-worker-0/DEBUG] [com.tterrag.registrate.AbstractRegistrate/REGISTRATE.REGISTER]: Captured registration for entry crushed_raw_nickel of type minecraft:item
[10Jan2026 17:51:04.792] [modloading-worker-0/DEBUG] [com.tterrag.registrate.AbstractRegistrate/REGISTRATE.REGISTER]: Captured registration for entry belt_connector of type minecraft:item
[10Jan2026 17:51:04.793] [modloading-worker-0/DEBUG] [com.tterrag.registrate.AbstractRegistrate/REGISTRATE.REGISTER]: Captured registration for entry vertical_gearbox of type minecraft:item
[10Jan2026 17:51:04.793] [modloading-worker-0/DEBUG] [com.tterrag.registrate.AbstractRegistrate/REGISTRATE.REGISTER]: Captured registration for entry empty_blaze_burner of type minecraft:item
[10Jan2026 17:51:04.795] [modloading-worker-0/DEBUG] [com.tterrag.registrate.AbstractRegistrate/REGISTRATE.REGISTER]: Captured registration for entry goggles of type minecraft:item
[10Jan2026 17:51:04.796] [modloading-worker-0/DEBUG] [com.tterrag.registrate.AbstractRegistrate/REGISTRATE.REGISTER]: Captured registration for entry super_glue of type minecraft:item
[10Jan2026 17:51:04.796] [modloading-worker-0/DEBUG] [com.tterrag.registrate.AbstractRegistrate/REGISTRATE.REGISTER]: Captured registration for entry minecart_coupling of type minecraft:item
[10Jan2026 17:51:04.799] [modloading-worker-0/DEBUG] [com.tterrag.registrate.AbstractRegistrate/REGISTRATE.REGISTER]: Captured registration for entry crafting_blueprint of type minecraft:item
[10Jan2026 17:51:04.799] [modloading-worker-0/DEBUG] [com.tterrag.registrate.AbstractRegistrate/REGISTRATE.REGISTER]: Captured registration for entry copper_backtank_placeable of type minecraft:item
[10Jan2026 17:51:04.800] [modloading-worker-0/DEBUG] [com.tterrag.registrate.AbstractRegistrate/REGISTRATE.REGISTER]: Captured registration for entry netherite_backtank_placeable of type minecraft:item
[10Jan2026 17:51:04.801] [modloading-worker-0/DEBUG] [com.tterrag.registrate.AbstractRegistrate/REGISTRATE.REGISTER]: Captured registration for entry copper_backtank of type minecraft:item
[10Jan2026 17:51:04.803] [modloading-worker-0/DEBUG] [com.tterrag.registrate.AbstractRegistrate/REGISTRATE.REGISTER]: Captured registration for entry netherite_backtank of type minecraft:item
[10Jan2026 17:51:04.804] [modloading-worker-0/DEBUG] [com.tterrag.registrate.AbstractRegistrate/REGISTRATE.REGISTER]: Captured registration for entry copper_diving_helmet of type minecraft:item
[10Jan2026 17:51:04.804] [modloading-worker-0/DEBUG] [com.tterrag.registrate.AbstractRegistrate/REGISTRATE.REGISTER]: Captured registration for entry netherite_diving_helmet of type minecraft:item
[10Jan2026 17:51:04.805] [modloading-worker-0/DEBUG] [com.tterrag.registrate.AbstractRegistrate/REGISTRATE.REGISTER]: Captured registration for entry copper_diving_boots of type minecraft:item
[10Jan2026 17:51:04.807] [modloading-worker-0/DEBUG] [com.tterrag.registrate.AbstractRegistrate/REGISTRATE.REGISTER]: Captured registration for entry netherite_diving_boots of type minecraft:item
[10Jan2026 17:51:04.809] [modloading-worker-0/DEBUG] [com.tterrag.registrate.AbstractRegistrate/REGISTRATE.REGISTER]: Captured registration for entry cardboard_helmet of type minecraft:item
[10Jan2026 17:51:04.810] [modloading-worker-0/DEBUG] [com.tterrag.registrate.AbstractRegistrate/REGISTRATE.REGISTER]: Captured registration for entry cardboard_chestplate of type minecraft:item
[10Jan2026 17:51:04.811] [modloading-worker-0/DEBUG] [com.tterrag.registrate.AbstractRegistrate/REGISTRATE.REGISTER]: Captured registration for entry cardboard_leggings of type minecraft:item
[10Jan2026 17:51:04.812] [modloading-worker-0/DEBUG] [com.tterrag.registrate.AbstractRegistrate/REGISTRATE.REGISTER]: Captured registration for entry cardboard_boots of type minecraft:item
[10Jan2026 17:51:04.815] [modloading-worker-0/DEBUG] [com.tterrag.registrate.AbstractRegistrate/REGISTRATE.REGISTER]: Captured registration for entry sand_paper of type minecraft:item
[10Jan2026 17:51:04.815] [modloading-worker-0/DEBUG] [com.tterrag.registrate.AbstractRegistrate/REGISTRATE.REGISTER]: Captured registration for entry red_sand_paper of type minecraft:item
[10Jan2026 17:51:04.817] [modloading-worker-0/DEBUG] [com.tterrag.registrate.AbstractRegistrate/REGISTRATE.REGISTER]: Captured registration for entry wrench of type minecraft:item
[10Jan2026 17:51:04.819] [modloading-worker-0/DEBUG] [com.tterrag.registrate.AbstractRegistrate/REGISTRATE.REGISTER]: Captured registration for entry minecart_contraption of type minecraft:item
[10Jan2026 17:51:04.819] [modloading-worker-0/DEBUG] [com.tterrag.registrate.AbstractRegistrate/REGISTRATE.REGISTER]: Captured registration for entry furnace_minecart_contraption of type minecraft:item
[10Jan2026 17:51:04.820] [modloading-worker-0/DEBUG] [com.tterrag.registrate.AbstractRegistrate/REGISTRATE.REGISTER]: Captured registration for entry chest_minecart_contraption of type minecraft:item
[10Jan2026 17:51:04.824] [modloading-worker-0/DEBUG] [com.tterrag.registrate.AbstractRegistrate/REGISTRATE.REGISTER]: Captured registration for entry linked_controller of type minecraft:item
[10Jan2026 17:51:04.828] [modloading-worker-0/DEBUG] [com.tterrag.registrate.AbstractRegistrate/REGISTRATE.REGISTER]: Captured registration for entry potato_cannon of type minecraft:item
[10Jan2026 17:51:04.832] [modloading-worker-0/DEBUG] [com.tterrag.registrate.AbstractRegistrate/REGISTRATE.REGISTER]: Captured registration for entry extendo_grip of type minecraft:item
[10Jan2026 17:51:04.837] [modloading-worker-0/DEBUG] [com.tterrag.registrate.AbstractRegistrate/REGISTRATE.REGISTER]: Captured registration for entry wand_of_symmetry of type minecraft:item
[10Jan2026 17:51:04.842] [modloading-worker-0/DEBUG] [com.tterrag.registrate.AbstractRegistrate/REGISTRATE.REGISTER]: Captured registration for entry handheld_worldshaper of type minecraft:item
[10Jan2026 17:51:04.844] [modloading-worker-0/DEBUG] [com.tterrag.registrate.AbstractRegistrate/REGISTRATE.REGISTER]: Captured registration for entry tree_fertilizer of type minecraft:item
[10Jan2026 17:51:04.847] [modloading-worker-0/DEBUG] [com.tterrag.registrate.AbstractRegistrate/REGISTRATE.REGISTER]: Captured registration for entry cardboard_package_12x12 of type minecraft:item
[10Jan2026 17:51:04.847] [modloading-worker-0/DEBUG] [com.tterrag.registrate.AbstractRegistrate/REGISTRATE.REGISTER]: Captured registration for entry cardboard_package_10x12 of type minecraft:item
[10Jan2026 17:51:04.847] [modloading-worker-0/DEBUG] [com.tterrag.registrate.AbstractRegistrate/REGISTRATE.REGISTER]: Captured registration for entry cardboard_package_10x8 of type minecraft:item
[10Jan2026 17:51:04.847] [modloading-worker-0/DEBUG] [com.tterrag.registrate.AbstractRegistrate/REGISTRATE.REGISTER]: Captured registration for entry cardboard_package_12x10 of type minecraft:item
[10Jan2026 17:51:04.847] [modloading-worker-0/DEBUG] [com.tterrag.registrate.AbstractRegistrate/REGISTRATE.REGISTER]: Captured registration for entry rare_creeper_package of type minecraft:item
[10Jan2026 17:51:04.847] [modloading-worker-0/DEBUG] [com.tterrag.registrate.AbstractRegistrate/REGISTRATE.REGISTER]: Captured registration for entry rare_darcy_package of type minecraft:item
[10Jan2026 17:51:04.847] [modloading-worker-0/DEBUG] [com.tterrag.registrate.AbstractRegistrate/REGISTRATE.REGISTER]: Captured registration for entry rare_evan_package of type minecraft:item
[10Jan2026 17:51:04.847] [modloading-worker-0/DEBUG] [com.tterrag.registrate.AbstractRegistrate/REGISTRATE.REGISTER]: Captured registration for entry rare_jinx_package of type minecraft:item
[10Jan2026 17:51:04.847] [modloading-worker-0/DEBUG] [com.tterrag.registrate.AbstractRegistrate/REGISTRATE.REGISTER]: Captured registration for entry rare_kryppers_package of type minecraft:item
[10Jan2026 17:51:04.847] [modloading-worker-0/DEBUG] [com.tterrag.registrate.AbstractRegistrate/REGISTRATE.REGISTER]: Captured registration for entry rare_simi_package of type minecraft:item
[10Jan2026 17:51:04.847] [modloading-worker-0/DEBUG] [com.tterrag.registrate.AbstractRegistrate/REGISTRATE.REGISTER]: Captured registration for entry rare_starlotte_package of type minecraft:item
[10Jan2026 17:51:04.847] [modloading-worker-0/DEBUG] [com.tterrag.registrate.AbstractRegistrate/REGISTRATE.REGISTER]: Captured registration for entry rare_thunder_package of type minecraft:item
[10Jan2026 17:51:04.847] [modloading-worker-0/DEBUG] [com.tterrag.registrate.AbstractRegistrate/REGISTRATE.REGISTER]: Captured registration for entry rare_up_package of type minecraft:item
[10Jan2026 17:51:04.847] [modloading-worker-0/DEBUG] [com.tterrag.registrate.AbstractRegistrate/REGISTRATE.REGISTER]: Captured registration for entry rare_vector_package of type minecraft:item
[10Jan2026 17:51:04.849] [modloading-worker-0/DEBUG] [com.tterrag.registrate.AbstractRegistrate/REGISTRATE.REGISTER]: Captured registration for entry filter of type minecraft:item
[10Jan2026 17:51:04.850] [modloading-worker-0/DEBUG] [com.tterrag.registrate.AbstractRegistrate/REGISTRATE.REGISTER]: Captured registration for entry attribute_filter of type minecraft:item
[10Jan2026 17:51:04.850] [modloading-worker-0/DEBUG] [com.tterrag.registrate.AbstractRegistrate/REGISTRATE.REGISTER]: Captured registration for entry package_filter of type minecraft:item
[10Jan2026 17:51:04.851] [modloading-worker-0/DEBUG] [com.tterrag.registrate.AbstractRegistrate/REGISTRATE.REGISTER]: Captured registration for entry schedule of type minecraft:item
[10Jan2026 17:51:04.852] [modloading-worker-0/DEBUG] [com.tterrag.registrate.AbstractRegistrate/REGISTRATE.REGISTER]: Captured registration for entry shopping_list of type minecraft:item
[10Jan2026 17:51:04.852] [modloading-worker-0/DEBUG] [com.tterrag.registrate.AbstractRegistrate/REGISTRATE.REGISTER]: Captured registration for entry empty_schematic of type minecraft:item
[10Jan2026 17:51:04.853] [modloading-worker-0/DEBUG] [com.tterrag.registrate.AbstractRegistrate/REGISTRATE.REGISTER]: Captured registration for entry schematic_and_quill of type minecraft:item
[10Jan2026 17:51:04.854] [modloading-worker-0/DEBUG] [com.tterrag.registrate.AbstractRegistrate/REGISTRATE.REGISTER]: Captured registration for entry schematic of type minecraft:item
[10Jan2026 17:51:04.855] [modloading-worker-0/DEBUG] [com.tterrag.registrate.AbstractRegistrate/REGISTRATE.REGISTER]: Captured registration for entry copper_backtank of type minecraft:block
[10Jan2026 17:51:04.856] [modloading-worker-0/DEBUG] [com.tterrag.registrate.AbstractRegistrate/REGISTRATE.REGISTER]: Captured registration for entry netherite_backtank of type minecraft:block
[10Jan2026 17:51:04.858] [modloading-worker-0/DEBUG] [com.tterrag.registrate.AbstractRegistrate/REGISTRATE.REGISTER]: Captured registration for entry peculiar_bell of type minecraft:item
[10Jan2026 17:51:04.862] [modloading-worker-0/DEBUG] [com.tterrag.registrate.AbstractRegistrate/REGISTRATE.REGISTER]: Captured registration for entry peculiar_bell of type minecraft:block
[10Jan2026 17:51:04.862] [modloading-worker-0/DEBUG] [com.tterrag.registrate.AbstractRegistrate/REGISTRATE.REGISTER]: Captured registration for entry haunted_bell of type minecraft:item
[10Jan2026 17:51:04.863] [modloading-worker-0/DEBUG] [com.tterrag.registrate.AbstractRegistrate/REGISTRATE.REGISTER]: Captured registration for entry haunted_bell of type minecraft:block
[10Jan2026 17:51:04.865] [modloading-worker-0/DEBUG] [com.tterrag.registrate.AbstractRegistrate/REGISTRATE.REGISTER]: Captured registration for entry desk_bell of type minecraft:item
[10Jan2026 17:51:04.865] [modloading-worker-0/DEBUG] [com.tterrag.registrate.AbstractRegistrate/REGISTRATE.REGISTER]: Captured registration for entry desk_bell of type minecraft:block
[10Jan2026 17:51:04.867] [modloading-worker-0/DEBUG] [com.tterrag.registrate.AbstractRegistrate/REGISTRATE.REGISTER]: Captured registration for entry white_toolbox of type minecraft:item
[10Jan2026 17:51:04.867] [modloading-worker-0/DEBUG] [com.tterrag.registrate.AbstractRegistrate/REGISTRATE.REGISTER]: Captured registration for entry white_toolbox of type minecraft:block
[10Jan2026 17:51:04.867] [modloading-worker-0/DEBUG] [com.tterrag.registrate.AbstractRegistrate/REGISTRATE.REGISTER]: Captured registration for entry orange_toolbox of type minecraft:item
[10Jan2026 17:51:04.867] [modloading-worker-0/DEBUG] [com.tterrag.registrate.AbstractRegistrate/REGISTRATE.REGISTER]: Captured registration for entry orange_toolbox of type minecraft:block
[10Jan2026 17:51:04.867] [modloading-worker-0/DEBUG] [com.tterrag.registrate.AbstractRegistrate/REGISTRATE.REGISTER]: Captured registration for entry magenta_toolbox of type minecraft:item
[10Jan2026 17:51:04.867] [modloading-worker-0/DEBUG] [com.tterrag.registrate.AbstractRegistrate/REGISTRATE.REGISTER]: Captured registration for entry magenta_toolbox of type minecraft:block
[10Jan2026 17:51:04.867] [modloading-worker-0/DEBUG] [com.tterrag.registrate.AbstractRegistrate/REGISTRATE.REGISTER]: Captured registration for entry light_blue_toolbox of type minecraft:item
[10Jan2026 17:51:04.867] [modloading-worker-0/DEBUG] [com.tterrag.registrate.AbstractRegistrate/REGISTRATE.REGISTER]: Captured registration for entry light_blue_toolbox of type minecraft:block
[10Jan2026 17:51:04.867] [modloading-worker-0/DEBUG] [com.tterrag.registrate.AbstractRegistrate/REGISTRATE.REGISTER]: Captured registration for entry yellow_toolbox of type minecraft:item
[10Jan2026 17:51:04.867] [modloading-worker-0/DEBUG] [com.tterrag.registrate.AbstractRegistrate/REGISTRATE.REGISTER]: Captured registration for entry yellow_toolbox of type minecraft:block
[10Jan2026 17:51:04.867] [modloading-worker-0/DEBUG] [com.tterrag.registrate.AbstractRegistrate/REGISTRATE.REGISTER]: Captured registration for entry lime_toolbox of type minecraft:item
[10Jan2026 17:51:04.867] [modloading-worker-0/DEBUG] [com.tterrag.registrate.AbstractRegistrate/REGISTRATE.REGISTER]: Captured registration for entry lime_toolbox of type minecraft:block
[10Jan2026 17:51:04.867] [modloading-worker-0/DEBUG] [com.tterrag.registrate.AbstractRegistrate/REGISTRATE.REGISTER]: Captured registration for entry pink_toolbox of type minecraft:item
[10Jan2026 17:51:04.867] [modloading-worker-0/DEBUG] [com.tterrag.registrate.AbstractRegistrate/REGISTRATE.REGISTER]: Captured registration for entry pink_toolbox of type minecraft:block
[10Jan2026 17:51:04.867] [modloading-worker-0/DEBUG] [com.tterrag.registrate.AbstractRegistrate/REGISTRATE.REGISTER]: Captured registration for entry gray_toolbox of type minecraft:item
[10Jan2026 17:51:04.867] [modloading-worker-0/DEBUG] [com.tterrag.registrate.AbstractRegistrate/REGISTRATE.REGISTER]: Captured registration for entry gray_toolbox of type minecraft:block
[10Jan2026 17:51:04.867] [modloading-worker-0/DEBUG] [com.tterrag.registrate.AbstractRegistrate/REGISTRATE.REGISTER]: Captured registration for entry light_gray_toolbox of type minecraft:item
[10Jan2026 17:51:04.867] [modloading-worker-0/DEBUG] [com.tterrag.registrate.AbstractRegistrate/REGISTRATE.REGISTER]: Captured registration for entry light_gray_toolbox of type minecraft:block
[10Jan2026 17:51:04.867] [modloading-worker-0/DEBUG] [com.tterrag.registrate.AbstractRegistrate/REGISTRATE.REGISTER]: Captured registration for entry cyan_toolbox of type minecraft:item
[10Jan2026 17:51:04.867] [modloading-worker-0/DEBUG] [com.tterrag.registrate.AbstractRegistrate/REGISTRATE.REGISTER]: Captured registration for entry cyan_toolbox of type minecraft:block
[10Jan2026 17:51:04.867] [modloading-worker-0/DEBUG] [com.tterrag.registrate.AbstractRegistrate/REGISTRATE.REGISTER]: Captured registration for entry purple_toolbox of type minecraft:item
[10Jan2026 17:51:04.867] [modloading-worker-0/DEBUG] [com.tterrag.registrate.AbstractRegistrate/REGISTRATE.REGISTER]: Captured registration for entry purple_toolbox of type minecraft:block
[10Jan2026 17:51:04.867] [modloading-worker-0/DEBUG] [com.tterrag.registrate.AbstractRegistrate/REGISTRATE.REGISTER]: Captured registration for entry blue_toolbox of type minecraft:item
[10Jan2026 17:51:04.867] [modloading-worker-0/DEBUG] [com.tterrag.registrate.AbstractRegistrate/REGISTRATE.REGISTER]: Captured registration for entry blue_toolbox of type minecraft:block
[10Jan2026 17:51:04.868] [modloading-worker-0/DEBUG] [com.tterrag.registrate.AbstractRegistrate/REGISTRATE.REGISTER]: Captured registration for entry brown_toolbox of type minecraft:item
[10Jan2026 17:51:04.868] [modloading-worker-0/DEBUG] [com.tterrag.registrate.AbstractRegistrate/REGISTRATE.REGISTER]: Captured registration for entry brown_toolbox of type minecraft:block
[10Jan2026 17:51:04.868] [modloading-worker-0/DEBUG] [com.tterrag.registrate.AbstractRegistrate/REGISTRATE.REGISTER]: Captured registration for entry green_toolbox of type minecraft:item
[10Jan2026 17:51:04.868] [modloading-worker-0/DEBUG] [com.tterrag.registrate.AbstractRegistrate/REGISTRATE.REGISTER]: Captured registration for entry green_toolbox of type minecraft:block
[10Jan2026 17:51:04.868] [modloading-worker-0/DEBUG] [com.tterrag.registrate.AbstractRegistrate/REGISTRATE.REGISTER]: Captured registration for entry red_toolbox of type minecraft:item
[10Jan2026 17:51:04.868] [modloading-worker-0/DEBUG] [com.tterrag.registrate.AbstractRegistrate/REGISTRATE.REGISTER]: Captured registration for entry red_toolbox of type minecraft:block
[10Jan2026 17:51:04.868] [modloading-worker-0/DEBUG] [com.tterrag.registrate.AbstractRegistrate/REGISTRATE.REGISTER]: Captured registration for entry black_toolbox of type minecraft:item
[10Jan2026 17:51:04.868] [modloading-worker-0/DEBUG] [com.tterrag.registrate.AbstractRegistrate/REGISTRATE.REGISTER]: Captured registration for entry black_toolbox of type minecraft:block
[10Jan2026 17:51:04.870] [modloading-worker-0/DEBUG] [com.tterrag.registrate.AbstractRegistrate/REGISTRATE.REGISTER]: Captured registration for entry clipboard of type minecraft:item
[10Jan2026 17:51:04.870] [modloading-worker-0/DEBUG] [com.tterrag.registrate.AbstractRegistrate/REGISTRATE.REGISTER]: Captured registration for entry clipboard of type minecraft:block
[10Jan2026 17:51:04.872] [modloading-worker-0/DEBUG] [com.tterrag.registrate.AbstractRegistrate/REGISTRATE.REGISTER]: Captured registration for entry andesite_ladder of type minecraft:item
[10Jan2026 17:51:04.872] [modloading-worker-0/DEBUG] [com.tterrag.registrate.AbstractRegistrate/REGISTRATE.REGISTER]: Captured registration for entry andesite_ladder of type minecraft:block
[10Jan2026 17:51:04.872] [modloading-worker-0/DEBUG] [com.tterrag.registrate.AbstractRegistrate/REGISTRATE.REGISTER]: Captured registration for entry brass_ladder of type minecraft:item
[10Jan2026 17:51:04.872] [modloading-worker-0/DEBUG] [com.tterrag.registrate.AbstractRegistrate/REGISTRATE.REGISTER]: Captured registration for entry brass_ladder of type minecraft:block
[10Jan2026 17:51:04.872] [modloading-worker-0/DEBUG] [com.tterrag.registrate.AbstractRegistrate/REGISTRATE.REGISTER]: Captured registration for entry copper_ladder of type minecraft:item
[10Jan2026 17:51:04.872] [modloading-worker-0/DEBUG] [com.tterrag.registrate.AbstractRegistrate/REGISTRATE.REGISTER]: Captured registration for entry copper_ladder of type minecraft:block
[10Jan2026 17:51:04.874] [modloading-worker-0/DEBUG] [com.tterrag.registrate.AbstractRegistrate/REGISTRATE.REGISTER]: Captured registration for entry andesite_bars of type minecraft:item
[10Jan2026 17:51:04.874] [modloading-worker-0/DEBUG] [com.tterrag.registrate.AbstractRegistrate/REGISTRATE.REGISTER]: Captured registration for entry andesite_bars of type minecraft:block
[10Jan2026 17:51:04.874] [modloading-worker-0/DEBUG] [com.tterrag.registrate.AbstractRegistrate/REGISTRATE.REGISTER]: Captured registration for entry brass_bars of type minecraft:item
[10Jan2026 17:51:04.874] [modloading-worker-0/DEBUG] [com.tterrag.registrate.AbstractRegistrate/REGISTRATE.REGISTER]: Captured registration for entry brass_bars of type minecraft:block
[10Jan2026 17:51:04.874] [modloading-worker-0/DEBUG] [com.tterrag.registrate.AbstractRegistrate/REGISTRATE.REGISTER]: Captured registration for entry copper_bars of type minecraft:item
[10Jan2026 17:51:04.874] [modloading-worker-0/DEBUG] [com.tterrag.registrate.AbstractRegistrate/REGISTRATE.REGISTER]: Captured registration for entry copper_bars of type minecraft:block
[10Jan2026 17:51:04.877] [modloading-worker-0/DEBUG] [Ponder/]: Loaded net.createmod.catnip.platform.ForgePlatformHelper@c1d2d9e for service interface net.createmod.catnip.platform.services.PlatformHelper
[10Jan2026 17:51:04.878] [modloading-worker-0/DEBUG] [Ponder/]: Loaded net.createmod.catnip.platform.ForgeFluidHelper@541e413a for service interface net.createmod.catnip.platform.services.ModFluidHelper
[10Jan2026 17:51:04.879] [modloading-worker-0/DEBUG] [Ponder/]: Loaded net.createmod.catnip.platform.ForgeHooksHelper@689b029d for service interface net.createmod.catnip.platform.services.ModHooksHelper
[10Jan2026 17:51:04.879] [modloading-worker-0/DEBUG] [Ponder/]: Loaded net.createmod.catnip.platform.ForgeRegisteredObjectsHelper@17a23bb8 for service interface net.createmod.catnip.platform.services.RegisteredObjectsHelper
[10Jan2026 17:51:04.880] [modloading-worker-0/DEBUG] [Ponder/]: Loaded net.createmod.catnip.platform.ForgeNetworkHelper@587aa9af for service interface net.createmod.catnip.platform.services.NetworkHelper
[10Jan2026 17:51:04.884] [modloading-worker-0/DEBUG] [com.tterrag.registrate.AbstractRegistrate/REGISTRATE.REGISTER]: Captured registration for entry andesite_scaffolding of type minecraft:item
[10Jan2026 17:51:04.884] [modloading-worker-0/DEBUG] [com.tterrag.registrate.AbstractRegistrate/REGISTRATE.REGISTER]: Captured registration for entry andesite_scaffolding of type minecraft:block
[10Jan2026 17:51:04.884] [modloading-worker-0/DEBUG] [com.tterrag.registrate.AbstractRegistrate/REGISTRATE.REGISTER]: Captured registration for entry brass_scaffolding of type minecraft:item
[10Jan2026 17:51:04.884] [modloading-worker-0/DEBUG] [com.tterrag.registrate.AbstractRegistrate/REGISTRATE.REGISTER]: Captured registration for entry brass_scaffolding of type minecraft:block
[10Jan2026 17:51:04.884] [modloading-worker-0/DEBUG] [com.tterrag.registrate.AbstractRegistrate/REGISTRATE.REGISTER]: Captured registration for entry copper_scaffolding of type minecraft:item
[10Jan2026 17:51:04.884] [modloading-worker-0/DEBUG] [com.tterrag.registrate.AbstractRegistrate/REGISTRATE.REGISTER]: Captured registration for entry copper_scaffolding of type minecraft:block
[10Jan2026 17:51:04.885] [modloading-worker-0/DEBUG] [com.tterrag.registrate.AbstractRegistrate/REGISTRATE.REGISTER]: Captured registration for entry metal_girder of type minecraft:item
[10Jan2026 17:51:04.885] [modloading-worker-0/DEBUG] [com.tterrag.registrate.AbstractRegistrate/REGISTRATE.REGISTER]: Captured registration for entry metal_girder of type minecraft:block
[10Jan2026 17:51:04.886] [modloading-worker-0/DEBUG] [com.tterrag.registrate.AbstractRegistrate/REGISTRATE.REGISTER]: Captured registration for entry metal_girder_encased_shaft of type minecraft:block
[10Jan2026 17:51:04.886] [modloading-worker-0/DEBUG] [com.tterrag.registrate.AbstractRegistrate/REGISTRATE.REGISTER]: Captured registration for entry copycat_base of type minecraft:block
[10Jan2026 17:51:04.891] [modloading-worker-0/DEBUG] [com.tterrag.registrate.AbstractRegistrate/REGISTRATE.REGISTER]: Captured registration for entry copycat_step of type minecraft:item
[10Jan2026 17:51:04.891] [modloading-worker-0/DEBUG] [com.tterrag.registrate.AbstractRegistrate/REGISTRATE.REGISTER]: Captured registration for entry copycat_step of type minecraft:block
[10Jan2026 17:51:04.893] [modloading-worker-0/DEBUG] [com.tterrag.registrate.AbstractRegistrate/REGISTRATE.REGISTER]: Captured registration for entry copycat_panel of type minecraft:item
[10Jan2026 17:51:04.893] [modloading-worker-0/DEBUG] [com.tterrag.registrate.AbstractRegistrate/REGISTRATE.REGISTER]: Captured registration for entry copycat_panel of type minecraft:block
[10Jan2026 17:51:04.897] [modloading-worker-0/DEBUG] [com.tterrag.registrate.AbstractRegistrate/REGISTRATE.REGISTER]: Captured registration for entry copycat_bars of type minecraft:block
[10Jan2026 17:51:04.899] [modloading-worker-0/DEBUG] [com.tterrag.registrate.AbstractRegistrate/REGISTRATE.REGISTER]: Captured registration for entry white_seat of type minecraft:item
[10Jan2026 17:51:04.899] [modloading-worker-0/DEBUG] [com.tterrag.registrate.AbstractRegistrate/REGISTRATE.REGISTER]: Captured registration for entry white_seat of type minecraft:block
[10Jan2026 17:51:04.899] [modloading-worker-0/DEBUG] [com.tterrag.registrate.AbstractRegistrate/REGISTRATE.REGISTER]: Captured registration for entry orange_seat of type minecraft:item
[10Jan2026 17:51:04.899] [modloading-worker-0/DEBUG] [com.tterrag.registrate.AbstractRegistrate/REGISTRATE.REGISTER]: Captured registration for entry orange_seat of type minecraft:block
[10Jan2026 17:51:04.899] [modloading-worker-0/DEBUG] [com.tterrag.registrate.AbstractRegistrate/REGISTRATE.REGISTER]: Captured registration for entry magenta_seat of type minecraft:item
[10Jan2026 17:51:04.899] [modloading-worker-0/DEBUG] [com.tterrag.registrate.AbstractRegistrate/REGISTRATE.REGISTER]: Captured registration for entry magenta_seat of type minecraft:block
[10Jan2026 17:51:04.899] [modloading-worker-0/DEBUG] [com.tterrag.registrate.AbstractRegistrate/REGISTRATE.REGISTER]: Captured registration for entry light_blue_seat of type minecraft:item
[10Jan2026 17:51:04.899] [modloading-worker-0/DEBUG] [com.tterrag.registrate.AbstractRegistrate/REGISTRATE.REGISTER]: Captured registration for entry light_blue_seat of type minecraft:block
[10Jan2026 17:51:04.899] [modloading-worker-0/DEBUG] [com.tterrag.registrate.AbstractRegistrate/REGISTRATE.REGISTER]: Captured registration for entry yellow_seat of type minecraft:item
[10Jan2026 17:51:04.899] [modloading-worker-0/DEBUG] [com.tterrag.registrate.AbstractRegistrate/REGISTRATE.REGISTER]: Captured registration for entry yellow_seat of type minecraft:block
[10Jan2026 17:51:04.899] [modloading-worker-0/DEBUG] [com.tterrag.registrate.AbstractRegistrate/REGISTRATE.REGISTER]: Captured registration for entry lime_seat of type minecraft:item
[10Jan2026 17:51:04.899] [modloading-worker-0/DEBUG] [com.tterrag.registrate.AbstractRegistrate/REGISTRATE.REGISTER]: Captured registration for entry lime_seat of type minecraft:block
[10Jan2026 17:51:04.899] [modloading-worker-0/DEBUG] [com.tterrag.registrate.AbstractRegistrate/REGISTRATE.REGISTER]: Captured registration for entry pink_seat of type minecraft:item
[10Jan2026 17:51:04.899] [modloading-worker-0/DEBUG] [com.tterrag.registrate.AbstractRegistrate/REGISTRATE.REGISTER]: Captured registration for entry pink_seat of type minecraft:block
[10Jan2026 17:51:04.899] [modloading-worker-0/DEBUG] [com.tterrag.registrate.AbstractRegistrate/REGISTRATE.REGISTER]: Captured registration for entry gray_seat of type minecraft:item
[10Jan2026 17:51:04.899] [modloading-worker-0/DEBUG] [com.tterrag.registrate.AbstractRegistrate/REGISTRATE.REGISTER]: Captured registration for entry gray_seat of type minecraft:block
[10Jan2026 17:51:04.899] [modloading-worker-0/DEBUG] [com.tterrag.registrate.AbstractRegistrate/REGISTRATE.REGISTER]: Captured registration for entry light_gray_seat of type minecraft:item
[10Jan2026 17:51:04.899] [modloading-worker-0/DEBUG] [com.tterrag.registrate.AbstractRegistrate/REGISTRATE.REGISTER]: Captured registration for entry light_gray_seat of type minecraft:block
[10Jan2026 17:51:04.900] [modloading-worker-0/DEBUG] [com.tterrag.registrate.AbstractRegistrate/REGISTRATE.REGISTER]: Captured registration for entry cyan_seat of type minecraft:item
[10Jan2026 17:51:04.900] [modloading-worker-0/DEBUG] [com.tterrag.registrate.AbstractRegistrate/REGISTRATE.REGISTER]: Captured registration for entry cyan_seat of type minecraft:block
[10Jan2026 17:51:04.900] [modloading-worker-0/DEBUG] [com.tterrag.registrate.AbstractRegistrate/REGISTRATE.REGISTER]: Captured registration for entry purple_seat of type minecraft:item
[10Jan2026 17:51:04.900] [modloading-worker-0/DEBUG] [com.tterrag.registrate.AbstractRegistrate/REGISTRATE.REGISTER]: Captured registration for entry purple_seat of type minecraft:block
[10Jan2026 17:51:04.900] [modloading-worker-0/DEBUG] [com.tterrag.registrate.AbstractRegistrate/REGISTRATE.REGISTER]: Captured registration for entry blue_seat of type minecraft:item
[10Jan2026 17:51:04.900] [modloading-worker-0/DEBUG] [com.tterrag.registrate.AbstractRegistrate/REGISTRATE.REGISTER]: Captured registration for entry blue_seat of type minecraft:block
[10Jan2026 17:51:04.900] [modloading-worker-0/DEBUG] [com.tterrag.registrate.AbstractRegistrate/REGISTRATE.REGISTER]: Captured registration for entry brown_seat of type minecraft:item
[10Jan2026 17:51:04.900] [modloading-worker-0/DEBUG] [com.tterrag.registrate.AbstractRegistrate/REGISTRATE.REGISTER]: Captured registration for entry brown_seat of type minecraft:block
[10Jan2026 17:51:04.900] [modloading-worker-0/DEBUG] [com.tterrag.registrate.AbstractRegistrate/REGISTRATE.REGISTER]: Captured registration for entry green_seat of type minecraft:item
[10Jan2026 17:51:04.900] [modloading-worker-0/DEBUG] [com.tterrag.registrate.AbstractRegistrate/REGISTRATE.REGISTER]: Captured registration for entry green_seat of type minecraft:block
[10Jan2026 17:51:04.900] [modloading-worker-0/DEBUG] [com.tterrag.registrate.AbstractRegistrate/REGISTRATE.REGISTER]: Captured registration for entry red_seat of type minecraft:item
[10Jan2026 17:51:04.900] [modloading-worker-0/DEBUG] [com.tterrag.registrate.AbstractRegistrate/REGISTRATE.REGISTER]: Captured registration for entry red_seat of type minecraft:block
[10Jan2026 17:51:04.900] [modloading-worker-0/DEBUG] [com.tterrag.registrate.AbstractRegistrate/REGISTRATE.REGISTER]: Captured registration for entry black_seat of type minecraft:item
[10Jan2026 17:51:04.900] [modloading-worker-0/DEBUG] [com.tterrag.registrate.AbstractRegistrate/REGISTRATE.REGISTER]: Captured registration for entry black_seat of type minecraft:block
[10Jan2026 17:51:04.902] [modloading-worker-0/DEBUG] [com.tterrag.registrate.AbstractRegistrate/REGISTRATE.REGISTER]: Captured registration for entry andesite_door of type minecraft:item
[10Jan2026 17:51:04.902] [modloading-worker-0/DEBUG] [com.tterrag.registrate.AbstractRegistrate/REGISTRATE.REGISTER]: Captured registration for entry andesite_door of type minecraft:block
[10Jan2026 17:51:04.902] [modloading-worker-0/DEBUG] [com.tterrag.registrate.AbstractRegistrate/REGISTRATE.REGISTER]: Captured registration for entry brass_door of type minecraft:item
[10Jan2026 17:51:04.903] [modloading-worker-0/DEBUG] [com.tterrag.registrate.AbstractRegistrate/REGISTRATE.REGISTER]: Captured registration for entry brass_door of type minecraft:block
[10Jan2026 17:51:04.903] [modloading-worker-0/DEBUG] [com.tterrag.registrate.AbstractRegistrate/REGISTRATE.REGISTER]: Captured registration for entry copper_door of type minecraft:item
[10Jan2026 17:51:04.903] [modloading-worker-0/DEBUG] [com.tterrag.registrate.AbstractRegistrate/REGISTRATE.REGISTER]: Captured registration for entry copper_door of type minecraft:block
[10Jan2026 17:51:04.903] [modloading-worker-0/DEBUG] [com.tterrag.registrate.AbstractRegistrate/REGISTRATE.REGISTER]: Captured registration for entry train_door of type minecraft:item
[10Jan2026 17:51:04.904] [modloading-worker-0/DEBUG] [com.tterrag.registrate.AbstractRegistrate/REGISTRATE.REGISTER]: Captured registration for entry train_door of type minecraft:block
[10Jan2026 17:51:04.905] [modloading-worker-0/DEBUG] [com.tterrag.registrate.AbstractRegistrate/REGISTRATE.REGISTER]: Captured registration for entry train_trapdoor of type minecraft:item
[10Jan2026 17:51:04.905] [modloading-worker-0/DEBUG] [com.tterrag.registrate.AbstractRegistrate/REGISTRATE.REGISTER]: Captured registration for entry train_trapdoor of type minecraft:block
[10Jan2026 17:51:04.905] [modloading-worker-0/DEBUG] [com.tterrag.registrate.AbstractRegistrate/REGISTRATE.REGISTER]: Captured registration for entry framed_glass_door of type minecraft:item
[10Jan2026 17:51:04.905] [modloading-worker-0/DEBUG] [com.tterrag.registrate.AbstractRegistrate/REGISTRATE.REGISTER]: Captured registration for entry framed_glass_door of type minecraft:block
[10Jan2026 17:51:04.905] [modloading-worker-0/DEBUG] [com.tterrag.registrate.AbstractRegistrate/REGISTRATE.REGISTER]: Captured registration for entry framed_glass_trapdoor of type minecraft:item
[10Jan2026 17:51:04.906] [modloading-worker-0/DEBUG] [com.tterrag.registrate.AbstractRegistrate/REGISTRATE.REGISTER]: Captured registration for entry framed_glass_trapdoor of type minecraft:block
[10Jan2026 17:51:04.906] [modloading-worker-0/DEBUG] [com.tterrag.registrate.AbstractRegistrate/REGISTRATE.REGISTER]: Captured registration for entry zinc_ore of type minecraft:item
[10Jan2026 17:51:04.907] [modloading-worker-0/DEBUG] [com.tterrag.registrate.AbstractRegistrate/REGISTRATE.REGISTER]: Captured registration for entry zinc_ore of type minecraft:block
[10Jan2026 17:51:04.907] [modloading-worker-0/DEBUG] [com.tterrag.registrate.AbstractRegistrate/REGISTRATE.REGISTER]: Captured registration for entry deepslate_zinc_ore of type minecraft:item
[10Jan2026 17:51:04.907] [modloading-worker-0/DEBUG] [com.tterrag.registrate.AbstractRegistrate/REGISTRATE.REGISTER]: Captured registration for entry deepslate_zinc_ore of type minecraft:block
[10Jan2026 17:51:04.907] [modloading-worker-0/DEBUG] [com.tterrag.registrate.AbstractRegistrate/REGISTRATE.REGISTER]: Captured registration for entry raw_zinc_block of type minecraft:item
[10Jan2026 17:51:04.907] [modloading-worker-0/DEBUG] [com.tterrag.registrate.AbstractRegistrate/REGISTRATE.REGISTER]: Captured registration for entry raw_zinc_block of type minecraft:block
[10Jan2026 17:51:04.907] [modloading-worker-0/DEBUG] [com.tterrag.registrate.AbstractRegistrate/REGISTRATE.REGISTER]: Captured registration for entry zinc_block of type minecraft:item
[10Jan2026 17:51:04.907] [modloading-worker-0/DEBUG] [com.tterrag.registrate.AbstractRegistrate/REGISTRATE.REGISTER]: Captured registration for entry zinc_block of type minecraft:block
[10Jan2026 17:51:04.908] [modloading-worker-0/DEBUG] [com.tterrag.registrate.AbstractRegistrate/REGISTRATE.REGISTER]: Captured registration for entry andesite_alloy_block of type minecraft:item
[10Jan2026 17:51:04.908] [modloading-worker-0/DEBUG] [com.tterrag.registrate.AbstractRegistrate/REGISTRATE.REGISTER]: Captured registration for entry andesite_alloy_block of type minecraft:block
[10Jan2026 17:51:04.908] [modloading-worker-0/DEBUG] [com.tterrag.registrate.AbstractRegistrate/REGISTRATE.REGISTER]: Captured registration for entry industrial_iron_block of type minecraft:item
[10Jan2026 17:51:04.908] [modloading-worker-0/DEBUG] [com.tterrag.registrate.AbstractRegistrate/REGISTRATE.REGISTER]: Captured registration for entry industrial_iron_block of type minecraft:block
[10Jan2026 17:51:04.908] [modloading-worker-0/DEBUG] [com.tterrag.registrate.AbstractRegistrate/REGISTRATE.REGISTER]: Captured registration for entry weathered_iron_block of type minecraft:item
[10Jan2026 17:51:04.908] [modloading-worker-0/DEBUG] [com.tterrag.registrate.AbstractRegistrate/REGISTRATE.REGISTER]: Captured registration for entry weathered_iron_block of type minecraft:block
[10Jan2026 17:51:04.908] [modloading-worker-0/DEBUG] [com.tterrag.registrate.AbstractRegistrate/REGISTRATE.REGISTER]: Captured registration for entry brass_block of type minecraft:item
[10Jan2026 17:51:04.908] [modloading-worker-0/DEBUG] [com.tterrag.registrate.AbstractRegistrate/REGISTRATE.REGISTER]: Captured registration for entry brass_block of type minecraft:block
[10Jan2026 17:51:04.909] [modloading-worker-0/DEBUG] [com.tterrag.registrate.AbstractRegistrate/REGISTRATE.REGISTER]: Captured registration for entry cardboard_block of type minecraft:item
[10Jan2026 17:51:04.909] [modloading-worker-0/DEBUG] [com.tterrag.registrate.AbstractRegistrate/REGISTRATE.REGISTER]: Captured registration for entry cardboard_block of type minecraft:block
[10Jan2026 17:51:04.909] [modloading-worker-0/DEBUG] [com.tterrag.registrate.AbstractRegistrate/REGISTRATE.REGISTER]: Captured registration for entry bound_cardboard_block of type minecraft:item
[10Jan2026 17:51:04.909] [modloading-worker-0/DEBUG] [com.tterrag.registrate.AbstractRegistrate/REGISTRATE.REGISTER]: Captured registration for entry bound_cardboard_block of type minecraft:block
[10Jan2026 17:51:04.910] [modloading-worker-0/DEBUG] [com.tterrag.registrate.AbstractRegistrate/REGISTRATE.REGISTER]: Captured registration for entry experience_block of type minecraft:item
[10Jan2026 17:51:04.910] [modloading-worker-0/DEBUG] [com.tterrag.registrate.AbstractRegistrate/REGISTRATE.REGISTER]: Captured registration for entry experience_block of type minecraft:block
[10Jan2026 17:51:04.910] [modloading-worker-0/DEBUG] [com.tterrag.registrate.AbstractRegistrate/REGISTRATE.REGISTER]: Captured registration for entry rose_quartz_block of type minecraft:item
[10Jan2026 17:51:04.910] [modloading-worker-0/DEBUG] [com.tterrag.registrate.AbstractRegistrate/REGISTRATE.REGISTER]: Captured registration for entry rose_quartz_block of type minecraft:block
[10Jan2026 17:51:04.910] [modloading-worker-0/DEBUG] [com.tterrag.registrate.AbstractRegistrate/REGISTRATE.REGISTER]: Captured registration for entry rose_quartz_tiles of type minecraft:item
[10Jan2026 17:51:04.910] [modloading-worker-0/DEBUG] [com.tterrag.registrate.AbstractRegistrate/REGISTRATE.REGISTER]: Captured registration for entry rose_quartz_tiles of type minecraft:block
[10Jan2026 17:51:04.910] [modloading-worker-0/DEBUG] [com.tterrag.registrate.AbstractRegistrate/REGISTRATE.REGISTER]: Captured registration for entry small_rose_quartz_tiles of type minecraft:item
[10Jan2026 17:51:04.911] [modloading-worker-0/DEBUG] [com.tterrag.registrate.AbstractRegistrate/REGISTRATE.REGISTER]: Captured registration for entry small_rose_quartz_tiles of type minecraft:block
[10Jan2026 17:51:04.914] [modloading-worker-0/DEBUG] [com.tterrag.registrate.AbstractRegistrate/REGISTRATE.REGISTER]: Captured registration for entry copper_shingles of type minecraft:item
[10Jan2026 17:51:04.914] [modloading-worker-0/DEBUG] [com.tterrag.registrate.AbstractRegistrate/REGISTRATE.REGISTER]: Captured registration for entry copper_shingles of type minecraft:block
[10Jan2026 17:51:04.914] [modloading-worker-0/DEBUG] [com.tterrag.registrate.AbstractRegistrate/REGISTRATE.REGISTER]: Captured registration for entry exposed_copper_shingles of type minecraft:item
[10Jan2026 17:51:04.914] [modloading-worker-0/DEBUG] [com.tterrag.registrate.AbstractRegistrate/REGISTRATE.REGISTER]: Captured registration for entry exposed_copper_shingles of type minecraft:block
[10Jan2026 17:51:04.915] [modloading-worker-0/DEBUG] [com.tterrag.registrate.AbstractRegistrate/REGISTRATE.REGISTER]: Captured registration for entry weathered_copper_shingles of type minecraft:item
[10Jan2026 17:51:04.915] [modloading-worker-0/DEBUG] [com.tterrag.registrate.AbstractRegistrate/REGISTRATE.REGISTER]: Captured registration for entry weathered_copper_shingles of type minecraft:block
[10Jan2026 17:51:04.915] [modloading-worker-0/DEBUG] [com.tterrag.registrate.AbstractRegistrate/REGISTRATE.REGISTER]: Captured registration for entry oxidized_copper_shingles of type minecraft:item
[10Jan2026 17:51:04.915] [modloading-worker-0/DEBUG] [com.tterrag.registrate.AbstractRegistrate/REGISTRATE.REGISTER]: Captured registration for entry oxidized_copper_shingles of type minecraft:block
[10Jan2026 17:51:04.915] [modloading-worker-0/DEBUG] [com.tterrag.registrate.AbstractRegistrate/REGISTRATE.REGISTER]: Captured registration for entry copper_shingle_slab of type minecraft:item
[10Jan2026 17:51:04.915] [modloading-worker-0/DEBUG] [com.tterrag.registrate.AbstractRegistrate/REGISTRATE.REGISTER]: Captured registration for entry copper_shingle_slab of type minecraft:block
[10Jan2026 17:51:04.915] [modloading-worker-0/DEBUG] [com.tterrag.registrate.AbstractRegistrate/REGISTRATE.REGISTER]: Captured registration for entry exposed_copper_shingle_slab of type minecraft:item
[10Jan2026 17:51:04.915] [modloading-worker-0/DEBUG] [com.tterrag.registrate.AbstractRegistrate/REGISTRATE.REGISTER]: Captured registration for entry exposed_copper_shingle_slab of type minecraft:block
[10Jan2026 17:51:04.915] [modloading-worker-0/DEBUG] [com.tterrag.registrate.AbstractRegistrate/REGISTRATE.REGISTER]: Captured registration for entry weathered_copper_shingle_slab of type minecraft:item
[10Jan2026 17:51:04.915] [modloading-worker-0/DEBUG] [com.tterrag.registrate.AbstractRegistrate/REGISTRATE.REGISTER]: Captured registration for entry weathered_copper_shingle_slab of type minecraft:block
[10Jan2026 17:51:04.915] [modloading-worker-0/DEBUG] [com.tterrag.registrate.AbstractRegistrate/REGISTRATE.REGISTER]: Captured registration for entry oxidized_copper_shingle_slab of type minecraft:item
[10Jan2026 17:51:04.915] [modloading-worker-0/DEBUG] [com.tterrag.registrate.AbstractRegistrate/REGISTRATE.REGISTER]: Captured registration for entry oxidized_copper_shingle_slab of type minecraft:block
[10Jan2026 17:51:04.916] [modloading-worker-0/DEBUG] [com.tterrag.registrate.AbstractRegistrate/REGISTRATE.REGISTER]: Captured registration for entry copper_shingle_stairs of type minecraft:item
[10Jan2026 17:51:04.916] [modloading-worker-0/DEBUG] [com.tterrag.registrate.AbstractRegistrate/REGISTRATE.REGISTER]: Captured registration for entry copper_shingle_stairs of type minecraft:block
[10Jan2026 17:51:04.916] [modloading-worker-0/DEBUG] [com.tterrag.registrate.AbstractRegistrate/REGISTRATE.REGISTER]: Captured registration for entry exposed_copper_shingle_stairs of type minecraft:item
[10Jan2026 17:51:04.916] [modloading-worker-0/DEBUG] [com.tterrag.registrate.AbstractRegistrate/REGISTRATE.REGISTER]: Captured registration for entry exposed_copper_shingle_stairs of type minecraft:block
[10Jan2026 17:51:04.916] [modloading-worker-0/DEBUG] [com.tterrag.registrate.AbstractRegistrate/REGISTRATE.REGISTER]: Captured registration for entry weathered_copper_shingle_stairs of type minecraft:item
[10Jan2026 17:51:04.916] [modloading-worker-0/DEBUG] [com.tterrag.registrate.AbstractRegistrate/REGISTRATE.REGISTER]: Captured registration for entry weathered_copper_shingle_stairs of type minecraft:block
[10Jan2026 17:51:04.916] [modloading-worker-0/DEBUG] [com.tterrag.registrate.AbstractRegistrate/REGISTRATE.REGISTER]: Captured registration for entry oxidized_copper_shingle_stairs of type minecraft:item
[10Jan2026 17:51:04.916] [modloading-worker-0/DEBUG] [com.tterrag.registrate.AbstractRegistrate/REGISTRATE.REGISTER]: Captured registration for entry oxidized_copper_shingle_stairs of type minecraft:block
[10Jan2026 17:51:04.917] [modloading-worker-0/DEBUG] [com.tterrag.registrate.AbstractRegistrate/REGISTRATE.REGISTER]: Captured registration for entry waxed_copper_shingles of type minecraft:item
[10Jan2026 17:51:04.917] [modloading-worker-0/DEBUG] [com.tterrag.registrate.AbstractRegistrate/REGISTRATE.REGISTER]: Captured registration for entry waxed_copper_shingles of type minecraft:block
[10Jan2026 17:51:04.917] [modloading-worker-0/DEBUG] [com.tterrag.registrate.AbstractRegistrate/REGISTRATE.REGISTER]: Captured registration for entry waxed_exposed_copper_shingles of type minecraft:item
[10Jan2026 17:51:04.917] [modloading-worker-0/DEBUG] [com.tterrag.registrate.AbstractRegistrate/REGISTRATE.REGISTER]: Captured registration for entry waxed_exposed_copper_shingles of type minecraft:block
[10Jan2026 17:51:04.917] [modloading-worker-0/DEBUG] [com.tterrag.registrate.AbstractRegistrate/REGISTRATE.REGISTER]: Captured registration for entry waxed_weathered_copper_shingles of type minecraft:item
[10Jan2026 17:51:04.917] [modloading-worker-0/DEBUG] [com.tterrag.registrate.AbstractRegistrate/REGISTRATE.REGISTER]: Captured registration for entry waxed_weathered_copper_shingles of type minecraft:block
[10Jan2026 17:51:04.917] [modloading-worker-0/DEBUG] [com.tterrag.registrate.AbstractRegistrate/REGISTRATE.REGISTER]: Captured registration for entry waxed_oxidized_copper_shingles of type minecraft:item
[10Jan2026 17:51:04.917] [modloading-worker-0/DEBUG] [com.tterrag.registrate.AbstractRegistrate/REGISTRATE.REGISTER]: Captured registration for entry waxed_oxidized_copper_shingles of type minecraft:block
[10Jan2026 17:51:04.917] [modloading-worker-0/DEBUG] [com.tterrag.registrate.AbstractRegistrate/REGISTRATE.REGISTER]: Captured registration for entry waxed_copper_shingle_slab of type minecraft:item
[10Jan2026 17:51:04.917] [modloading-worker-0/DEBUG] [com.tterrag.registrate.AbstractRegistrate/REGISTRATE.REGISTER]: Captured registration for entry waxed_copper_shingle_slab of type minecraft:block
[10Jan2026 17:51:04.917] [modloading-worker-0/DEBUG] [com.tterrag.registrate.AbstractRegistrate/REGISTRATE.REGISTER]: Captured registration for entry waxed_exposed_copper_shingle_slab of type minecraft:item
[10Jan2026 17:51:04.917] [modloading-worker-0/DEBUG] [com.tterrag.registrate.AbstractRegistrate/REGISTRATE.REGISTER]: Captured registration for entry waxed_exposed_copper_shingle_slab of type minecraft:block
[10Jan2026 17:51:04.917] [modloading-worker-0/DEBUG] [com.tterrag.registrate.AbstractRegistrate/REGISTRATE.REGISTER]: Captured registration for entry waxed_weathered_copper_shingle_slab of type minecraft:item
[10Jan2026 17:51:04.917] [modloading-worker-0/DEBUG] [com.tterrag.registrate.AbstractRegistrate/REGISTRATE.REGISTER]: Captured registration for entry waxed_weathered_copper_shingle_slab of type minecraft:block
[10Jan2026 17:51:04.917] [modloading-worker-0/DEBUG] [com.tterrag.registrate.AbstractRegistrate/REGISTRATE.REGISTER]: Captured registration for entry waxed_oxidized_copper_shingle_slab of type minecraft:item
[10Jan2026 17:51:04.917] [modloading-worker-0/DEBUG] [com.tterrag.registrate.AbstractRegistrate/REGISTRATE.REGISTER]: Captured registration for entry waxed_oxidized_copper_shingle_slab of type minecraft:block
[10Jan2026 17:51:04.918] [modloading-worker-0/DEBUG] [com.tterrag.registrate.AbstractRegistrate/REGISTRATE.REGISTER]: Captured registration for entry waxed_copper_shingle_stairs of type minecraft:item
[10Jan2026 17:51:04.918] [modloading-worker-0/DEBUG] [com.tterrag.registrate.AbstractRegistrate/REGISTRATE.REGISTER]: Captured registration for entry waxed_copper_shingle_stairs of type minecraft:block
[10Jan2026 17:51:04.918] [modloading-worker-0/DEBUG] [com.tterrag.registrate.AbstractRegistrate/REGISTRATE.REGISTER]: Captured registration for entry waxed_exposed_copper_shingle_stairs of type minecraft:item
[10Jan2026 17:51:04.918] [modloading-worker-0/DEBUG] [com.tterrag.registrate.AbstractRegistrate/REGISTRATE.REGISTER]: Captured registration for entry waxed_exposed_copper_shingle_stairs of type minecraft:block
[10Jan2026 17:51:04.919] [modloading-worker-0/DEBUG] [com.tterrag.registrate.AbstractRegistrate/REGISTRATE.REGISTER]: Captured registration for entry waxed_weathered_copper_shingle_stairs of type minecraft:item
[10Jan2026 17:51:04.919] [modloading-worker-0/DEBUG] [com.tterrag.registrate.AbstractRegistrate/REGISTRATE.REGISTER]: Captured registration for entry waxed_weathered_copper_shingle_stairs of type minecraft:block
[10Jan2026 17:51:04.919] [modloading-worker-0/DEBUG] [com.tterrag.registrate.AbstractRegistrate/REGISTRATE.REGISTER]: Captured registration for entry waxed_oxidized_copper_shingle_stairs of type minecraft:item
[10Jan2026 17:51:04.919] [modloading-worker-0/DEBUG] [com.tterrag.registrate.AbstractRegistrate/REGISTRATE.REGISTER]: Captured registration for entry waxed_oxidized_copper_shingle_stairs of type minecraft:block
[10Jan2026 17:51:04.919] [modloading-worker-0/DEBUG] [com.tterrag.registrate.AbstractRegistrate/REGISTRATE.REGISTER]: Captured registration for entry copper_tiles of type minecraft:item
[10Jan2026 17:51:04.919] [modloading-worker-0/DEBUG] [com.tterrag.registrate.AbstractRegistrate/REGISTRATE.REGISTER]: Captured registration for entry copper_tiles of type minecraft:block
[10Jan2026 17:51:04.919] [modloading-worker-0/DEBUG] [com.tterrag.registrate.AbstractRegistrate/REGISTRATE.REGISTER]: Captured registration for entry exposed_copper_tiles of type minecraft:item
[10Jan2026 17:51:04.919] [modloading-worker-0/DEBUG] [com.tterrag.registrate.AbstractRegistrate/REGISTRATE.REGISTER]: Captured registration for entry exposed_copper_tiles of type minecraft:block
[10Jan2026 17:51:04.919] [modloading-worker-0/DEBUG] [com.tterrag.registrate.AbstractRegistrate/REGISTRATE.REGISTER]: Captured registration for entry weathered_copper_tiles of type minecraft:item
[10Jan2026 17:51:04.919] [modloading-worker-0/DEBUG] [com.tterrag.registrate.AbstractRegistrate/REGISTRATE.REGISTER]: Captured registration for entry weathered_copper_tiles of type minecraft:block
[10Jan2026 17:51:04.919] [modloading-worker-0/DEBUG] [com.tterrag.registrate.AbstractRegistrate/REGISTRATE.REGISTER]: Captured registration for entry oxidized_copper_tiles of type minecraft:item
[10Jan2026 17:51:04.919] [modloading-worker-0/DEBUG] [com.tterrag.registrate.AbstractRegistrate/REGISTRATE.REGISTER]: Captured registration for entry oxidized_copper_tiles of type minecraft:block
[10Jan2026 17:51:04.919] [modloading-worker-0/DEBUG] [com.tterrag.registrate.AbstractRegistrate/REGISTRATE.REGISTER]: Captured registration for entry copper_tile_slab of type minecraft:item
[10Jan2026 17:51:04.919] [modloading-worker-0/DEBUG] [com.tterrag.registrate.AbstractRegistrate/REGISTRATE.REGISTER]: Captured registration for entry copper_tile_slab of type minecraft:block
[10Jan2026 17:51:04.919] [modloading-worker-0/DEBUG] [com.tterrag.registrate.AbstractRegistrate/REGISTRATE.REGISTER]: Captured registration for entry exposed_copper_tile_slab of type minecraft:item
[10Jan2026 17:51:04.920] [modloading-worker-0/DEBUG] [com.tterrag.registrate.AbstractRegistrate/REGISTRATE.REGISTER]: Captured registration for entry exposed_copper_tile_slab of type minecraft:block
[10Jan2026 17:51:04.920] [modloading-worker-0/DEBUG] [com.tterrag.registrate.AbstractRegistrate/REGISTRATE.REGISTER]: Captured registration for entry weathered_copper_tile_slab of type minecraft:item
[10Jan2026 17:51:04.920] [modloading-worker-0/DEBUG] [com.tterrag.registrate.AbstractRegistrate/REGISTRATE.REGISTER]: Captured registration for entry weathered_copper_tile_slab of type minecraft:block
[10Jan2026 17:51:04.920] [modloading-worker-0/DEBUG] [com.tterrag.registrate.AbstractRegistrate/REGISTRATE.REGISTER]: Captured registration for entry oxidized_copper_tile_slab of type minecraft:item
[10Jan2026 17:51:04.920] [modloading-worker-0/DEBUG] [com.tterrag.registrate.AbstractRegistrate/REGISTRATE.REGISTER]: Captured registration for entry oxidized_copper_tile_slab of type minecraft:block
[10Jan2026 17:51:04.920] [modloading-worker-0/DEBUG] [com.tterrag.registrate.AbstractRegistrate/REGISTRATE.REGISTER]: Captured registration for entry copper_tile_stairs of type minecraft:item
[10Jan2026 17:51:04.920] [modloading-worker-0/DEBUG] [com.tterrag.registrate.AbstractRegistrate/REGISTRATE.REGISTER]: Captured registration for entry copper_tile_stairs of type minecraft:block
[10Jan2026 17:51:04.920] [modloading-worker-0/DEBUG] [com.tterrag.registrate.AbstractRegistrate/REGISTRATE.REGISTER]: Captured registration for entry exposed_copper_tile_stairs of type minecraft:item
[10Jan2026 17:51:04.920] [modloading-worker-0/DEBUG] [com.tterrag.registrate.AbstractRegistrate/REGISTRATE.REGISTER]: Captured registration for entry exposed_copper_tile_stairs of type minecraft:block
[10Jan2026 17:51:04.920] [modloading-worker-0/DEBUG] [com.tterrag.registrate.AbstractRegistrate/REGISTRATE.REGISTER]: Captured registration for entry weathered_copper_tile_stairs of type minecraft:item
[10Jan2026 17:51:04.920] [modloading-worker-0/DEBUG] [com.tterrag.registrate.AbstractRegistrate/REGISTRATE.REGISTER]: Captured registration for entry weathered_copper_tile_stairs of type minecraft:block
[10Jan2026 17:51:04.920] [modloading-worker-0/DEBUG] [com.tterrag.registrate.AbstractRegistrate/REGISTRATE.REGISTER]: Captured registration for entry oxidized_copper_tile_stairs of type minecraft:item
[10Jan2026 17:51:04.920] [modloading-worker-0/DEBUG] [com.tterrag.registrate.AbstractRegistrate/REGISTRATE.REGISTER]: Captured registration for entry oxidized_copper_tile_stairs of type minecraft:block
[10Jan2026 17:51:04.920] [modloading-worker-0/DEBUG] [com.tterrag.registrate.AbstractRegistrate/REGISTRATE.REGISTER]: Captured registration for entry waxed_copper_tiles of type minecraft:item
[10Jan2026 17:51:04.920] [modloading-worker-0/DEBUG] [com.tterrag.registrate.AbstractRegistrate/REGISTRATE.REGISTER]: Captured registration for entry waxed_copper_tiles of type minecraft:block
[10Jan2026 17:51:04.920] [modloading-worker-0/DEBUG] [com.tterrag.registrate.AbstractRegistrate/REGISTRATE.REGISTER]: Captured registration for entry waxed_exposed_copper_tiles of type minecraft:item
[10Jan2026 17:51:04.920] [modloading-worker-0/DEBUG] [com.tterrag.registrate.AbstractRegistrate/REGISTRATE.REGISTER]: Captured registration for entry waxed_exposed_copper_tiles of type minecraft:block
[10Jan2026 17:51:04.920] [modloading-worker-0/DEBUG] [com.tterrag.registrate.AbstractRegistrate/REGISTRATE.REGISTER]: Captured registration for entry waxed_weathered_copper_tiles of type minecraft:item
[10Jan2026 17:51:04.920] [modloading-worker-0/DEBUG] [com.tterrag.registrate.AbstractRegistrate/REGISTRATE.REGISTER]: Captured registration for entry waxed_weathered_copper_tiles of type minecraft:block
[10Jan2026 17:51:04.920] [modloading-worker-0/DEBUG] [com.tterrag.registrate.AbstractRegistrate/REGISTRATE.REGISTER]: Captured registration for entry waxed_oxidized_copper_tiles of type minecraft:item
[10Jan2026 17:51:04.920] [modloading-worker-0/DEBUG] [com.tterrag.registrate.AbstractRegistrate/REGISTRATE.REGISTER]: Captured registration for entry waxed_oxidized_copper_tiles of type minecraft:block
[10Jan2026 17:51:04.920] [modloading-worker-0/DEBUG] [com.tterrag.registrate.AbstractRegistrate/REGISTRATE.REGISTER]: Captured registration for entry waxed_copper_tile_slab of type minecraft:item
[10Jan2026 17:51:04.920] [modloading-worker-0/DEBUG] [com.tterrag.registrate.AbstractRegistrate/REGISTRATE.REGISTER]: Captured registration for entry waxed_copper_tile_slab of type minecraft:block
[10Jan2026 17:51:04.920] [modloading-worker-0/DEBUG] [com.tterrag.registrate.AbstractRegistrate/REGISTRATE.REGISTER]: Captured registration for entry waxed_exposed_copper_tile_slab of type minecraft:item
[10Jan2026 17:51:04.920] [modloading-worker-0/DEBUG] [com.tterrag.registrate.AbstractRegistrate/REGISTRATE.REGISTER]: Captured registration for entry waxed_exposed_copper_tile_slab of type minecraft:block
[10Jan2026 17:51:04.920] [modloading-worker-0/DEBUG] [com.tterrag.registrate.AbstractRegistrate/REGISTRATE.REGISTER]: Captured registration for entry waxed_weathered_copper_tile_slab of type minecraft:item
[10Jan2026 17:51:04.920] [modloading-worker-0/DEBUG] [com.tterrag.registrate.AbstractRegistrate/REGISTRATE.REGISTER]: Captured registration for entry waxed_weathered_copper_tile_slab of type minecraft:block
[10Jan2026 17:51:04.920] [modloading-worker-0/DEBUG] [com.tterrag.registrate.AbstractRegistrate/REGISTRATE.REGISTER]: Captured registration for entry waxed_oxidized_copper_tile_slab of type minecraft:item
[10Jan2026 17:51:04.920] [modloading-worker-0/DEBUG] [com.tterrag.registrate.AbstractRegistrate/REGISTRATE.REGISTER]: Captured registration for entry waxed_oxidized_copper_tile_slab of type minecraft:block
[10Jan2026 17:51:04.920] [modloading-worker-0/DEBUG] [com.tterrag.registrate.AbstractRegistrate/REGISTRATE.REGISTER]: Captured registration for entry waxed_copper_tile_stairs of type minecraft:item
[10Jan2026 17:51:04.920] [modloading-worker-0/DEBUG] [com.tterrag.registrate.AbstractRegistrate/REGISTRATE.REGISTER]: Captured registration for entry waxed_copper_tile_stairs of type minecraft:block
[10Jan2026 17:51:04.920] [modloading-worker-0/DEBUG] [com.tterrag.registrate.AbstractRegistrate/REGISTRATE.REGISTER]: Captured registration for entry waxed_exposed_copper_tile_stairs of type minecraft:item
[10Jan2026 17:51:04.921] [modloading-worker-0/DEBUG] [com.tterrag.registrate.AbstractRegistrate/REGISTRATE.REGISTER]: Captured registration for entry waxed_exposed_copper_tile_stairs of type minecraft:block
[10Jan2026 17:51:04.921] [modloading-worker-0/DEBUG] [com.tterrag.registrate.AbstractRegistrate/REGISTRATE.REGISTER]: Captured registration for entry waxed_weathered_copper_tile_stairs of type minecraft:item
[10Jan2026 17:51:04.921] [modloading-worker-0/DEBUG] [com.tterrag.registrate.AbstractRegistrate/REGISTRATE.REGISTER]: Captured registration for entry waxed_weathered_copper_tile_stairs of type minecraft:block
[10Jan2026 17:51:04.921] [modloading-worker-0/DEBUG] [com.tterrag.registrate.AbstractRegistrate/REGISTRATE.REGISTER]: Captured registration for entry waxed_oxidized_copper_tile_stairs of type minecraft:item
[10Jan2026 17:51:04.921] [modloading-worker-0/DEBUG] [com.tterrag.registrate.AbstractRegistrate/REGISTRATE.REGISTER]: Captured registration for entry waxed_oxidized_copper_tile_stairs of type minecraft:block
[10Jan2026 17:51:04.929] [modloading-worker-0/DEBUG] [com.tterrag.registrate.AbstractRegistrate/REGISTRATE.REGISTER]: Captured registration for entry potion of type forge:fluid_type
[10Jan2026 17:51:04.929] [modloading-worker-0/DEBUG] [com.tterrag.registrate.AbstractRegistrate/REGISTRATE.REGISTER]: Captured registration for entry potion of type minecraft:fluid
[10Jan2026 17:51:04.929] [modloading-worker-0/DEBUG] [com.tterrag.registrate.AbstractRegistrate/REGISTRATE.REGISTER]: Captured registration for entry flowing_potion of type minecraft:fluid
[10Jan2026 17:51:04.930] [modloading-worker-0/DEBUG] [com.tterrag.registrate.AbstractRegistrate/REGISTRATE.REGISTER]: Captured registration for entry tea of type forge:fluid_type
[10Jan2026 17:51:04.930] [modloading-worker-0/DEBUG] [com.tterrag.registrate.AbstractRegistrate/REGISTRATE.REGISTER]: Captured registration for entry tea of type minecraft:fluid
[10Jan2026 17:51:04.930] [modloading-worker-0/DEBUG] [com.tterrag.registrate.AbstractRegistrate/REGISTRATE.REGISTER]: Captured registration for entry flowing_tea of type minecraft:fluid
[10Jan2026 17:51:04.933] [modloading-worker-0/DEBUG] [com.tterrag.registrate.AbstractRegistrate/REGISTRATE.REGISTER]: Captured registration for entry honey of type minecraft:block
[10Jan2026 17:51:04.933] [modloading-worker-0/DEBUG] [com.tterrag.registrate.AbstractRegistrate/REGISTRATE.REGISTER]: Captured registration for entry honey_bucket of type minecraft:item
[10Jan2026 17:51:04.933] [modloading-worker-0/DEBUG] [com.tterrag.registrate.AbstractRegistrate/REGISTRATE.REGISTER]: Captured registration for entry honey of type forge:fluid_type
[10Jan2026 17:51:04.933] [modloading-worker-0/DEBUG] [com.tterrag.registrate.AbstractRegistrate/REGISTRATE.REGISTER]: Captured registration for entry honey of type minecraft:fluid
[10Jan2026 17:51:04.933] [modloading-worker-0/DEBUG] [com.tterrag.registrate.AbstractRegistrate/REGISTRATE.REGISTER]: Captured registration for entry flowing_honey of type minecraft:fluid
[10Jan2026 17:51:04.934] [modloading-worker-0/DEBUG] [com.tterrag.registrate.AbstractRegistrate/REGISTRATE.REGISTER]: Captured registration for entry chocolate of type minecraft:block
[10Jan2026 17:51:04.934] [modloading-worker-0/DEBUG] [com.tterrag.registrate.AbstractRegistrate/REGISTRATE.REGISTER]: Captured registration for entry chocolate_bucket of type minecraft:item
[10Jan2026 17:51:04.934] [modloading-worker-0/DEBUG] [com.tterrag.registrate.AbstractRegistrate/REGISTRATE.REGISTER]: Captured registration for entry chocolate of type forge:fluid_type
[10Jan2026 17:51:04.934] [modloading-worker-0/DEBUG] [com.tterrag.registrate.AbstractRegistrate/REGISTRATE.REGISTER]: Captured registration for entry chocolate of type minecraft:fluid
[10Jan2026 17:51:04.934] [modloading-worker-0/DEBUG] [com.tterrag.registrate.AbstractRegistrate/REGISTRATE.REGISTER]: Captured registration for entry flowing_chocolate of type minecraft:fluid
[10Jan2026 17:51:04.936] [modloading-worker-0/DEBUG] [com.tterrag.registrate.AbstractRegistrate/REGISTRATE.REGISTER]: Captured registration for entry tiled_glass of type minecraft:item
[10Jan2026 17:51:04.936] [modloading-worker-0/DEBUG] [com.tterrag.registrate.AbstractRegistrate/REGISTRATE.REGISTER]: Captured registration for entry tiled_glass of type minecraft:block
[10Jan2026 17:51:04.938] [modloading-worker-0/DEBUG] [com.tterrag.registrate.AbstractRegistrate/REGISTRATE.REGISTER]: Captured registration for entry framed_glass of type minecraft:item
[10Jan2026 17:51:04.938] [modloading-worker-0/DEBUG] [com.tterrag.registrate.AbstractRegistrate/REGISTRATE.REGISTER]: Captured registration for entry framed_glass of type minecraft:block
[10Jan2026 17:51:04.938] [modloading-worker-0/DEBUG] [com.tterrag.registrate.AbstractRegistrate/REGISTRATE.REGISTER]: Captured registration for entry horizontal_framed_glass of type minecraft:item
[10Jan2026 17:51:04.938] [modloading-worker-0/DEBUG] [com.tterrag.registrate.AbstractRegistrate/REGISTRATE.REGISTER]: Captured registration for entry horizontal_framed_glass of type minecraft:block
[10Jan2026 17:51:04.938] [modloading-worker-0/DEBUG] [com.tterrag.registrate.AbstractRegistrate/REGISTRATE.REGISTER]: Captured registration for entry vertical_framed_glass of type minecraft:item
[10Jan2026 17:51:04.938] [modloading-worker-0/DEBUG] [com.tterrag.registrate.AbstractRegistrate/REGISTRATE.REGISTER]: Captured registration for entry vertical_framed_glass of type minecraft:block
[10Jan2026 17:51:04.939] [modloading-worker-0/DEBUG] [com.tterrag.registrate.AbstractRegistrate/REGISTRATE.REGISTER]: Captured registration for entry tiled_glass_pane of type minecraft:item
[10Jan2026 17:51:04.939] [modloading-worker-0/DEBUG] [com.tterrag.registrate.AbstractRegistrate/REGISTRATE.REGISTER]: Captured registration for entry tiled_glass_pane of type minecraft:block
[10Jan2026 17:51:04.939] [modloading-worker-0/DEBUG] [com.tterrag.registrate.AbstractRegistrate/REGISTRATE.REGISTER]: Captured registration for entry framed_glass_pane of type minecraft:item
[10Jan2026 17:51:04.939] [modloading-worker-0/DEBUG] [com.tterrag.registrate.AbstractRegistrate/REGISTRATE.REGISTER]: Captured registration for entry framed_glass_pane of type minecraft:block
[10Jan2026 17:51:04.939] [modloading-worker-0/DEBUG] [com.tterrag.registrate.AbstractRegistrate/REGISTRATE.REGISTER]: Captured registration for entry horizontal_framed_glass_pane of type minecraft:item
[10Jan2026 17:51:04.939] [modloading-worker-0/DEBUG] [com.tterrag.registrate.AbstractRegistrate/REGISTRATE.REGISTER]: Captured registration for entry horizontal_framed_glass_pane of type minecraft:block
[10Jan2026 17:51:04.941] [modloading-worker-0/DEBUG] [com.tterrag.registrate.AbstractRegistrate/REGISTRATE.REGISTER]: Captured registration for entry vertical_framed_glass_pane of type minecraft:item
[10Jan2026 17:51:04.941] [modloading-worker-0/DEBUG] [com.tterrag.registrate.AbstractRegistrate/REGISTRATE.REGISTER]: Captured registration for entry vertical_framed_glass_pane of type minecraft:block
[10Jan2026 17:51:04.941] [modloading-worker-0/DEBUG] [com.tterrag.registrate.AbstractRegistrate/REGISTRATE.REGISTER]: Captured registration for entry oak_window of type minecraft:item
[10Jan2026 17:51:04.941] [modloading-worker-0/DEBUG] [com.tterrag.registrate.AbstractRegistrate/REGISTRATE.REGISTER]: Captured registration for entry oak_window of type minecraft:block
[10Jan2026 17:51:04.941] [modloading-worker-0/DEBUG] [com.tterrag.registrate.AbstractRegistrate/REGISTRATE.REGISTER]: Captured registration for entry spruce_window of type minecraft:item
[10Jan2026 17:51:04.941] [modloading-worker-0/DEBUG] [com.tterrag.registrate.AbstractRegistrate/REGISTRATE.REGISTER]: Captured registration for entry spruce_window of type minecraft:block
[10Jan2026 17:51:04.941] [modloading-worker-0/DEBUG] [com.tterrag.registrate.AbstractRegistrate/REGISTRATE.REGISTER]: Captured registration for entry birch_window of type minecraft:item
[10Jan2026 17:51:04.941] [modloading-worker-0/DEBUG] [com.tterrag.registrate.AbstractRegistrate/REGISTRATE.REGISTER]: Captured registration for entry birch_window of type minecraft:block
[10Jan2026 17:51:04.942] [modloading-worker-0/DEBUG] [com.tterrag.registrate.AbstractRegistrate/REGISTRATE.REGISTER]: Captured registration for entry jungle_window of type minecraft:item
[10Jan2026 17:51:04.942] [modloading-worker-0/DEBUG] [com.tterrag.registrate.AbstractRegistrate/REGISTRATE.REGISTER]: Captured registration for entry jungle_window of type minecraft:block
[10Jan2026 17:51:04.942] [modloading-worker-0/DEBUG] [com.tterrag.registrate.AbstractRegistrate/REGISTRATE.REGISTER]: Captured registration for entry acacia_window of type minecraft:item
[10Jan2026 17:51:04.942] [modloading-worker-0/DEBUG] [com.tterrag.registrate.AbstractRegistrate/REGISTRATE.REGISTER]: Captured registration for entry acacia_window of type minecraft:block
[10Jan2026 17:51:04.942] [modloading-worker-0/DEBUG] [com.tterrag.registrate.AbstractRegistrate/REGISTRATE.REGISTER]: Captured registration for entry dark_oak_window of type minecraft:item
[10Jan2026 17:51:04.942] [modloading-worker-0/DEBUG] [com.tterrag.registrate.AbstractRegistrate/REGISTRATE.REGISTER]: Captured registration for entry dark_oak_window of type minecraft:block
[10Jan2026 17:51:04.942] [modloading-worker-0/DEBUG] [com.tterrag.registrate.AbstractRegistrate/REGISTRATE.REGISTER]: Captured registration for entry mangrove_window of type minecraft:item
[10Jan2026 17:51:04.942] [modloading-worker-0/DEBUG] [com.tterrag.registrate.AbstractRegistrate/REGISTRATE.REGISTER]: Captured registration for entry mangrove_window of type minecraft:block
[10Jan2026 17:51:04.942] [modloading-worker-0/DEBUG] [com.tterrag.registrate.AbstractRegistrate/REGISTRATE.REGISTER]: Captured registration for entry crimson_window of type minecraft:item
[10Jan2026 17:51:04.942] [modloading-worker-0/DEBUG] [com.tterrag.registrate.AbstractRegistrate/REGISTRATE.REGISTER]: Captured registration for entry crimson_window of type minecraft:block
[10Jan2026 17:51:04.942] [modloading-worker-0/DEBUG] [com.tterrag.registrate.AbstractRegistrate/REGISTRATE.REGISTER]: Captured registration for entry warped_window of type minecraft:item
[10Jan2026 17:51:04.942] [modloading-worker-0/DEBUG] [com.tterrag.registrate.AbstractRegistrate/REGISTRATE.REGISTER]: Captured registration for entry warped_window of type minecraft:block
[10Jan2026 17:51:04.942] [modloading-worker-0/DEBUG] [com.tterrag.registrate.AbstractRegistrate/REGISTRATE.REGISTER]: Captured registration for entry cherry_window of type minecraft:item
[10Jan2026 17:51:04.942] [modloading-worker-0/DEBUG] [com.tterrag.registrate.AbstractRegistrate/REGISTRATE.REGISTER]: Captured registration for entry cherry_window of type minecraft:block
[10Jan2026 17:51:04.942] [modloading-worker-0/DEBUG] [com.tterrag.registrate.AbstractRegistrate/REGISTRATE.REGISTER]: Captured registration for entry bamboo_window of type minecraft:item
[10Jan2026 17:51:04.942] [modloading-worker-0/DEBUG] [com.tterrag.registrate.AbstractRegistrate/REGISTRATE.REGISTER]: Captured registration for entry bamboo_window of type minecraft:block
[10Jan2026 17:51:04.942] [modloading-worker-0/DEBUG] [com.tterrag.registrate.AbstractRegistrate/REGISTRATE.REGISTER]: Captured registration for entry ornate_iron_window of type minecraft:item
[10Jan2026 17:51:04.942] [modloading-worker-0/DEBUG] [com.tterrag.registrate.AbstractRegistrate/REGISTRATE.REGISTER]: Captured registration for entry ornate_iron_window of type minecraft:block
[10Jan2026 17:51:04.942] [modloading-worker-0/DEBUG] [com.tterrag.registrate.AbstractRegistrate/REGISTRATE.REGISTER]: Captured registration for entry industrial_iron_window of type minecraft:item
[10Jan2026 17:51:04.942] [modloading-worker-0/DEBUG] [com.tterrag.registrate.AbstractRegistrate/REGISTRATE.REGISTER]: Captured registration for entry industrial_iron_window of type minecraft:block
[10Jan2026 17:51:04.943] [modloading-worker-0/DEBUG] [com.tterrag.registrate.AbstractRegistrate/REGISTRATE.REGISTER]: Captured registration for entry weathered_iron_window of type minecraft:item
[10Jan2026 17:51:04.943] [modloading-worker-0/DEBUG] [com.tterrag.registrate.AbstractRegistrate/REGISTRATE.REGISTER]: Captured registration for entry weathered_iron_window of type minecraft:item
[10Jan2026 17:51:04.943] [modloading-worker-0/DEBUG] [com.tterrag.registrate.AbstractRegistrate/REGISTRATE.REGISTER]: Captured registration for entry weathered_iron_window of type minecraft:block
[10Jan2026 17:51:04.943] [modloading-worker-0/DEBUG] [com.tterrag.registrate.AbstractRegistrate/REGISTRATE.REGISTER]: Captured registration for entry oak_window_pane of type minecraft:item
[10Jan2026 17:51:04.943] [modloading-worker-0/DEBUG] [com.tterrag.registrate.AbstractRegistrate/REGISTRATE.REGISTER]: Captured registration for entry oak_window_pane of type minecraft:block
[10Jan2026 17:51:04.943] [modloading-worker-0/DEBUG] [com.tterrag.registrate.AbstractRegistrate/REGISTRATE.REGISTER]: Captured registration for entry spruce_window_pane of type minecraft:item
[10Jan2026 17:51:04.943] [modloading-worker-0/DEBUG] [com.tterrag.registrate.AbstractRegistrate/REGISTRATE.REGISTER]: Captured registration for entry spruce_window_pane of type minecraft:block
[10Jan2026 17:51:04.943] [modloading-worker-0/DEBUG] [com.tterrag.registrate.AbstractRegistrate/REGISTRATE.REGISTER]: Captured registration for entry birch_window_pane of type minecraft:item
[10Jan2026 17:51:04.943] [modloading-worker-0/DEBUG] [com.tterrag.registrate.AbstractRegistrate/REGISTRATE.REGISTER]: Captured registration for entry birch_window_pane of type minecraft:block
[10Jan2026 17:51:04.943] [modloading-worker-0/DEBUG] [com.tterrag.registrate.AbstractRegistrate/REGISTRATE.REGISTER]: Captured registration for entry jungle_window_pane of type minecraft:item
[10Jan2026 17:51:04.943] [modloading-worker-0/DEBUG] [com.tterrag.registrate.AbstractRegistrate/REGISTRATE.REGISTER]: Captured registration for entry jungle_window_pane of type minecraft:block
[10Jan2026 17:51:04.944] [modloading-worker-0/DEBUG] [com.tterrag.registrate.AbstractRegistrate/REGISTRATE.REGISTER]: Captured registration for entry acacia_window_pane of type minecraft:item
[10Jan2026 17:51:04.944] [modloading-worker-0/DEBUG] [com.tterrag.registrate.AbstractRegistrate/REGISTRATE.REGISTER]: Captured registration for entry acacia_window_pane of type minecraft:block
[10Jan2026 17:51:04.944] [modloading-worker-0/DEBUG] [com.tterrag.registrate.AbstractRegistrate/REGISTRATE.REGISTER]: Captured registration for entry dark_oak_window_pane of type minecraft:item
[10Jan2026 17:51:04.944] [modloading-worker-0/DEBUG] [com.tterrag.registrate.AbstractRegistrate/REGISTRATE.REGISTER]: Captured registration for entry dark_oak_window_pane of type minecraft:block
[10Jan2026 17:51:04.944] [modloading-worker-0/DEBUG] [com.tterrag.registrate.AbstractRegistrate/REGISTRATE.REGISTER]: Captured registration for entry mangrove_window_pane of type minecraft:item
[10Jan2026 17:51:04.944] [modloading-worker-0/DEBUG] [com.tterrag.registrate.AbstractRegistrate/REGISTRATE.REGISTER]: Captured registration for entry mangrove_window_pane of type minecraft:block
[10Jan2026 17:51:04.944] [modloading-worker-0/DEBUG] [com.tterrag.registrate.AbstractRegistrate/REGISTRATE.REGISTER]: Captured registration for entry crimson_window_pane of type minecraft:item
[10Jan2026 17:51:04.944] [modloading-worker-0/DEBUG] [com.tterrag.registrate.AbstractRegistrate/REGISTRATE.REGISTER]: Captured registration for entry crimson_window_pane of type minecraft:block
[10Jan2026 17:51:04.944] [modloading-worker-0/DEBUG] [com.tterrag.registrate.AbstractRegistrate/REGISTRATE.REGISTER]: Captured registration for entry warped_window_pane of type minecraft:item
[10Jan2026 17:51:04.944] [modloading-worker-0/DEBUG] [com.tterrag.registrate.AbstractRegistrate/REGISTRATE.REGISTER]: Captured registration for entry warped_window_pane of type minecraft:block
[10Jan2026 17:51:04.944] [modloading-worker-0/DEBUG] [com.tterrag.registrate.AbstractRegistrate/REGISTRATE.REGISTER]: Captured registration for entry cherry_window_pane of type minecraft:item
[10Jan2026 17:51:04.944] [modloading-worker-0/DEBUG] [com.tterrag.registrate.AbstractRegistrate/REGISTRATE.REGISTER]: Captured registration for entry cherry_window_pane of type minecraft:block
[10Jan2026 17:51:04.944] [modloading-worker-0/DEBUG] [com.tterrag.registrate.AbstractRegistrate/REGISTRATE.REGISTER]: Captured registration for entry bamboo_window_pane of type minecraft:item
[10Jan2026 17:51:04.944] [modloading-worker-0/DEBUG] [com.tterrag.registrate.AbstractRegistrate/REGISTRATE.REGISTER]: Captured registration for entry bamboo_window_pane of type minecraft:block
[10Jan2026 17:51:04.944] [modloading-worker-0/DEBUG] [com.tterrag.registrate.AbstractRegistrate/REGISTRATE.REGISTER]: Captured registration for entry ornate_iron_window_pane of type minecraft:item
[10Jan2026 17:51:04.944] [modloading-worker-0/DEBUG] [com.tterrag.registrate.AbstractRegistrate/REGISTRATE.REGISTER]: Captured registration for entry ornate_iron_window_pane of type minecraft:block
[10Jan2026 17:51:04.944] [modloading-worker-0/DEBUG] [com.tterrag.registrate.AbstractRegistrate/REGISTRATE.REGISTER]: Captured registration for entry industrial_iron_window_pane of type minecraft:item
[10Jan2026 17:51:04.944] [modloading-worker-0/DEBUG] [com.tterrag.registrate.AbstractRegistrate/REGISTRATE.REGISTER]: Captured registration for entry industrial_iron_window_pane of type minecraft:block
[10Jan2026 17:51:04.944] [modloading-worker-0/DEBUG] [com.tterrag.registrate.AbstractRegistrate/REGISTRATE.REGISTER]: Captured registration for entry weathered_iron_window_pane of type minecraft:item
[10Jan2026 17:51:04.944] [modloading-worker-0/DEBUG] [com.tterrag.registrate.AbstractRegistrate/REGISTRATE.REGISTER]: Captured registration for entry weathered_iron_window_pane of type minecraft:block
[10Jan2026 17:51:04.950] [modloading-worker-0/DEBUG] [com.tterrag.registrate.AbstractRegistrate/REGISTRATE.REGISTER]: Captured registration for entry cut_granite of type minecraft:item
[10Jan2026 17:51:04.951] [modloading-worker-0/DEBUG] [com.tterrag.registrate.AbstractRegistrate/REGISTRATE.REGISTER]: Captured registration for entry cut_granite of type minecraft:block
[10Jan2026 17:51:04.951] [modloading-worker-0/DEBUG] [com.tterrag.registrate.AbstractRegistrate/REGISTRATE.REGISTER]: Captured registration for entry cut_granite_stairs of type minecraft:item
[10Jan2026 17:51:04.951] [modloading-worker-0/DEBUG] [com.tterrag.registrate.AbstractRegistrate/REGISTRATE.REGISTER]: Captured registration for entry cut_granite_stairs of type minecraft:block
[10Jan2026 17:51:04.951] [modloading-worker-0/DEBUG] [com.tterrag.registrate.AbstractRegistrate/REGISTRATE.REGISTER]: Captured registration for entry cut_granite_slab of type minecraft:item
[10Jan2026 17:51:04.951] [modloading-worker-0/DEBUG] [com.tterrag.registrate.AbstractRegistrate/REGISTRATE.REGISTER]: Captured registration for entry cut_granite_slab of type minecraft:block
[10Jan2026 17:51:04.952] [modloading-worker-0/DEBUG] [com.tterrag.registrate.AbstractRegistrate/REGISTRATE.REGISTER]: Captured registration for entry cut_granite_wall of type minecraft:item
[10Jan2026 17:51:04.952] [modloading-worker-0/DEBUG] [com.tterrag.registrate.AbstractRegistrate/REGISTRATE.REGISTER]: Captured registration for entry cut_granite_wall of type minecraft:block
[10Jan2026 17:51:04.952] [modloading-worker-0/DEBUG] [com.tterrag.registrate.AbstractRegistrate/REGISTRATE.REGISTER]: Captured registration for entry polished_cut_granite of type minecraft:item
[10Jan2026 17:51:04.952] [modloading-worker-0/DEBUG] [com.tterrag.registrate.AbstractRegistrate/REGISTRATE.REGISTER]: Captured registration for entry polished_cut_granite of type minecraft:block
[10Jan2026 17:51:04.952] [modloading-worker-0/DEBUG] [com.tterrag.registrate.AbstractRegistrate/REGISTRATE.REGISTER]: Captured registration for entry polished_cut_granite_stairs of type minecraft:item
[10Jan2026 17:51:04.952] [modloading-worker-0/DEBUG] [com.tterrag.registrate.AbstractRegistrate/REGISTRATE.REGISTER]: Captured registration for entry polished_cut_granite_stairs of type minecraft:block
[10Jan2026 17:51:04.952] [modloading-worker-0/DEBUG] [com.tterrag.registrate.AbstractRegistrate/REGISTRATE.REGISTER]: Captured registration for entry polished_cut_granite_slab of type minecraft:item
[10Jan2026 17:51:04.952] [modloading-worker-0/DEBUG] [com.tterrag.registrate.AbstractRegistrate/REGISTRATE.REGISTER]: Captured registration for entry polished_cut_granite_slab of type minecraft:block
[10Jan2026 17:51:04.952] [modloading-worker-0/DEBUG] [com.tterrag.registrate.AbstractRegistrate/REGISTRATE.REGISTER]: Captured registration for entry polished_cut_granite_wall of type minecraft:item
[10Jan2026 17:51:04.952] [modloading-worker-0/DEBUG] [com.tterrag.registrate.AbstractRegistrate/REGISTRATE.REGISTER]: Captured registration for entry polished_cut_granite_wall of type minecraft:block
[10Jan2026 17:51:04.952] [modloading-worker-0/DEBUG] [com.tterrag.registrate.AbstractRegistrate/REGISTRATE.REGISTER]: Captured registration for entry cut_granite_bricks of type minecraft:item
[10Jan2026 17:51:04.952] [modloading-worker-0/DEBUG] [com.tterrag.registrate.AbstractRegistrate/REGISTRATE.REGISTER]: Captured registration for entry cut_granite_bricks of type minecraft:block
[10Jan2026 17:51:04.952] [modloading-worker-0/DEBUG] [com.tterrag.registrate.AbstractRegistrate/REGISTRATE.REGISTER]: Captured registration for entry cut_granite_brick_stairs of type minecraft:item
[10Jan2026 17:51:04.952] [modloading-worker-0/DEBUG] [com.tterrag.registrate.AbstractRegistrate/REGISTRATE.REGISTER]: Captured registration for entry cut_granite_brick_stairs of type minecraft:block
[10Jan2026 17:51:04.952] [modloading-worker-0/DEBUG] [com.tterrag.registrate.AbstractRegistrate/REGISTRATE.REGISTER]: Captured registration for entry cut_granite_brick_slab of type minecraft:item
[10Jan2026 17:51:04.952] [modloading-worker-0/DEBUG] [com.tterrag.registrate.AbstractRegistrate/REGISTRATE.REGISTER]: Captured registration for entry cut_granite_brick_slab of type minecraft:block
[10Jan2026 17:51:04.952] [modloading-worker-0/DEBUG] [com.tterrag.registrate.AbstractRegistrate/REGISTRATE.REGISTER]: Captured registration for entry cut_granite_brick_wall of type minecraft:item
[10Jan2026 17:51:04.952] [modloading-worker-0/DEBUG] [com.tterrag.registrate.AbstractRegistrate/REGISTRATE.REGISTER]: Captured registration for entry cut_granite_brick_wall of type minecraft:block
[10Jan2026 17:51:04.952] [modloading-worker-0/DEBUG] [com.tterrag.registrate.AbstractRegistrate/REGISTRATE.REGISTER]: Captured registration for entry small_granite_bricks of type minecraft:item
[10Jan2026 17:51:04.952] [modloading-worker-0/DEBUG] [com.tterrag.registrate.AbstractRegistrate/REGISTRATE.REGISTER]: Captured registration for entry small_granite_bricks of type minecraft:block
[10Jan2026 17:51:04.952] [modloading-worker-0/DEBUG] [com.tterrag.registrate.AbstractRegistrate/REGISTRATE.REGISTER]: Captured registration for entry small_granite_brick_stairs of type minecraft:item
[10Jan2026 17:51:04.952] [modloading-worker-0/DEBUG] [com.tterrag.registrate.AbstractRegistrate/REGISTRATE.REGISTER]: Captured registration for entry small_granite_brick_stairs of type minecraft:block
[10Jan2026 17:51:04.952] [modloading-worker-0/DEBUG] [com.tterrag.registrate.AbstractRegistrate/REGISTRATE.REGISTER]: Captured registration for entry small_granite_brick_slab of type minecraft:item
[10Jan2026 17:51:04.952] [modloading-worker-0/DEBUG] [com.tterrag.registrate.AbstractRegistrate/REGISTRATE.REGISTER]: Captured registration for entry small_granite_brick_slab of type minecraft:block
[10Jan2026 17:51:04.952] [modloading-worker-0/DEBUG] [com.tterrag.registrate.AbstractRegistrate/REGISTRATE.REGISTER]: Captured registration for entry small_granite_brick_wall of type minecraft:item
[10Jan2026 17:51:04.952] [modloading-worker-0/DEBUG] [com.tterrag.registrate.AbstractRegistrate/REGISTRATE.REGISTER]: Captured registration for entry small_granite_brick_wall of type minecraft:block
[10Jan2026 17:51:04.953] [modloading-worker-0/DEBUG] [com.tterrag.registrate.AbstractRegistrate/REGISTRATE.REGISTER]: Captured registration for entry layered_granite of type minecraft:item
[10Jan2026 17:51:04.953] [modloading-worker-0/DEBUG] [com.tterrag.registrate.AbstractRegistrate/REGISTRATE.REGISTER]: Captured registration for entry layered_granite of type minecraft:block
[10Jan2026 17:51:04.953] [modloading-worker-0/DEBUG] [com.tterrag.registrate.AbstractRegistrate/REGISTRATE.REGISTER]: Captured registration for entry granite_pillar of type minecraft:item
[10Jan2026 17:51:04.953] [modloading-worker-0/DEBUG] [com.tterrag.registrate.AbstractRegistrate/REGISTRATE.REGISTER]: Captured registration for entry granite_pillar of type minecraft:block
[10Jan2026 17:51:04.954] [modloading-worker-0/DEBUG] [com.tterrag.registrate.AbstractRegistrate/REGISTRATE.REGISTER]: Captured registration for entry cut_diorite of type minecraft:item
[10Jan2026 17:51:04.954] [modloading-worker-0/DEBUG] [com.tterrag.registrate.AbstractRegistrate/REGISTRATE.REGISTER]: Captured registration for entry cut_diorite of type minecraft:block
[10Jan2026 17:51:04.954] [modloading-worker-0/DEBUG] [com.tterrag.registrate.AbstractRegistrate/REGISTRATE.REGISTER]: Captured registration for entry cut_diorite_stairs of type minecraft:item
[10Jan2026 17:51:04.954] [modloading-worker-0/DEBUG] [com.tterrag.registrate.AbstractRegistrate/REGISTRATE.REGISTER]: Captured registration for entry cut_diorite_stairs of type minecraft:block
[10Jan2026 17:51:04.954] [modloading-worker-0/DEBUG] [com.tterrag.registrate.AbstractRegistrate/REGISTRATE.REGISTER]: Captured registration for entry cut_diorite_slab of type minecraft:item
[10Jan2026 17:51:04.954] [modloading-worker-0/DEBUG] [com.tterrag.registrate.AbstractRegistrate/REGISTRATE.REGISTER]: Captured registration for entry cut_diorite_slab of type minecraft:block
[10Jan2026 17:51:04.954] [modloading-worker-0/DEBUG] [com.tterrag.registrate.AbstractRegistrate/REGISTRATE.REGISTER]: Captured registration for entry cut_diorite_wall of type minecraft:item
[10Jan2026 17:51:04.954] [modloading-worker-0/DEBUG] [com.tterrag.registrate.AbstractRegistrate/REGISTRATE.REGISTER]: Captured registration for entry cut_diorite_wall of type minecraft:block
[10Jan2026 17:51:04.954] [modloading-worker-0/DEBUG] [com.tterrag.registrate.AbstractRegistrate/REGISTRATE.REGISTER]: Captured registration for entry polished_cut_diorite of type minecraft:item
[10Jan2026 17:51:04.954] [modloading-worker-0/DEBUG] [com.tterrag.registrate.AbstractRegistrate/REGISTRATE.REGISTER]: Captured registration for entry polished_cut_diorite of type minecraft:block
[10Jan2026 17:51:04.954] [modloading-worker-0/DEBUG] [com.tterrag.registrate.AbstractRegistrate/REGISTRATE.REGISTER]: Captured registration for entry polished_cut_diorite_stairs of type minecraft:item
[10Jan2026 17:51:04.954] [modloading-worker-0/DEBUG] [com.tterrag.registrate.AbstractRegistrate/REGISTRATE.REGISTER]: Captured registration for entry polished_cut_diorite_stairs of type minecraft:block
[10Jan2026 17:51:04.954] [modloading-worker-0/DEBUG] [com.tterrag.registrate.AbstractRegistrate/REGISTRATE.REGISTER]: Captured registration for entry polished_cut_diorite_slab of type minecraft:item
[10Jan2026 17:51:04.954] [modloading-worker-0/DEBUG] [com.tterrag.registrate.AbstractRegistrate/REGISTRATE.REGISTER]: Captured registration for entry polished_cut_diorite_slab of type minecraft:block
[10Jan2026 17:51:04.954] [modloading-worker-0/DEBUG] [com.tterrag.registrate.AbstractRegistrate/REGISTRATE.REGISTER]: Captured registration for entry polished_cut_diorite_wall of type minecraft:item
[10Jan2026 17:51:04.954] [modloading-worker-0/DEBUG] [com.tterrag.registrate.AbstractRegistrate/REGISTRATE.REGISTER]: Captured registration for entry polished_cut_diorite_wall of type minecraft:block
[10Jan2026 17:51:04.954] [modloading-worker-0/DEBUG] [com.tterrag.registrate.AbstractRegistrate/REGISTRATE.REGISTER]: Captured registration for entry cut_diorite_bricks of type minecraft:item
[10Jan2026 17:51:04.954] [modloading-worker-0/DEBUG] [com.tterrag.registrate.AbstractRegistrate/REGISTRATE.REGISTER]: Captured registration for entry cut_diorite_bricks of type minecraft:block
[10Jan2026 17:51:04.955] [modloading-worker-0/DEBUG] [com.tterrag.registrate.AbstractRegistrate/REGISTRATE.REGISTER]: Captured registration for entry cut_diorite_brick_stairs of type minecraft:item
[10Jan2026 17:51:04.955] [modloading-worker-0/DEBUG] [com.tterrag.registrate.AbstractRegistrate/REGISTRATE.REGISTER]: Captured registration for entry cut_diorite_brick_stairs of type minecraft:block
[10Jan2026 17:51:04.955] [modloading-worker-0/DEBUG] [com.tterrag.registrate.AbstractRegistrate/REGISTRATE.REGISTER]: Captured registration for entry cut_diorite_brick_slab of type minecraft:item
[10Jan2026 17:51:04.955] [modloading-worker-0/DEBUG] [com.tterrag.registrate.AbstractRegistrate/REGISTRATE.REGISTER]: Captured registration for entry cut_diorite_brick_slab of type minecraft:block
[10Jan2026 17:51:04.955] [modloading-worker-0/DEBUG] [com.tterrag.registrate.AbstractRegistrate/REGISTRATE.REGISTER]: Captured registration for entry cut_diorite_brick_wall of type minecraft:item
[10Jan2026 17:51:04.955] [modloading-worker-0/DEBUG] [com.tterrag.registrate.AbstractRegistrate/REGISTRATE.REGISTER]: Captured registration for entry cut_diorite_brick_wall of type minecraft:block
[10Jan2026 17:51:04.955] [modloading-worker-0/DEBUG] [com.tterrag.registrate.AbstractRegistrate/REGISTRATE.REGISTER]: Captured registration for entry small_diorite_bricks of type minecraft:item
[10Jan2026 17:51:04.955] [modloading-worker-0/DEBUG] [com.tterrag.registrate.AbstractRegistrate/REGISTRATE.REGISTER]: Captured registration for entry small_diorite_bricks of type minecraft:block
[10Jan2026 17:51:04.955] [modloading-worker-0/DEBUG] [com.tterrag.registrate.AbstractRegistrate/REGISTRATE.REGISTER]: Captured registration for entry small_diorite_brick_stairs of type minecraft:item
[10Jan2026 17:51:04.955] [modloading-worker-0/DEBUG] [com.tterrag.registrate.AbstractRegistrate/REGISTRATE.REGISTER]: Captured registration for entry small_diorite_brick_stairs of type minecraft:block
[10Jan2026 17:51:04.955] [modloading-worker-0/DEBUG] [com.tterrag.registrate.AbstractRegistrate/REGISTRATE.REGISTER]: Captured registration for entry small_diorite_brick_slab of type minecraft:item
[10Jan2026 17:51:04.955] [modloading-worker-0/DEBUG] [com.tterrag.registrate.AbstractRegistrate/REGISTRATE.REGISTER]: Captured registration for entry small_diorite_brick_slab of type minecraft:block
[10Jan2026 17:51:04.955] [modloading-worker-0/DEBUG] [com.tterrag.registrate.AbstractRegistrate/REGISTRATE.REGISTER]: Captured registration for entry small_diorite_brick_wall of type minecraft:item
[10Jan2026 17:51:04.955] [modloading-worker-0/DEBUG] [com.tterrag.registrate.AbstractRegistrate/REGISTRATE.REGISTER]: Captured registration for entry small_diorite_brick_wall of type minecraft:block
[10Jan2026 17:51:04.955] [modloading-worker-0/DEBUG] [com.tterrag.registrate.AbstractRegistrate/REGISTRATE.REGISTER]: Captured registration for entry layered_diorite of type minecraft:item
[10Jan2026 17:51:04.955] [modloading-worker-0/DEBUG] [com.tterrag.registrate.AbstractRegistrate/REGISTRATE.REGISTER]: Captured registration for entry layered_diorite of type minecraft:block
[10Jan2026 17:51:04.955] [modloading-worker-0/DEBUG] [com.tterrag.registrate.AbstractRegistrate/REGISTRATE.REGISTER]: Captured registration for entry diorite_pillar of type minecraft:item
[10Jan2026 17:51:04.955] [modloading-worker-0/DEBUG] [com.tterrag.registrate.AbstractRegistrate/REGISTRATE.REGISTER]: Captured registration for entry diorite_pillar of type minecraft:block
[10Jan2026 17:51:04.955] [modloading-worker-0/DEBUG] [com.tterrag.registrate.AbstractRegistrate/REGISTRATE.REGISTER]: Captured registration for entry cut_andesite of type minecraft:item
[10Jan2026 17:51:04.955] [modloading-worker-0/DEBUG] [com.tterrag.registrate.AbstractRegistrate/REGISTRATE.REGISTER]: Captured registration for entry cut_andesite of type minecraft:block
[10Jan2026 17:51:04.955] [modloading-worker-0/DEBUG] [com.tterrag.registrate.AbstractRegistrate/REGISTRATE.REGISTER]: Captured registration for entry cut_andesite_stairs of type minecraft:item
[10Jan2026 17:51:04.955] [modloading-worker-0/DEBUG] [com.tterrag.registrate.AbstractRegistrate/REGISTRATE.REGISTER]: Captured registration for entry cut_andesite_stairs of type minecraft:block
[10Jan2026 17:51:04.955] [modloading-worker-0/DEBUG] [com.tterrag.registrate.AbstractRegistrate/REGISTRATE.REGISTER]: Captured registration for entry cut_andesite_slab of type minecraft:item
[10Jan2026 17:51:04.955] [modloading-worker-0/DEBUG] [com.tterrag.registrate.AbstractRegistrate/REGISTRATE.REGISTER]: Captured registration for entry cut_andesite_slab of type minecraft:block
[10Jan2026 17:51:04.955] [modloading-worker-0/DEBUG] [com.tterrag.registrate.AbstractRegistrate/REGISTRATE.REGISTER]: Captured registration for entry cut_andesite_wall of type minecraft:item
[10Jan2026 17:51:04.955] [modloading-worker-0/DEBUG] [com.tterrag.registrate.AbstractRegistrate/REGISTRATE.REGISTER]: Captured registration for entry cut_andesite_wall of type minecraft:block
[10Jan2026 17:51:04.955] [modloading-worker-0/DEBUG] [com.tterrag.registrate.AbstractRegistrate/REGISTRATE.REGISTER]: Captured registration for entry polished_cut_andesite of type minecraft:item
[10Jan2026 17:51:04.955] [modloading-worker-0/DEBUG] [com.tterrag.registrate.AbstractRegistrate/REGISTRATE.REGISTER]: Captured registration for entry polished_cut_andesite of type minecraft:block
[10Jan2026 17:51:04.955] [modloading-worker-0/DEBUG] [com.tterrag.registrate.AbstractRegistrate/REGISTRATE.REGISTER]: Captured registration for entry polished_cut_andesite_stairs of type minecraft:item
[10Jan2026 17:51:04.955] [modloading-worker-0/DEBUG] [com.tterrag.registrate.AbstractRegistrate/REGISTRATE.REGISTER]: Captured registration for entry polished_cut_andesite_stairs of type minecraft:block
[10Jan2026 17:51:04.955] [modloading-worker-0/DEBUG] [com.tterrag.registrate.AbstractRegistrate/REGISTRATE.REGISTER]: Captured registration for entry polished_cut_andesite_slab of type minecraft:item
[10Jan2026 17:51:04.955] [modloading-worker-0/DEBUG] [com.tterrag.registrate.AbstractRegistrate/REGISTRATE.REGISTER]: Captured registration for entry polished_cut_andesite_slab of type minecraft:block
[10Jan2026 17:51:04.955] [modloading-worker-0/DEBUG] [com.tterrag.registrate.AbstractRegistrate/REGISTRATE.REGISTER]: Captured registration for entry polished_cut_andesite_wall of type minecraft:item
[10Jan2026 17:51:04.955] [modloading-worker-0/DEBUG] [com.tterrag.registrate.AbstractRegistrate/REGISTRATE.REGISTER]: Captured registration for entry polished_cut_andesite_wall of type minecraft:block
[10Jan2026 17:51:04.955] [modloading-worker-0/DEBUG] [com.tterrag.registrate.AbstractRegistrate/REGISTRATE.REGISTER]: Captured registration for entry cut_andesite_bricks of type minecraft:item
[10Jan2026 17:51:04.955] [modloading-worker-0/DEBUG] [com.tterrag.registrate.AbstractRegistrate/REGISTRATE.REGISTER]: Captured registration for entry cut_andesite_bricks of type minecraft:block
[10Jan2026 17:51:04.955] [modloading-worker-0/DEBUG] [com.tterrag.registrate.AbstractRegistrate/REGISTRATE.REGISTER]: Captured registration for entry cut_andesite_brick_stairs of type minecraft:item
[10Jan2026 17:51:04.955] [modloading-worker-0/DEBUG] [com.tterrag.registrate.AbstractRegistrate/REGISTRATE.REGISTER]: Captured registration for entry cut_andesite_brick_stairs of type minecraft:block
[10Jan2026 17:51:04.955] [modloading-worker-0/DEBUG] [com.tterrag.registrate.AbstractRegistrate/REGISTRATE.REGISTER]: Captured registration for entry cut_andesite_brick_slab of type minecraft:item
[10Jan2026 17:51:04.955] [modloading-worker-0/DEBUG] [com.tterrag.registrate.AbstractRegistrate/REGISTRATE.REGISTER]: Captured registration for entry cut_andesite_brick_slab of type minecraft:block
[10Jan2026 17:51:04.955] [modloading-worker-0/DEBUG] [com.tterrag.registrate.AbstractRegistrate/REGISTRATE.REGISTER]: Captured registration for entry cut_andesite_brick_wall of type minecraft:item
[10Jan2026 17:51:04.955] [modloading-worker-0/DEBUG] [com.tterrag.registrate.AbstractRegistrate/REGISTRATE.REGISTER]: Captured registration for entry cut_andesite_brick_wall of type minecraft:block
[10Jan2026 17:51:04.955] [modloading-worker-0/DEBUG] [com.tterrag.registrate.AbstractRegistrate/REGISTRATE.REGISTER]: Captured registration for entry small_andesite_bricks of type minecraft:item
[10Jan2026 17:51:04.955] [modloading-worker-0/DEBUG] [com.tterrag.registrate.AbstractRegistrate/REGISTRATE.REGISTER]: Captured registration for entry small_andesite_bricks of type minecraft:block
[10Jan2026 17:51:04.956] [modloading-worker-0/DEBUG] [com.tterrag.registrate.AbstractRegistrate/REGISTRATE.REGISTER]: Captured registration for entry small_andesite_brick_stairs of type minecraft:item
[10Jan2026 17:51:04.956] [modloading-worker-0/DEBUG] [com.tterrag.registrate.AbstractRegistrate/REGISTRATE.REGISTER]: Captured registration for entry small_andesite_brick_stairs of type minecraft:block
[10Jan2026 17:51:04.956] [modloading-worker-0/DEBUG] [com.tterrag.registrate.AbstractRegistrate/REGISTRATE.REGISTER]: Captured registration for entry small_andesite_brick_slab of type minecraft:item
[10Jan2026 17:51:04.956] [modloading-worker-0/DEBUG] [com.tterrag.registrate.AbstractRegistrate/REGISTRATE.REGISTER]: Captured registration for entry small_andesite_brick_slab of type minecraft:block
[10Jan2026 17:51:04.956] [modloading-worker-0/DEBUG] [com.tterrag.registrate.AbstractRegistrate/REGISTRATE.REGISTER]: Captured registration for entry small_andesite_brick_wall of type minecraft:item
[10Jan2026 17:51:04.956] [modloading-worker-0/DEBUG] [com.tterrag.registrate.AbstractRegistrate/REGISTRATE.REGISTER]: Captured registration for entry small_andesite_brick_wall of type minecraft:block
[10Jan2026 17:51:04.956] [modloading-worker-0/DEBUG] [com.tterrag.registrate.AbstractRegistrate/REGISTRATE.REGISTER]: Captured registration for entry layered_andesite of type minecraft:item
[10Jan2026 17:51:04.956] [modloading-worker-0/DEBUG] [com.tterrag.registrate.AbstractRegistrate/REGISTRATE.REGISTER]: Captured registration for entry layered_andesite of type minecraft:block
[10Jan2026 17:51:04.956] [modloading-worker-0/DEBUG] [com.tterrag.registrate.AbstractRegistrate/REGISTRATE.REGISTER]: Captured registration for entry andesite_pillar of type minecraft:item
[10Jan2026 17:51:04.956] [modloading-worker-0/DEBUG] [com.tterrag.registrate.AbstractRegistrate/REGISTRATE.REGISTER]: Captured registration for entry andesite_pillar of type minecraft:block
[10Jan2026 17:51:04.956] [modloading-worker-0/DEBUG] [com.tterrag.registrate.AbstractRegistrate/REGISTRATE.REGISTER]: Captured registration for entry cut_calcite of type minecraft:item
[10Jan2026 17:51:04.956] [modloading-worker-0/DEBUG] [com.tterrag.registrate.AbstractRegistrate/REGISTRATE.REGISTER]: Captured registration for entry cut_calcite of type minecraft:block
[10Jan2026 17:51:04.956] [modloading-worker-0/DEBUG] [com.tterrag.registrate.AbstractRegistrate/REGISTRATE.REGISTER]: Captured registration for entry cut_calcite_stairs of type minecraft:item
[10Jan2026 17:51:04.956] [modloading-worker-0/DEBUG] [com.tterrag.registrate.AbstractRegistrate/REGISTRATE.REGISTER]: Captured registration for entry cut_calcite_stairs of type minecraft:block
[10Jan2026 17:51:04.956] [modloading-worker-0/DEBUG] [com.tterrag.registrate.AbstractRegistrate/REGISTRATE.REGISTER]: Captured registration for entry cut_calcite_slab of type minecraft:item
[10Jan2026 17:51:04.956] [modloading-worker-0/DEBUG] [com.tterrag.registrate.AbstractRegistrate/REGISTRATE.REGISTER]: Captured registration for entry cut_calcite_slab of type minecraft:block
[10Jan2026 17:51:04.956] [modloading-worker-0/DEBUG] [com.tterrag.registrate.AbstractRegistrate/REGISTRATE.REGISTER]: Captured registration for entry cut_calcite_wall of type minecraft:item
[10Jan2026 17:51:04.956] [modloading-worker-0/DEBUG] [com.tterrag.registrate.AbstractRegistrate/REGISTRATE.REGISTER]: Captured registration for entry cut_calcite_wall of type minecraft:block
[10Jan2026 17:51:04.956] [modloading-worker-0/DEBUG] [com.tterrag.registrate.AbstractRegistrate/REGISTRATE.REGISTER]: Captured registration for entry polished_cut_calcite of type minecraft:item
[10Jan2026 17:51:04.956] [modloading-worker-0/DEBUG] [com.tterrag.registrate.AbstractRegistrate/REGISTRATE.REGISTER]: Captured registration for entry polished_cut_calcite of type minecraft:block
[10Jan2026 17:51:04.956] [modloading-worker-0/DEBUG] [com.tterrag.registrate.AbstractRegistrate/REGISTRATE.REGISTER]: Captured registration for entry polished_cut_calcite_stairs of type minecraft:item
[10Jan2026 17:51:04.956] [modloading-worker-0/DEBUG] [com.tterrag.registrate.AbstractRegistrate/REGISTRATE.REGISTER]: Captured registration for entry polished_cut_calcite_stairs of type minecraft:block
[10Jan2026 17:51:04.956] [modloading-worker-0/DEBUG] [com.tterrag.registrate.AbstractRegistrate/REGISTRATE.REGISTER]: Captured registration for entry polished_cut_calcite_slab of type minecraft:item
[10Jan2026 17:51:04.956] [modloading-worker-0/DEBUG] [com.tterrag.registrate.AbstractRegistrate/REGISTRATE.REGISTER]: Captured registration for entry polished_cut_calcite_slab of type minecraft:block
[10Jan2026 17:51:04.956] [modloading-worker-0/DEBUG] [com.tterrag.registrate.AbstractRegistrate/REGISTRATE.REGISTER]: Captured registration for entry polished_cut_calcite_wall of type minecraft:item
[10Jan2026 17:51:04.956] [modloading-worker-0/DEBUG] [com.tterrag.registrate.AbstractRegistrate/REGISTRATE.REGISTER]: Captured registration for entry polished_cut_calcite_wall of type minecraft:block
[10Jan2026 17:51:04.956] [modloading-worker-0/DEBUG] [com.tterrag.registrate.AbstractRegistrate/REGISTRATE.REGISTER]: Captured registration for entry cut_calcite_bricks of type minecraft:item
[10Jan2026 17:51:04.956] [modloading-worker-0/DEBUG] [com.tterrag.registrate.AbstractRegistrate/REGISTRATE.REGISTER]: Captured registration for entry cut_calcite_bricks of type minecraft:block
[10Jan2026 17:51:04.956] [modloading-worker-0/DEBUG] [com.tterrag.registrate.AbstractRegistrate/REGISTRATE.REGISTER]: Captured registration for entry cut_calcite_brick_stairs of type minecraft:item
[10Jan2026 17:51:04.956] [modloading-worker-0/DEBUG] [com.tterrag.registrate.AbstractRegistrate/REGISTRATE.REGISTER]: Captured registration for entry cut_calcite_brick_stairs of type minecraft:block
[10Jan2026 17:51:04.956] [modloading-worker-0/DEBUG] [com.tterrag.registrate.AbstractRegistrate/REGISTRATE.REGISTER]: Captured registration for entry cut_calcite_brick_slab of type minecraft:item
[10Jan2026 17:51:04.956] [modloading-worker-0/DEBUG] [com.tterrag.registrate.AbstractRegistrate/REGISTRATE.REGISTER]: Captured registration for entry cut_calcite_brick_slab of type minecraft:block
[10Jan2026 17:51:04.956] [modloading-worker-0/DEBUG] [com.tterrag.registrate.AbstractRegistrate/REGISTRATE.REGISTER]: Captured registration for entry cut_calcite_brick_wall of type minecraft:item
[10Jan2026 17:51:04.956] [modloading-worker-0/DEBUG] [com.tterrag.registrate.AbstractRegistrate/REGISTRATE.REGISTER]: Captured registration for entry cut_calcite_brick_wall of type minecraft:block
[10Jan2026 17:51:04.956] [modloading-worker-0/DEBUG] [com.tterrag.registrate.AbstractRegistrate/REGISTRATE.REGISTER]: Captured registration for entry small_calcite_bricks of type minecraft:item
[10Jan2026 17:51:04.956] [modloading-worker-0/DEBUG] [com.tterrag.registrate.AbstractRegistrate/REGISTRATE.REGISTER]: Captured registration for entry small_calcite_bricks of type minecraft:block
[10Jan2026 17:51:04.956] [modloading-worker-0/DEBUG] [com.tterrag.registrate.AbstractRegistrate/REGISTRATE.REGISTER]: Captured registration for entry small_calcite_brick_stairs of type minecraft:item
[10Jan2026 17:51:04.956] [modloading-worker-0/DEBUG] [com.tterrag.registrate.AbstractRegistrate/REGISTRATE.REGISTER]: Captured registration for entry small_calcite_brick_stairs of type minecraft:block
[10Jan2026 17:51:04.956] [modloading-worker-0/DEBUG] [com.tterrag.registrate.AbstractRegistrate/REGISTRATE.REGISTER]: Captured registration for entry small_calcite_brick_slab of type minecraft:item
[10Jan2026 17:51:04.956] [modloading-worker-0/DEBUG] [com.tterrag.registrate.AbstractRegistrate/REGISTRATE.REGISTER]: Captured registration for entry small_calcite_brick_slab of type minecraft:block
[10Jan2026 17:51:04.956] [modloading-worker-0/DEBUG] [com.tterrag.registrate.AbstractRegistrate/REGISTRATE.REGISTER]: Captured registration for entry small_calcite_brick_wall of type minecraft:item
[10Jan2026 17:51:04.956] [modloading-worker-0/DEBUG] [com.tterrag.registrate.AbstractRegistrate/REGISTRATE.REGISTER]: Captured registration for entry small_calcite_brick_wall of type minecraft:block
[10Jan2026 17:51:04.956] [modloading-worker-0/DEBUG] [com.tterrag.registrate.AbstractRegistrate/REGISTRATE.REGISTER]: Captured registration for entry layered_calcite of type minecraft:item
[10Jan2026 17:51:04.956] [modloading-worker-0/DEBUG] [com.tterrag.registrate.AbstractRegistrate/REGISTRATE.REGISTER]: Captured registration for entry layered_calcite of type minecraft:block
[10Jan2026 17:51:04.956] [modloading-worker-0/DEBUG] [com.tterrag.registrate.AbstractRegistrate/REGISTRATE.REGISTER]: Captured registration for entry calcite_pillar of type minecraft:item
[10Jan2026 17:51:04.956] [modloading-worker-0/DEBUG] [com.tterrag.registrate.AbstractRegistrate/REGISTRATE.REGISTER]: Captured registration for entry calcite_pillar of type minecraft:block
[10Jan2026 17:51:04.957] [modloading-worker-0/DEBUG] [com.tterrag.registrate.AbstractRegistrate/REGISTRATE.REGISTER]: Captured registration for entry cut_dripstone of type minecraft:item
[10Jan2026 17:51:04.957] [modloading-worker-0/DEBUG] [com.tterrag.registrate.AbstractRegistrate/REGISTRATE.REGISTER]: Captured registration for entry cut_dripstone of type minecraft:block
[10Jan2026 17:51:04.957] [modloading-worker-0/DEBUG] [com.tterrag.registrate.AbstractRegistrate/REGISTRATE.REGISTER]: Captured registration for entry cut_dripstone_stairs of type minecraft:item
[10Jan2026 17:51:04.957] [modloading-worker-0/DEBUG] [com.tterrag.registrate.AbstractRegistrate/REGISTRATE.REGISTER]: Captured registration for entry cut_dripstone_stairs of type minecraft:block
[10Jan2026 17:51:04.957] [modloading-worker-0/DEBUG] [com.tterrag.registrate.AbstractRegistrate/REGISTRATE.REGISTER]: Captured registration for entry cut_dripstone_slab of type minecraft:item
[10Jan2026 17:51:04.957] [modloading-worker-0/DEBUG] [com.tterrag.registrate.AbstractRegistrate/REGISTRATE.REGISTER]: Captured registration for entry cut_dripstone_slab of type minecraft:block
[10Jan2026 17:51:04.957] [modloading-worker-0/DEBUG] [com.tterrag.registrate.AbstractRegistrate/REGISTRATE.REGISTER]: Captured registration for entry cut_dripstone_wall of type minecraft:item
[10Jan2026 17:51:04.957] [modloading-worker-0/DEBUG] [com.tterrag.registrate.AbstractRegistrate/REGISTRATE.REGISTER]: Captured registration for entry cut_dripstone_wall of type minecraft:block
[10Jan2026 17:51:04.957] [modloading-worker-0/DEBUG] [com.tterrag.registrate.AbstractRegistrate/REGISTRATE.REGISTER]: Captured registration for entry polished_cut_dripstone of type minecraft:item
[10Jan2026 17:51:04.957] [modloading-worker-0/DEBUG] [com.tterrag.registrate.AbstractRegistrate/REGISTRATE.REGISTER]: Captured registration for entry polished_cut_dripstone of type minecraft:block
[10Jan2026 17:51:04.957] [modloading-worker-0/DEBUG] [com.tterrag.registrate.AbstractRegistrate/REGISTRATE.REGISTER]: Captured registration for entry polished_cut_dripstone_stairs of type minecraft:item
[10Jan2026 17:51:04.957] [modloading-worker-0/DEBUG] [com.tterrag.registrate.AbstractRegistrate/REGISTRATE.REGISTER]: Captured registration for entry polished_cut_dripstone_stairs of type minecraft:block
[10Jan2026 17:51:04.957] [modloading-worker-0/DEBUG] [com.tterrag.registrate.AbstractRegistrate/REGISTRATE.REGISTER]: Captured registration for entry polished_cut_dripstone_slab of type minecraft:item
[10Jan2026 17:51:04.957] [modloading-worker-0/DEBUG] [com.tterrag.registrate.AbstractRegistrate/REGISTRATE.REGISTER]: Captured registration for entry polished_cut_dripstone_slab of type minecraft:block
[10Jan2026 17:51:04.957] [modloading-worker-0/DEBUG] [com.tterrag.registrate.AbstractRegistrate/REGISTRATE.REGISTER]: Captured registration for entry polished_cut_dripstone_wall of type minecraft:item
[10Jan2026 17:51:04.957] [modloading-worker-0/DEBUG] [com.tterrag.registrate.AbstractRegistrate/REGISTRATE.REGISTER]: Captured registration for entry polished_cut_dripstone_wall of type minecraft:block
[10Jan2026 17:51:04.957] [modloading-worker-0/DEBUG] [com.tterrag.registrate.AbstractRegistrate/REGISTRATE.REGISTER]: Captured registration for entry cut_dripstone_bricks of type minecraft:item
[10Jan2026 17:51:04.957] [modloading-worker-0/DEBUG] [com.tterrag.registrate.AbstractRegistrate/REGISTRATE.REGISTER]: Captured registration for entry cut_dripstone_bricks of type minecraft:block
[10Jan2026 17:51:04.957] [modloading-worker-0/DEBUG] [com.tterrag.registrate.AbstractRegistrate/REGISTRATE.REGISTER]: Captured registration for entry cut_dripstone_brick_stairs of type minecraft:item
[10Jan2026 17:51:04.957] [modloading-worker-0/DEBUG] [com.tterrag.registrate.AbstractRegistrate/REGISTRATE.REGISTER]: Captured registration for entry cut_dripstone_brick_stairs of type minecraft:block
[10Jan2026 17:51:04.957] [modloading-worker-0/DEBUG] [com.tterrag.registrate.AbstractRegistrate/REGISTRATE.REGISTER]: Captured registration for entry cut_dripstone_brick_slab of type minecraft:item
[10Jan2026 17:51:04.957] [modloading-worker-0/DEBUG] [com.tterrag.registrate.AbstractRegistrate/REGISTRATE.REGISTER]: Captured registration for entry cut_dripstone_brick_slab of type minecraft:block
[10Jan2026 17:51:04.957] [modloading-worker-0/DEBUG] [com.tterrag.registrate.AbstractRegistrate/REGISTRATE.REGISTER]: Captured registration for entry cut_dripstone_brick_wall of type minecraft:item
[10Jan2026 17:51:04.957] [modloading-worker-0/DEBUG] [com.tterrag.registrate.AbstractRegistrate/REGISTRATE.REGISTER]: Captured registration for entry cut_dripstone_brick_wall of type minecraft:block
[10Jan2026 17:51:04.957] [modloading-worker-0/DEBUG] [com.tterrag.registrate.AbstractRegistrate/REGISTRATE.REGISTER]: Captured registration for entry small_dripstone_bricks of type minecraft:item
[10Jan2026 17:51:04.957] [modloading-worker-0/DEBUG] [com.tterrag.registrate.AbstractRegistrate/REGISTRATE.REGISTER]: Captured registration for entry small_dripstone_bricks of type minecraft:block
[10Jan2026 17:51:04.957] [modloading-worker-0/DEBUG] [com.tterrag.registrate.AbstractRegistrate/REGISTRATE.REGISTER]: Captured registration for entry small_dripstone_brick_stairs of type minecraft:item
[10Jan2026 17:51:04.957] [modloading-worker-0/DEBUG] [com.tterrag.registrate.AbstractRegistrate/REGISTRATE.REGISTER]: Captured registration for entry small_dripstone_brick_stairs of type minecraft:block
[10Jan2026 17:51:04.957] [modloading-worker-0/DEBUG] [com.tterrag.registrate.AbstractRegistrate/REGISTRATE.REGISTER]: Captured registration for entry small_dripstone_brick_slab of type minecraft:item
[10Jan2026 17:51:04.957] [modloading-worker-0/DEBUG] [com.tterrag.registrate.AbstractRegistrate/REGISTRATE.REGISTER]: Captured registration for entry small_dripstone_brick_slab of type minecraft:block
[10Jan2026 17:51:04.957] [modloading-worker-0/DEBUG] [com.tterrag.registrate.AbstractRegistrate/REGISTRATE.REGISTER]: Captured registration for entry small_dripstone_brick_wall of type minecraft:item
[10Jan2026 17:51:04.957] [modloading-worker-0/DEBUG] [com.tterrag.registrate.AbstractRegistrate/REGISTRATE.REGISTER]: Captured registration for entry small_dripstone_brick_wall of type minecraft:block
[10Jan2026 17:51:04.957] [modloading-worker-0/DEBUG] [com.tterrag.registrate.AbstractRegistrate/REGISTRATE.REGISTER]: Captured registration for entry layered_dripstone of type minecraft:item
[10Jan2026 17:51:04.957] [modloading-worker-0/DEBUG] [com.tterrag.registrate.AbstractRegistrate/REGISTRATE.REGISTER]: Captured registration for entry layered_dripstone of type minecraft:block
[10Jan2026 17:51:04.957] [modloading-worker-0/DEBUG] [com.tterrag.registrate.AbstractRegistrate/REGISTRATE.REGISTER]: Captured registration for entry dripstone_pillar of type minecraft:item
[10Jan2026 17:51:04.957] [modloading-worker-0/DEBUG] [com.tterrag.registrate.AbstractRegistrate/REGISTRATE.REGISTER]: Captured registration for entry dripstone_pillar of type minecraft:block
[10Jan2026 17:51:04.957] [modloading-worker-0/DEBUG] [com.tterrag.registrate.AbstractRegistrate/REGISTRATE.REGISTER]: Captured registration for entry cut_deepslate of type minecraft:item
[10Jan2026 17:51:04.958] [modloading-worker-0/DEBUG] [com.tterrag.registrate.AbstractRegistrate/REGISTRATE.REGISTER]: Captured registration for entry cut_deepslate of type minecraft:block
[10Jan2026 17:51:04.958] [modloading-worker-0/DEBUG] [com.tterrag.registrate.AbstractRegistrate/REGISTRATE.REGISTER]: Captured registration for entry cut_deepslate_stairs of type minecraft:item
[10Jan2026 17:51:04.958] [modloading-worker-0/DEBUG] [com.tterrag.registrate.AbstractRegistrate/REGISTRATE.REGISTER]: Captured registration for entry cut_deepslate_stairs of type minecraft:block
[10Jan2026 17:51:04.958] [modloading-worker-0/DEBUG] [com.tterrag.registrate.AbstractRegistrate/REGISTRATE.REGISTER]: Captured registration for entry cut_deepslate_slab of type minecraft:item
[10Jan2026 17:51:04.958] [modloading-worker-0/DEBUG] [com.tterrag.registrate.AbstractRegistrate/REGISTRATE.REGISTER]: Captured registration for entry cut_deepslate_slab of type minecraft:block
[10Jan2026 17:51:04.958] [modloading-worker-0/DEBUG] [com.tterrag.registrate.AbstractRegistrate/REGISTRATE.REGISTER]: Captured registration for entry cut_deepslate_wall of type minecraft:item
[10Jan2026 17:51:04.958] [modloading-worker-0/DEBUG] [com.tterrag.registrate.AbstractRegistrate/REGISTRATE.REGISTER]: Captured registration for entry cut_deepslate_wall of type minecraft:block
[10Jan2026 17:51:04.958] [modloading-worker-0/DEBUG] [com.tterrag.registrate.AbstractRegistrate/REGISTRATE.REGISTER]: Captured registration for entry polished_cut_deepslate of type minecraft:item
[10Jan2026 17:51:04.958] [modloading-worker-0/DEBUG] [com.tterrag.registrate.AbstractRegistrate/REGISTRATE.REGISTER]: Captured registration for entry polished_cut_deepslate of type minecraft:block
[10Jan2026 17:51:04.958] [modloading-worker-0/DEBUG] [com.tterrag.registrate.AbstractRegistrate/REGISTRATE.REGISTER]: Captured registration for entry polished_cut_deepslate_stairs of type minecraft:item
[10Jan2026 17:51:04.958] [modloading-worker-0/DEBUG] [com.tterrag.registrate.AbstractRegistrate/REGISTRATE.REGISTER]: Captured registration for entry polished_cut_deepslate_stairs of type minecraft:block
[10Jan2026 17:51:04.958] [modloading-worker-0/DEBUG] [com.tterrag.registrate.AbstractRegistrate/REGISTRATE.REGISTER]: Captured registration for entry polished_cut_deepslate_slab of type minecraft:item
[10Jan2026 17:51:04.958] [modloading-worker-0/DEBUG] [com.tterrag.registrate.AbstractRegistrate/REGISTRATE.REGISTER]: Captured registration for entry polished_cut_deepslate_slab of type minecraft:block
[10Jan2026 17:51:04.958] [modloading-worker-0/DEBUG] [com.tterrag.registrate.AbstractRegistrate/REGISTRATE.REGISTER]: Captured registration for entry polished_cut_deepslate_wall of type minecraft:item
[10Jan2026 17:51:04.958] [modloading-worker-0/DEBUG] [com.tterrag.registrate.AbstractRegistrate/REGISTRATE.REGISTER]: Captured registration for entry polished_cut_deepslate_wall of type minecraft:block
[10Jan2026 17:51:04.958] [modloading-worker-0/DEBUG] [com.tterrag.registrate.AbstractRegistrate/REGISTRATE.REGISTER]: Captured registration for entry cut_deepslate_bricks of type minecraft:item
[10Jan2026 17:51:04.958] [modloading-worker-0/DEBUG] [com.tterrag.registrate.AbstractRegistrate/REGISTRATE.REGISTER]: Captured registration for entry cut_deepslate_bricks of type minecraft:block
[10Jan2026 17:51:04.958] [modloading-worker-0/DEBUG] [com.tterrag.registrate.AbstractRegistrate/REGISTRATE.REGISTER]: Captured registration for entry cut_deepslate_brick_stairs of type minecraft:item
[10Jan2026 17:51:04.958] [modloading-worker-0/DEBUG] [com.tterrag.registrate.AbstractRegistrate/REGISTRATE.REGISTER]: Captured registration for entry cut_deepslate_brick_stairs of type minecraft:block
[10Jan2026 17:51:04.959] [modloading-worker-0/DEBUG] [com.tterrag.registrate.AbstractRegistrate/REGISTRATE.REGISTER]: Captured registration for entry cut_deepslate_brick_slab of type minecraft:item
[10Jan2026 17:51:04.959] [modloading-worker-0/DEBUG] [com.tterrag.registrate.AbstractRegistrate/REGISTRATE.REGISTER]: Captured registration for entry cut_deepslate_brick_slab of type minecraft:block
[10Jan2026 17:51:04.959] [modloading-worker-0/DEBUG] [com.tterrag.registrate.AbstractRegistrate/REGISTRATE.REGISTER]: Captured registration for entry cut_deepslate_brick_wall of type minecraft:item
[10Jan2026 17:51:04.959] [modloading-worker-0/DEBUG] [com.tterrag.registrate.AbstractRegistrate/REGISTRATE.REGISTER]: Captured registration for entry cut_deepslate_brick_wall of type minecraft:block
[10Jan2026 17:51:04.959] [modloading-worker-0/DEBUG] [com.tterrag.registrate.AbstractRegistrate/REGISTRATE.REGISTER]: Captured registration for entry small_deepslate_bricks of type minecraft:item
[10Jan2026 17:51:04.959] [modloading-worker-0/DEBUG] [com.tterrag.registrate.AbstractRegistrate/REGISTRATE.REGISTER]: Captured registration for entry small_deepslate_bricks of type minecraft:block
[10Jan2026 17:51:04.959] [modloading-worker-0/DEBUG] [com.tterrag.registrate.AbstractRegistrate/REGISTRATE.REGISTER]: Captured registration for entry small_deepslate_brick_stairs of type minecraft:item
[10Jan2026 17:51:04.959] [modloading-worker-0/DEBUG] [com.tterrag.registrate.AbstractRegistrate/REGISTRATE.REGISTER]: Captured registration for entry small_deepslate_brick_stairs of type minecraft:block
[10Jan2026 17:51:04.959] [modloading-worker-0/DEBUG] [com.tterrag.registrate.AbstractRegistrate/REGISTRATE.REGISTER]: Captured registration for entry small_deepslate_brick_slab of type minecraft:item
[10Jan2026 17:51:04.959] [modloading-worker-0/DEBUG] [com.tterrag.registrate.AbstractRegistrate/REGISTRATE.REGISTER]: Captured registration for entry small_deepslate_brick_slab of type minecraft:block
[10Jan2026 17:51:04.959] [modloading-worker-0/DEBUG] [com.tterrag.registrate.AbstractRegistrate/REGISTRATE.REGISTER]: Captured registration for entry small_deepslate_brick_wall of type minecraft:item
[10Jan2026 17:51:04.959] [modloading-worker-0/DEBUG] [com.tterrag.registrate.AbstractRegistrate/REGISTRATE.REGISTER]: Captured registration for entry small_deepslate_brick_wall of type minecraft:block
[10Jan2026 17:51:04.959] [modloading-worker-0/DEBUG] [com.tterrag.registrate.AbstractRegistrate/REGISTRATE.REGISTER]: Captured registration for entry layered_deepslate of type minecraft:item
[10Jan2026 17:51:04.959] [modloading-worker-0/DEBUG] [com.tterrag.registrate.AbstractRegistrate/REGISTRATE.REGISTER]: Captured registration for entry layered_deepslate of type minecraft:block
[10Jan2026 17:51:04.959] [modloading-worker-0/DEBUG] [com.tterrag.registrate.AbstractRegistrate/REGISTRATE.REGISTER]: Captured registration for entry deepslate_pillar of type minecraft:item
[10Jan2026 17:51:04.959] [modloading-worker-0/DEBUG] [com.tterrag.registrate.AbstractRegistrate/REGISTRATE.REGISTER]: Captured registration for entry deepslate_pillar of type minecraft:block
[10Jan2026 17:51:04.959] [modloading-worker-0/DEBUG] [com.tterrag.registrate.AbstractRegistrate/REGISTRATE.REGISTER]: Captured registration for entry cut_tuff of type minecraft:item
[10Jan2026 17:51:04.959] [modloading-worker-0/DEBUG] [com.tterrag.registrate.AbstractRegistrate/REGISTRATE.REGISTER]: Captured registration for entry cut_tuff of type minecraft:block
[10Jan2026 17:51:04.959] [modloading-worker-0/DEBUG] [com.tterrag.registrate.AbstractRegistrate/REGISTRATE.REGISTER]: Captured registration for entry cut_tuff_stairs of type minecraft:item
[10Jan2026 17:51:04.959] [modloading-worker-0/DEBUG] [com.tterrag.registrate.AbstractRegistrate/REGISTRATE.REGISTER]: Captured registration for entry cut_tuff_stairs of type minecraft:block
[10Jan2026 17:51:04.959] [modloading-worker-0/DEBUG] [com.tterrag.registrate.AbstractRegistrate/REGISTRATE.REGISTER]: Captured registration for entry cut_tuff_slab of type minecraft:item
[10Jan2026 17:51:04.959] [modloading-worker-0/DEBUG] [com.tterrag.registrate.AbstractRegistrate/REGISTRATE.REGISTER]: Captured registration for entry cut_tuff_slab of type minecraft:block
[10Jan2026 17:51:04.959] [modloading-worker-0/DEBUG] [com.tterrag.registrate.AbstractRegistrate/REGISTRATE.REGISTER]: Captured registration for entry cut_tuff_wall of type minecraft:item
[10Jan2026 17:51:04.960] [modloading-worker-0/DEBUG] [com.tterrag.registrate.AbstractRegistrate/REGISTRATE.REGISTER]: Captured registration for entry cut_tuff_wall of type minecraft:block
[10Jan2026 17:51:04.960] [modloading-worker-0/DEBUG] [com.tterrag.registrate.AbstractRegistrate/REGISTRATE.REGISTER]: Captured registration for entry polished_cut_tuff of type minecraft:item
[10Jan2026 17:51:04.960] [modloading-worker-0/DEBUG] [com.tterrag.registrate.AbstractRegistrate/REGISTRATE.REGISTER]: Captured registration for entry polished_cut_tuff of type minecraft:block
[10Jan2026 17:51:04.960] [modloading-worker-0/DEBUG] [com.tterrag.registrate.AbstractRegistrate/REGISTRATE.REGISTER]: Captured registration for entry polished_cut_tuff_stairs of type minecraft:item
[10Jan2026 17:51:04.960] [modloading-worker-0/DEBUG] [com.tterrag.registrate.AbstractRegistrate/REGISTRATE.REGISTER]: Captured registration for entry polished_cut_tuff_stairs of type minecraft:block
[10Jan2026 17:51:04.960] [modloading-worker-0/DEBUG] [com.tterrag.registrate.AbstractRegistrate/REGISTRATE.REGISTER]: Captured registration for entry polished_cut_tuff_slab of type minecraft:item
[10Jan2026 17:51:04.960] [modloading-worker-0/DEBUG] [com.tterrag.registrate.AbstractRegistrate/REGISTRATE.REGISTER]: Captured registration for entry polished_cut_tuff_slab of type minecraft:block
[10Jan2026 17:51:04.960] [modloading-worker-0/DEBUG] [com.tterrag.registrate.AbstractRegistrate/REGISTRATE.REGISTER]: Captured registration for entry polished_cut_tuff_wall of type minecraft:item
[10Jan2026 17:51:04.960] [modloading-worker-0/DEBUG] [com.tterrag.registrate.AbstractRegistrate/REGISTRATE.REGISTER]: Captured registration for entry polished_cut_tuff_wall of type minecraft:block
[10Jan2026 17:51:04.960] [modloading-worker-0/DEBUG] [com.tterrag.registrate.AbstractRegistrate/REGISTRATE.REGISTER]: Captured registration for entry cut_tuff_bricks of type minecraft:item
[10Jan2026 17:51:04.960] [modloading-worker-0/DEBUG] [com.tterrag.registrate.AbstractRegistrate/REGISTRATE.REGISTER]: Captured registration for entry cut_tuff_bricks of type minecraft:block
[10Jan2026 17:51:04.960] [modloading-worker-0/DEBUG] [com.tterrag.registrate.AbstractRegistrate/REGISTRATE.REGISTER]: Captured registration for entry cut_tuff_brick_stairs of type minecraft:item
[10Jan2026 17:51:04.960] [modloading-worker-0/DEBUG] [com.tterrag.registrate.AbstractRegistrate/REGISTRATE.REGISTER]: Captured registration for entry cut_tuff_brick_stairs of type minecraft:block
[10Jan2026 17:51:04.960] [modloading-worker-0/DEBUG] [com.tterrag.registrate.AbstractRegistrate/REGISTRATE.REGISTER]: Captured registration for entry cut_tuff_brick_slab of type minecraft:item
[10Jan2026 17:51:04.960] [modloading-worker-0/DEBUG] [com.tterrag.registrate.AbstractRegistrate/REGISTRATE.REGISTER]: Captured registration for entry cut_tuff_brick_slab of type minecraft:block
[10Jan2026 17:51:04.960] [modloading-worker-0/DEBUG] [com.tterrag.registrate.AbstractRegistrate/REGISTRATE.REGISTER]: Captured registration for entry cut_tuff_brick_wall of type minecraft:item
[10Jan2026 17:51:04.960] [modloading-worker-0/DEBUG] [com.tterrag.registrate.AbstractRegistrate/REGISTRATE.REGISTER]: Captured registration for entry cut_tuff_brick_wall of type minecraft:block
[10Jan2026 17:51:04.960] [modloading-worker-0/DEBUG] [com.tterrag.registrate.AbstractRegistrate/REGISTRATE.REGISTER]: Captured registration for entry small_tuff_bricks of type minecraft:item
[10Jan2026 17:51:04.960] [modloading-worker-0/DEBUG] [com.tterrag.registrate.AbstractRegistrate/REGISTRATE.REGISTER]: Captured registration for entry small_tuff_bricks of type minecraft:block
[10Jan2026 17:51:04.960] [modloading-worker-0/DEBUG] [com.tterrag.registrate.AbstractRegistrate/REGISTRATE.REGISTER]: Captured registration for entry small_tuff_brick_stairs of type minecraft:item
[10Jan2026 17:51:04.960] [modloading-worker-0/DEBUG] [com.tterrag.registrate.AbstractRegistrate/REGISTRATE.REGISTER]: Captured registration for entry small_tuff_brick_stairs of type minecraft:block
[10Jan2026 17:51:04.960] [modloading-worker-0/DEBUG] [com.tterrag.registrate.AbstractRegistrate/REGISTRATE.REGISTER]: Captured registration for entry small_tuff_brick_slab of type minecraft:item
[10Jan2026 17:51:04.960] [modloading-worker-0/DEBUG] [com.tterrag.registrate.AbstractRegistrate/REGISTRATE.REGISTER]: Captured registration for entry small_tuff_brick_slab of type minecraft:block
[10Jan2026 17:51:04.960] [modloading-worker-0/DEBUG] [com.tterrag.registrate.AbstractRegistrate/REGISTRATE.REGISTER]: Captured registration for entry small_tuff_brick_wall of type minecraft:item
[10Jan2026 17:51:04.960] [modloading-worker-0/DEBUG] [com.tterrag.registrate.AbstractRegistrate/REGISTRATE.REGISTER]: Captured registration for entry small_tuff_brick_wall of type minecraft:block
[10Jan2026 17:51:04.960] [modloading-worker-0/DEBUG] [com.tterrag.registrate.AbstractRegistrate/REGISTRATE.REGISTER]: Captured registration for entry layered_tuff of type minecraft:item
[10Jan2026 17:51:04.960] [modloading-worker-0/DEBUG] [com.tterrag.registrate.AbstractRegistrate/REGISTRATE.REGISTER]: Captured registration for entry layered_tuff of type minecraft:block
[10Jan2026 17:51:04.960] [modloading-worker-0/DEBUG] [com.tterrag.registrate.AbstractRegistrate/REGISTRATE.REGISTER]: Captured registration for entry tuff_pillar of type minecraft:item
[10Jan2026 17:51:04.960] [modloading-worker-0/DEBUG] [com.tterrag.registrate.AbstractRegistrate/REGISTRATE.REGISTER]: Captured registration for entry tuff_pillar of type minecraft:block
[10Jan2026 17:51:04.961] [modloading-worker-0/DEBUG] [com.tterrag.registrate.AbstractRegistrate/REGISTRATE.REGISTER]: Captured registration for entry asurine of type minecraft:item
[10Jan2026 17:51:04.961] [modloading-worker-0/DEBUG] [com.tterrag.registrate.AbstractRegistrate/REGISTRATE.REGISTER]: Captured registration for entry asurine of type minecraft:block
[10Jan2026 17:51:04.961] [modloading-worker-0/DEBUG] [com.tterrag.registrate.AbstractRegistrate/REGISTRATE.REGISTER]: Captured registration for entry cut_asurine of type minecraft:item
[10Jan2026 17:51:04.961] [modloading-worker-0/DEBUG] [com.tterrag.registrate.AbstractRegistrate/REGISTRATE.REGISTER]: Captured registration for entry cut_asurine of type minecraft:block
[10Jan2026 17:51:04.961] [modloading-worker-0/DEBUG] [com.tterrag.registrate.AbstractRegistrate/REGISTRATE.REGISTER]: Captured registration for entry cut_asurine_stairs of type minecraft:item
[10Jan2026 17:51:04.961] [modloading-worker-0/DEBUG] [com.tterrag.registrate.AbstractRegistrate/REGISTRATE.REGISTER]: Captured registration for entry cut_asurine_stairs of type minecraft:block
[10Jan2026 17:51:04.961] [modloading-worker-0/DEBUG] [com.tterrag.registrate.AbstractRegistrate/REGISTRATE.REGISTER]: Captured registration for entry cut_asurine_slab of type minecraft:item
[10Jan2026 17:51:04.961] [modloading-worker-0/DEBUG] [com.tterrag.registrate.AbstractRegistrate/REGISTRATE.REGISTER]: Captured registration for entry cut_asurine_slab of type minecraft:block
[10Jan2026 17:51:04.961] [modloading-worker-0/DEBUG] [com.tterrag.registrate.AbstractRegistrate/REGISTRATE.REGISTER]: Captured registration for entry cut_asurine_wall of type minecraft:item
[10Jan2026 17:51:04.961] [modloading-worker-0/DEBUG] [com.tterrag.registrate.AbstractRegistrate/REGISTRATE.REGISTER]: Captured registration for entry cut_asurine_wall of type minecraft:block
[10Jan2026 17:51:04.961] [modloading-worker-0/DEBUG] [com.tterrag.registrate.AbstractRegistrate/REGISTRATE.REGISTER]: Captured registration for entry polished_cut_asurine of type minecraft:item
[10Jan2026 17:51:04.961] [modloading-worker-0/DEBUG] [com.tterrag.registrate.AbstractRegistrate/REGISTRATE.REGISTER]: Captured registration for entry polished_cut_asurine of type minecraft:block
[10Jan2026 17:51:04.961] [modloading-worker-0/DEBUG] [com.tterrag.registrate.AbstractRegistrate/REGISTRATE.REGISTER]: Captured registration for entry polished_cut_asurine_stairs of type minecraft:item
[10Jan2026 17:51:04.962] [modloading-worker-0/DEBUG] [com.tterrag.registrate.AbstractRegistrate/REGISTRATE.REGISTER]: Captured registration for entry polished_cut_asurine_stairs of type minecraft:block
[10Jan2026 17:51:04.962] [modloading-worker-0/DEBUG] [com.tterrag.registrate.AbstractRegistrate/REGISTRATE.REGISTER]: Captured registration for entry polished_cut_asurine_slab of type minecraft:item
[10Jan2026 17:51:04.962] [modloading-worker-0/DEBUG] [com.tterrag.registrate.AbstractRegistrate/REGISTRATE.REGISTER]: Captured registration for entry polished_cut_asurine_slab of type minecraft:block
[10Jan2026 17:51:04.962] [modloading-worker-0/DEBUG] [com.tterrag.registrate.AbstractRegistrate/REGISTRATE.REGISTER]: Captured registration for entry polished_cut_asurine_wall of type minecraft:item
[10Jan2026 17:51:04.962] [modloading-worker-0/DEBUG] [com.tterrag.registrate.AbstractRegistrate/REGISTRATE.REGISTER]: Captured registration for entry polished_cut_asurine_wall of type minecraft:block
[10Jan2026 17:51:04.962] [modloading-worker-0/DEBUG] [com.tterrag.registrate.AbstractRegistrate/REGISTRATE.REGISTER]: Captured registration for entry cut_asurine_bricks of type minecraft:item
[10Jan2026 17:51:04.962] [modloading-worker-0/DEBUG] [com.tterrag.registrate.AbstractRegistrate/REGISTRATE.REGISTER]: Captured registration for entry cut_asurine_bricks of type minecraft:block
[10Jan2026 17:51:04.962] [modloading-worker-0/DEBUG] [com.tterrag.registrate.AbstractRegistrate/REGISTRATE.REGISTER]: Captured registration for entry cut_asurine_brick_stairs of type minecraft:item
[10Jan2026 17:51:04.962] [modloading-worker-0/DEBUG] [com.tterrag.registrate.AbstractRegistrate/REGISTRATE.REGISTER]: Captured registration for entry cut_asurine_brick_stairs of type minecraft:block
[10Jan2026 17:51:04.962] [modloading-worker-0/DEBUG] [com.tterrag.registrate.AbstractRegistrate/REGISTRATE.REGISTER]: Captured registration for entry cut_asurine_brick_slab of type minecraft:item
[10Jan2026 17:51:04.962] [modloading-worker-0/DEBUG] [com.tterrag.registrate.AbstractRegistrate/REGISTRATE.REGISTER]: Captured registration for entry cut_asurine_brick_slab of type minecraft:block
[10Jan2026 17:51:04.962] [modloading-worker-0/DEBUG] [com.tterrag.registrate.AbstractRegistrate/REGISTRATE.REGISTER]: Captured registration for entry cut_asurine_brick_wall of type minecraft:item
[10Jan2026 17:51:04.962] [modloading-worker-0/DEBUG] [com.tterrag.registrate.AbstractRegistrate/REGISTRATE.REGISTER]: Captured registration for entry cut_asurine_brick_wall of type minecraft:block
[10Jan2026 17:51:04.962] [modloading-worker-0/DEBUG] [com.tterrag.registrate.AbstractRegistrate/REGISTRATE.REGISTER]: Captured registration for entry small_asurine_bricks of type minecraft:item
[10Jan2026 17:51:04.962] [modloading-worker-0/DEBUG] [com.tterrag.registrate.AbstractRegistrate/REGISTRATE.REGISTER]: Captured registration for entry small_asurine_bricks of type minecraft:block
[10Jan2026 17:51:04.962] [modloading-worker-0/DEBUG] [com.tterrag.registrate.AbstractRegistrate/REGISTRATE.REGISTER]: Captured registration for entry small_asurine_brick_stairs of type minecraft:item
[10Jan2026 17:51:04.962] [modloading-worker-0/DEBUG] [com.tterrag.registrate.AbstractRegistrate/REGISTRATE.REGISTER]: Captured registration for entry small_asurine_brick_stairs of type minecraft:block
[10Jan2026 17:51:04.962] [modloading-worker-0/DEBUG] [com.tterrag.registrate.AbstractRegistrate/REGISTRATE.REGISTER]: Captured registration for entry small_asurine_brick_slab of type minecraft:item
[10Jan2026 17:51:04.962] [modloading-worker-0/DEBUG] [com.tterrag.registrate.AbstractRegistrate/REGISTRATE.REGISTER]: Captured registration for entry small_asurine_brick_slab of type minecraft:block
[10Jan2026 17:51:04.962] [modloading-worker-0/DEBUG] [com.tterrag.registrate.AbstractRegistrate/REGISTRATE.REGISTER]: Captured registration for entry small_asurine_brick_wall of type minecraft:item
[10Jan2026 17:51:04.962] [modloading-worker-0/DEBUG] [com.tterrag.registrate.AbstractRegistrate/REGISTRATE.REGISTER]: Captured registration for entry small_asurine_brick_wall of type minecraft:block
[10Jan2026 17:51:04.963] [modloading-worker-0/DEBUG] [com.tterrag.registrate.AbstractRegistrate/REGISTRATE.REGISTER]: Captured registration for entry layered_asurine of type minecraft:item
[10Jan2026 17:51:04.963] [modloading-worker-0/DEBUG] [com.tterrag.registrate.AbstractRegistrate/REGISTRATE.REGISTER]: Captured registration for entry layered_asurine of type minecraft:block
[10Jan2026 17:51:04.963] [modloading-worker-0/DEBUG] [com.tterrag.registrate.AbstractRegistrate/REGISTRATE.REGISTER]: Captured registration for entry asurine_pillar of type minecraft:item
[10Jan2026 17:51:04.963] [modloading-worker-0/DEBUG] [com.tterrag.registrate.AbstractRegistrate/REGISTRATE.REGISTER]: Captured registration for entry asurine_pillar of type minecraft:block
[10Jan2026 17:51:04.963] [modloading-worker-0/DEBUG] [com.tterrag.registrate.AbstractRegistrate/REGISTRATE.REGISTER]: Captured registration for entry crimsite of type minecraft:item
[10Jan2026 17:51:04.963] [modloading-worker-0/DEBUG] [com.tterrag.registrate.AbstractRegistrate/REGISTRATE.REGISTER]: Captured registration for entry crimsite of type minecraft:block
[10Jan2026 17:51:04.963] [modloading-worker-0/DEBUG] [com.tterrag.registrate.AbstractRegistrate/REGISTRATE.REGISTER]: Captured registration for entry cut_crimsite of type minecraft:item
[10Jan2026 17:51:04.963] [modloading-worker-0/DEBUG] [com.tterrag.registrate.AbstractRegistrate/REGISTRATE.REGISTER]: Captured registration for entry cut_crimsite of type minecraft:block
[10Jan2026 17:51:04.963] [modloading-worker-0/DEBUG] [com.tterrag.registrate.AbstractRegistrate/REGISTRATE.REGISTER]: Captured registration for entry cut_crimsite_stairs of type minecraft:item
[10Jan2026 17:51:04.963] [modloading-worker-0/DEBUG] [com.tterrag.registrate.AbstractRegistrate/REGISTRATE.REGISTER]: Captured registration for entry cut_crimsite_stairs of type minecraft:block
[10Jan2026 17:51:04.963] [modloading-worker-0/DEBUG] [com.tterrag.registrate.AbstractRegistrate/REGISTRATE.REGISTER]: Captured registration for entry cut_crimsite_slab of type minecraft:item
[10Jan2026 17:51:04.964] [modloading-worker-0/DEBUG] [com.tterrag.registrate.AbstractRegistrate/REGISTRATE.REGISTER]: Captured registration for entry cut_crimsite_slab of type minecraft:block
[10Jan2026 17:51:04.964] [modloading-worker-0/DEBUG] [com.tterrag.registrate.AbstractRegistrate/REGISTRATE.REGISTER]: Captured registration for entry cut_crimsite_wall of type minecraft:item
[10Jan2026 17:51:04.964] [modloading-worker-0/DEBUG] [com.tterrag.registrate.AbstractRegistrate/REGISTRATE.REGISTER]: Captured registration for entry cut_crimsite_wall of type minecraft:block
[10Jan2026 17:51:04.964] [modloading-worker-0/DEBUG] [com.tterrag.registrate.AbstractRegistrate/REGISTRATE.REGISTER]: Captured registration for entry polished_cut_crimsite of type minecraft:item
[10Jan2026 17:51:04.964] [modloading-worker-0/DEBUG] [com.tterrag.registrate.AbstractRegistrate/REGISTRATE.REGISTER]: Captured registration for entry polished_cut_crimsite of type minecraft:block
[10Jan2026 17:51:04.964] [modloading-worker-0/DEBUG] [com.tterrag.registrate.AbstractRegistrate/REGISTRATE.REGISTER]: Captured registration for entry polished_cut_crimsite_stairs of type minecraft:item
[10Jan2026 17:51:04.964] [modloading-worker-0/DEBUG] [com.tterrag.registrate.AbstractRegistrate/REGISTRATE.REGISTER]: Captured registration for entry polished_cut_crimsite_stairs of type minecraft:block
[10Jan2026 17:51:04.964] [modloading-worker-0/DEBUG] [com.tterrag.registrate.AbstractRegistrate/REGISTRATE.REGISTER]: Captured registration for entry polished_cut_crimsite_slab of type minecraft:item
[10Jan2026 17:51:04.965] [modloading-worker-0/DEBUG] [com.tterrag.registrate.AbstractRegistrate/REGISTRATE.REGISTER]: Captured registration for entry polished_cut_crimsite_slab of type minecraft:block
[10Jan2026 17:51:04.965] [modloading-worker-0/DEBUG] [com.tterrag.registrate.AbstractRegistrate/REGISTRATE.REGISTER]: Captured registration for entry polished_cut_crimsite_wall of type minecraft:item
[10Jan2026 17:51:04.965] [modloading-worker-0/DEBUG] [com.tterrag.registrate.AbstractRegistrate/REGISTRATE.REGISTER]: Captured registration for entry polished_cut_crimsite_wall of type minecraft:block
[10Jan2026 17:51:04.965] [modloading-worker-0/DEBUG] [com.tterrag.registrate.AbstractRegistrate/REGISTRATE.REGISTER]: Captured registration for entry cut_crimsite_bricks of type minecraft:item
[10Jan2026 17:51:04.965] [modloading-worker-0/DEBUG] [com.tterrag.registrate.AbstractRegistrate/REGISTRATE.REGISTER]: Captured registration for entry cut_crimsite_bricks of type minecraft:block
[10Jan2026 17:51:04.965] [modloading-worker-0/DEBUG] [com.tterrag.registrate.AbstractRegistrate/REGISTRATE.REGISTER]: Captured registration for entry cut_crimsite_brick_stairs of type minecraft:item
[10Jan2026 17:51:04.965] [modloading-worker-0/DEBUG] [com.tterrag.registrate.AbstractRegistrate/REGISTRATE.REGISTER]: Captured registration for entry cut_crimsite_brick_stairs of type minecraft:block
[10Jan2026 17:51:04.965] [modloading-worker-0/DEBUG] [com.tterrag.registrate.AbstractRegistrate/REGISTRATE.REGISTER]: Captured registration for entry cut_crimsite_brick_slab of type minecraft:item
[10Jan2026 17:51:04.965] [modloading-worker-0/DEBUG] [com.tterrag.registrate.AbstractRegistrate/REGISTRATE.REGISTER]: Captured registration for entry cut_crimsite_brick_slab of type minecraft:block
[10Jan2026 17:51:04.965] [modloading-worker-0/DEBUG] [com.tterrag.registrate.AbstractRegistrate/REGISTRATE.REGISTER]: Captured registration for entry cut_crimsite_brick_wall of type minecraft:item
[10Jan2026 17:51:04.965] [modloading-worker-0/DEBUG] [com.tterrag.registrate.AbstractRegistrate/REGISTRATE.REGISTER]: Captured registration for entry cut_crimsite_brick_wall of type minecraft:block
[10Jan2026 17:51:04.966] [modloading-worker-0/DEBUG] [com.tterrag.registrate.AbstractRegistrate/REGISTRATE.REGISTER]: Captured registration for entry small_crimsite_bricks of type minecraft:item
[10Jan2026 17:51:04.966] [modloading-worker-0/DEBUG] [com.tterrag.registrate.AbstractRegistrate/REGISTRATE.REGISTER]: Captured registration for entry small_crimsite_bricks of type minecraft:block
[10Jan2026 17:51:04.966] [modloading-worker-0/DEBUG] [com.tterrag.registrate.AbstractRegistrate/REGISTRATE.REGISTER]: Captured registration for entry small_crimsite_brick_stairs of type minecraft:item
[10Jan2026 17:51:04.966] [modloading-worker-0/DEBUG] [com.tterrag.registrate.AbstractRegistrate/REGISTRATE.REGISTER]: Captured registration for entry small_crimsite_brick_stairs of type minecraft:block
[10Jan2026 17:51:04.966] [modloading-worker-0/DEBUG] [com.tterrag.registrate.AbstractRegistrate/REGISTRATE.REGISTER]: Captured registration for entry small_crimsite_brick_slab of type minecraft:item
[10Jan2026 17:51:04.966] [modloading-worker-0/DEBUG] [com.tterrag.registrate.AbstractRegistrate/REGISTRATE.REGISTER]: Captured registration for entry small_crimsite_brick_slab of type minecraft:block
[10Jan2026 17:51:04.966] [modloading-worker-0/DEBUG] [com.tterrag.registrate.AbstractRegistrate/REGISTRATE.REGISTER]: Captured registration for entry small_crimsite_brick_wall of type minecraft:item
[10Jan2026 17:51:04.966] [modloading-worker-0/DEBUG] [com.tterrag.registrate.AbstractRegistrate/REGISTRATE.REGISTER]: Captured registration for entry small_crimsite_brick_wall of type minecraft:block
[10Jan2026 17:51:04.966] [modloading-worker-0/DEBUG] [com.tterrag.registrate.AbstractRegistrate/REGISTRATE.REGISTER]: Captured registration for entry layered_crimsite of type minecraft:item
[10Jan2026 17:51:04.966] [modloading-worker-0/DEBUG] [com.tterrag.registrate.AbstractRegistrate/REGISTRATE.REGISTER]: Captured registration for entry layered_crimsite of type minecraft:block
[10Jan2026 17:51:04.966] [modloading-worker-0/DEBUG] [com.tterrag.registrate.AbstractRegistrate/REGISTRATE.REGISTER]: Captured registration for entry crimsite_pillar of type minecraft:item
[10Jan2026 17:51:04.967] [modloading-worker-0/DEBUG] [com.tterrag.registrate.AbstractRegistrate/REGISTRATE.REGISTER]: Captured registration for entry crimsite_pillar of type minecraft:block
[10Jan2026 17:51:04.967] [modloading-worker-0/DEBUG] [com.tterrag.registrate.AbstractRegistrate/REGISTRATE.REGISTER]: Captured registration for entry limestone of type minecraft:item
[10Jan2026 17:51:04.967] [modloading-worker-0/DEBUG] [com.tterrag.registrate.AbstractRegistrate/REGISTRATE.REGISTER]: Captured registration for entry limestone of type minecraft:block
[10Jan2026 17:51:04.967] [modloading-worker-0/DEBUG] [com.tterrag.registrate.AbstractRegistrate/REGISTRATE.REGISTER]: Captured registration for entry cut_limestone of type minecraft:item
[10Jan2026 17:51:04.967] [modloading-worker-0/DEBUG] [com.tterrag.registrate.AbstractRegistrate/REGISTRATE.REGISTER]: Captured registration for entry cut_limestone of type minecraft:block
[10Jan2026 17:51:04.967] [modloading-worker-0/DEBUG] [com.tterrag.registrate.AbstractRegistrate/REGISTRATE.REGISTER]: Captured registration for entry cut_limestone_stairs of type minecraft:item
[10Jan2026 17:51:04.967] [modloading-worker-0/DEBUG] [com.tterrag.registrate.AbstractRegistrate/REGISTRATE.REGISTER]: Captured registration for entry cut_limestone_stairs of type minecraft:block
[10Jan2026 17:51:04.967] [modloading-worker-0/DEBUG] [com.tterrag.registrate.AbstractRegistrate/REGISTRATE.REGISTER]: Captured registration for entry cut_limestone_slab of type minecraft:item
[10Jan2026 17:51:04.967] [modloading-worker-0/DEBUG] [com.tterrag.registrate.AbstractRegistrate/REGISTRATE.REGISTER]: Captured registration for entry cut_limestone_slab of type minecraft:block
[10Jan2026 17:51:04.967] [modloading-worker-0/DEBUG] [com.tterrag.registrate.AbstractRegistrate/REGISTRATE.REGISTER]: Captured registration for entry cut_limestone_wall of type minecraft:item
[10Jan2026 17:51:04.968] [modloading-worker-0/DEBUG] [com.tterrag.registrate.AbstractRegistrate/REGISTRATE.REGISTER]: Captured registration for entry cut_limestone_wall of type minecraft:block
[10Jan2026 17:51:04.968] [modloading-worker-0/DEBUG] [com.tterrag.registrate.AbstractRegistrate/REGISTRATE.REGISTER]: Captured registration for entry polished_cut_limestone of type minecraft:item
[10Jan2026 17:51:04.968] [modloading-worker-0/DEBUG] [com.tterrag.registrate.AbstractRegistrate/REGISTRATE.REGISTER]: Captured registration for entry polished_cut_limestone of type minecraft:block
[10Jan2026 17:51:04.968] [modloading-worker-0/DEBUG] [com.tterrag.registrate.AbstractRegistrate/REGISTRATE.REGISTER]: Captured registration for entry polished_cut_limestone_stairs of type minecraft:item
[10Jan2026 17:51:04.968] [modloading-worker-0/DEBUG] [com.tterrag.registrate.AbstractRegistrate/REGISTRATE.REGISTER]: Captured registration for entry polished_cut_limestone_stairs of type minecraft:block
[10Jan2026 17:51:04.968] [modloading-worker-0/DEBUG] [com.tterrag.registrate.AbstractRegistrate/REGISTRATE.REGISTER]: Captured registration for entry polished_cut_limestone_slab of type minecraft:item
[10Jan2026 17:51:04.968] [modloading-worker-0/DEBUG] [com.tterrag.registrate.AbstractRegistrate/REGISTRATE.REGISTER]: Captured registration for entry polished_cut_limestone_slab of type minecraft:block
[10Jan2026 17:51:04.968] [modloading-worker-0/DEBUG] [com.tterrag.registrate.AbstractRegistrate/REGISTRATE.REGISTER]: Captured registration for entry polished_cut_limestone_wall of type minecraft:item
[10Jan2026 17:51:04.968] [modloading-worker-0/DEBUG] [com.tterrag.registrate.AbstractRegistrate/REGISTRATE.REGISTER]: Captured registration for entry polished_cut_limestone_wall of type minecraft:block
[10Jan2026 17:51:04.968] [modloading-worker-0/DEBUG] [com.tterrag.registrate.AbstractRegistrate/REGISTRATE.REGISTER]: Captured registration for entry cut_limestone_bricks of type minecraft:item
[10Jan2026 17:51:04.968] [modloading-worker-0/DEBUG] [com.tterrag.registrate.AbstractRegistrate/REGISTRATE.REGISTER]: Captured registration for entry cut_limestone_bricks of type minecraft:block
[10Jan2026 17:51:04.968] [modloading-worker-0/DEBUG] [com.tterrag.registrate.AbstractRegistrate/REGISTRATE.REGISTER]: Captured registration for entry cut_limestone_brick_stairs of type minecraft:item
[10Jan2026 17:51:04.968] [modloading-worker-0/DEBUG] [com.tterrag.registrate.AbstractRegistrate/REGISTRATE.REGISTER]: Captured registration for entry cut_limestone_brick_stairs of type minecraft:block
[10Jan2026 17:51:04.968] [modloading-worker-0/DEBUG] [com.tterrag.registrate.AbstractRegistrate/REGISTRATE.REGISTER]: Captured registration for entry cut_limestone_brick_slab of type minecraft:item
[10Jan2026 17:51:04.968] [modloading-worker-0/DEBUG] [com.tterrag.registrate.AbstractRegistrate/REGISTRATE.REGISTER]: Captured registration for entry cut_limestone_brick_slab of type minecraft:block
[10Jan2026 17:51:04.968] [modloading-worker-0/DEBUG] [com.tterrag.registrate.AbstractRegistrate/REGISTRATE.REGISTER]: Captured registration for entry cut_limestone_brick_wall of type minecraft:item
[10Jan2026 17:51:04.968] [modloading-worker-0/DEBUG] [com.tterrag.registrate.AbstractRegistrate/REGISTRATE.REGISTER]: Captured registration for entry cut_limestone_brick_wall of type minecraft:block
[10Jan2026 17:51:04.968] [modloading-worker-0/DEBUG] [com.tterrag.registrate.AbstractRegistrate/REGISTRATE.REGISTER]: Captured registration for entry small_limestone_bricks of type minecraft:item
[10Jan2026 17:51:04.968] [modloading-worker-0/DEBUG] [com.tterrag.registrate.AbstractRegistrate/REGISTRATE.REGISTER]: Captured registration for entry small_limestone_bricks of type minecraft:block
[10Jan2026 17:51:04.968] [modloading-worker-0/DEBUG] [com.tterrag.registrate.AbstractRegistrate/REGISTRATE.REGISTER]: Captured registration for entry small_limestone_brick_stairs of type minecraft:item
[10Jan2026 17:51:04.968] [modloading-worker-0/DEBUG] [com.tterrag.registrate.AbstractRegistrate/REGISTRATE.REGISTER]: Captured registration for entry small_limestone_brick_stairs of type minecraft:block
[10Jan2026 17:51:04.968] [modloading-worker-0/DEBUG] [com.tterrag.registrate.AbstractRegistrate/REGISTRATE.REGISTER]: Captured registration for entry small_limestone_brick_slab of type minecraft:item
[10Jan2026 17:51:04.968] [modloading-worker-0/DEBUG] [com.tterrag.registrate.AbstractRegistrate/REGISTRATE.REGISTER]: Captured registration for entry small_limestone_brick_slab of type minecraft:block
[10Jan2026 17:51:04.968] [modloading-worker-0/DEBUG] [com.tterrag.registrate.AbstractRegistrate/REGISTRATE.REGISTER]: Captured registration for entry small_limestone_brick_wall of type minecraft:item
[10Jan2026 17:51:04.968] [modloading-worker-0/DEBUG] [com.tterrag.registrate.AbstractRegistrate/REGISTRATE.REGISTER]: Captured registration for entry small_limestone_brick_wall of type minecraft:block
[10Jan2026 17:51:04.968] [modloading-worker-0/DEBUG] [com.tterrag.registrate.AbstractRegistrate/REGISTRATE.REGISTER]: Captured registration for entry layered_limestone of type minecraft:item
[10Jan2026 17:51:04.968] [modloading-worker-0/DEBUG] [com.tterrag.registrate.AbstractRegistrate/REGISTRATE.REGISTER]: Captured registration for entry layered_limestone of type minecraft:block
[10Jan2026 17:51:04.969] [modloading-worker-0/DEBUG] [com.tterrag.registrate.AbstractRegistrate/REGISTRATE.REGISTER]: Captured registration for entry limestone_pillar of type minecraft:item
[10Jan2026 17:51:04.969] [modloading-worker-0/DEBUG] [com.tterrag.registrate.AbstractRegistrate/REGISTRATE.REGISTER]: Captured registration for entry limestone_pillar of type minecraft:block
[10Jan2026 17:51:04.969] [modloading-worker-0/DEBUG] [com.tterrag.registrate.AbstractRegistrate/REGISTRATE.REGISTER]: Captured registration for entry ochrum of type minecraft:item
[10Jan2026 17:51:04.969] [modloading-worker-0/DEBUG] [com.tterrag.registrate.AbstractRegistrate/REGISTRATE.REGISTER]: Captured registration for entry ochrum of type minecraft:block
[10Jan2026 17:51:04.969] [modloading-worker-0/DEBUG] [com.tterrag.registrate.AbstractRegistrate/REGISTRATE.REGISTER]: Captured registration for entry cut_ochrum of type minecraft:item
[10Jan2026 17:51:04.969] [modloading-worker-0/DEBUG] [com.tterrag.registrate.AbstractRegistrate/REGISTRATE.REGISTER]: Captured registration for entry cut_ochrum of type minecraft:block
[10Jan2026 17:51:04.969] [modloading-worker-0/DEBUG] [com.tterrag.registrate.AbstractRegistrate/REGISTRATE.REGISTER]: Captured registration for entry cut_ochrum_stairs of type minecraft:item
[10Jan2026 17:51:04.970] [modloading-worker-0/DEBUG] [com.tterrag.registrate.AbstractRegistrate/REGISTRATE.REGISTER]: Captured registration for entry cut_ochrum_stairs of type minecraft:block
[10Jan2026 17:51:04.970] [modloading-worker-0/DEBUG] [com.tterrag.registrate.AbstractRegistrate/REGISTRATE.REGISTER]: Captured registration for entry cut_ochrum_slab of type minecraft:item
[10Jan2026 17:51:04.970] [modloading-worker-0/DEBUG] [com.tterrag.registrate.AbstractRegistrate/REGISTRATE.REGISTER]: Captured registration for entry cut_ochrum_slab of type minecraft:block
[10Jan2026 17:51:04.970] [modloading-worker-0/DEBUG] [com.tterrag.registrate.AbstractRegistrate/REGISTRATE.REGISTER]: Captured registration for entry cut_ochrum_wall of type minecraft:item
[10Jan2026 17:51:04.970] [modloading-worker-0/DEBUG] [com.tterrag.registrate.AbstractRegistrate/REGISTRATE.REGISTER]: Captured registration for entry cut_ochrum_wall of type minecraft:block
[10Jan2026 17:51:04.970] [modloading-worker-0/DEBUG] [com.tterrag.registrate.AbstractRegistrate/REGISTRATE.REGISTER]: Captured registration for entry polished_cut_ochrum of type minecraft:item
[10Jan2026 17:51:04.970] [modloading-worker-0/DEBUG] [com.tterrag.registrate.AbstractRegistrate/REGISTRATE.REGISTER]: Captured registration for entry polished_cut_ochrum of type minecraft:block
[10Jan2026 17:51:04.970] [modloading-worker-0/DEBUG] [com.tterrag.registrate.AbstractRegistrate/REGISTRATE.REGISTER]: Captured registration for entry polished_cut_ochrum_stairs of type minecraft:item
[10Jan2026 17:51:04.970] [modloading-worker-0/DEBUG] [com.tterrag.registrate.AbstractRegistrate/REGISTRATE.REGISTER]: Captured registration for entry polished_cut_ochrum_stairs of type minecraft:block
[10Jan2026 17:51:04.970] [modloading-worker-0/DEBUG] [com.tterrag.registrate.AbstractRegistrate/REGISTRATE.REGISTER]: Captured registration for entry polished_cut_ochrum_slab of type minecraft:item
[10Jan2026 17:51:04.970] [modloading-worker-0/DEBUG] [com.tterrag.registrate.AbstractRegistrate/REGISTRATE.REGISTER]: Captured registration for entry polished_cut_ochrum_slab of type minecraft:block
[10Jan2026 17:51:04.970] [modloading-worker-0/DEBUG] [com.tterrag.registrate.AbstractRegistrate/REGISTRATE.REGISTER]: Captured registration for entry polished_cut_ochrum_wall of type minecraft:item
[10Jan2026 17:51:04.970] [modloading-worker-0/DEBUG] [com.tterrag.registrate.AbstractRegistrate/REGISTRATE.REGISTER]: Captured registration for entry polished_cut_ochrum_wall of type minecraft:block
[10Jan2026 17:51:04.970] [modloading-worker-0/DEBUG] [com.tterrag.registrate.AbstractRegistrate/REGISTRATE.REGISTER]: Captured registration for entry cut_ochrum_bricks of type minecraft:item
[10Jan2026 17:51:04.970] [modloading-worker-0/DEBUG] [com.tterrag.registrate.AbstractRegistrate/REGISTRATE.REGISTER]: Captured registration for entry cut_ochrum_bricks of type minecraft:block
[10Jan2026 17:51:04.970] [modloading-worker-0/DEBUG] [com.tterrag.registrate.AbstractRegistrate/REGISTRATE.REGISTER]: Captured registration for entry cut_ochrum_brick_stairs of type minecraft:item
[10Jan2026 17:51:04.970] [modloading-worker-0/DEBUG] [com.tterrag.registrate.AbstractRegistrate/REGISTRATE.REGISTER]: Captured registration for entry cut_ochrum_brick_stairs of type minecraft:block
[10Jan2026 17:51:04.970] [modloading-worker-0/DEBUG] [com.tterrag.registrate.AbstractRegistrate/REGISTRATE.REGISTER]: Captured registration for entry cut_ochrum_brick_slab of type minecraft:item
[10Jan2026 17:51:04.970] [modloading-worker-0/DEBUG] [com.tterrag.registrate.AbstractRegistrate/REGISTRATE.REGISTER]: Captured registration for entry cut_ochrum_brick_slab of type minecraft:block
[10Jan2026 17:51:04.970] [modloading-worker-0/DEBUG] [com.tterrag.registrate.AbstractRegistrate/REGISTRATE.REGISTER]: Captured registration for entry cut_ochrum_brick_wall of type minecraft:item
[10Jan2026 17:51:04.970] [modloading-worker-0/DEBUG] [com.tterrag.registrate.AbstractRegistrate/REGISTRATE.REGISTER]: Captured registration for entry cut_ochrum_brick_wall of type minecraft:block
[10Jan2026 17:51:04.970] [modloading-worker-0/DEBUG] [com.tterrag.registrate.AbstractRegistrate/REGISTRATE.REGISTER]: Captured registration for entry small_ochrum_bricks of type minecraft:item
[10Jan2026 17:51:04.970] [modloading-worker-0/DEBUG] [com.tterrag.registrate.AbstractRegistrate/REGISTRATE.REGISTER]: Captured registration for entry small_ochrum_bricks of type minecraft:block
[10Jan2026 17:51:04.970] [modloading-worker-0/DEBUG] [com.tterrag.registrate.AbstractRegistrate/REGISTRATE.REGISTER]: Captured registration for entry small_ochrum_brick_stairs of type minecraft:item
[10Jan2026 17:51:04.970] [modloading-worker-0/DEBUG] [com.tterrag.registrate.AbstractRegistrate/REGISTRATE.REGISTER]: Captured registration for entry small_ochrum_brick_stairs of type minecraft:block
[10Jan2026 17:51:04.970] [modloading-worker-0/DEBUG] [com.tterrag.registrate.AbstractRegistrate/REGISTRATE.REGISTER]: Captured registration for entry small_ochrum_brick_slab of type minecraft:item
[10Jan2026 17:51:04.970] [modloading-worker-0/DEBUG] [com.tterrag.registrate.AbstractRegistrate/REGISTRATE.REGISTER]: Captured registration for entry small_ochrum_brick_slab of type minecraft:block
[10Jan2026 17:51:04.970] [modloading-worker-0/DEBUG] [com.tterrag.registrate.AbstractRegistrate/REGISTRATE.REGISTER]: Captured registration for entry small_ochrum_brick_wall of type minecraft:item
[10Jan2026 17:51:04.970] [modloading-worker-0/DEBUG] [com.tterrag.registrate.AbstractRegistrate/REGISTRATE.REGISTER]: Captured registration for entry small_ochrum_brick_wall of type minecraft:block
[10Jan2026 17:51:04.970] [modloading-worker-0/DEBUG] [com.tterrag.registrate.AbstractRegistrate/REGISTRATE.REGISTER]: Captured registration for entry layered_ochrum of type minecraft:item
[10Jan2026 17:51:04.970] [modloading-worker-0/DEBUG] [com.tterrag.registrate.AbstractRegistrate/REGISTRATE.REGISTER]: Captured registration for entry layered_ochrum of type minecraft:block
[10Jan2026 17:51:04.970] [modloading-worker-0/DEBUG] [com.tterrag.registrate.AbstractRegistrate/REGISTRATE.REGISTER]: Captured registration for entry ochrum_pillar of type minecraft:item
[10Jan2026 17:51:04.970] [modloading-worker-0/DEBUG] [com.tterrag.registrate.AbstractRegistrate/REGISTRATE.REGISTER]: Captured registration for entry ochrum_pillar of type minecraft:block
[10Jan2026 17:51:04.971] [modloading-worker-0/DEBUG] [com.tterrag.registrate.AbstractRegistrate/REGISTRATE.REGISTER]: Captured registration for entry scoria of type minecraft:item
[10Jan2026 17:51:04.971] [modloading-worker-0/DEBUG] [com.tterrag.registrate.AbstractRegistrate/REGISTRATE.REGISTER]: Captured registration for entry scoria of type minecraft:block
[10Jan2026 17:51:04.971] [modloading-worker-0/DEBUG] [com.tterrag.registrate.AbstractRegistrate/REGISTRATE.REGISTER]: Captured registration for entry cut_scoria of type minecraft:item
[10Jan2026 17:51:04.971] [modloading-worker-0/DEBUG] [com.tterrag.registrate.AbstractRegistrate/REGISTRATE.REGISTER]: Captured registration for entry cut_scoria of type minecraft:block
[10Jan2026 17:51:04.971] [modloading-worker-0/DEBUG] [com.tterrag.registrate.AbstractRegistrate/REGISTRATE.REGISTER]: Captured registration for entry cut_scoria_stairs of type minecraft:item
[10Jan2026 17:51:04.971] [modloading-worker-0/DEBUG] [com.tterrag.registrate.AbstractRegistrate/REGISTRATE.REGISTER]: Captured registration for entry cut_scoria_stairs of type minecraft:block
[10Jan2026 17:51:04.971] [modloading-worker-0/DEBUG] [com.tterrag.registrate.AbstractRegistrate/REGISTRATE.REGISTER]: Captured registration for entry cut_scoria_slab of type minecraft:item
[10Jan2026 17:51:04.971] [modloading-worker-0/DEBUG] [com.tterrag.registrate.AbstractRegistrate/REGISTRATE.REGISTER]: Captured registration for entry cut_scoria_slab of type minecraft:block
[10Jan2026 17:51:04.971] [modloading-worker-0/DEBUG] [com.tterrag.registrate.AbstractRegistrate/REGISTRATE.REGISTER]: Captured registration for entry cut_scoria_wall of type minecraft:item
[10Jan2026 17:51:04.971] [modloading-worker-0/DEBUG] [com.tterrag.registrate.AbstractRegistrate/REGISTRATE.REGISTER]: Captured registration for entry cut_scoria_wall of type minecraft:block
[10Jan2026 17:51:04.971] [modloading-worker-0/DEBUG] [com.tterrag.registrate.AbstractRegistrate/REGISTRATE.REGISTER]: Captured registration for entry polished_cut_scoria of type minecraft:item
[10Jan2026 17:51:04.971] [modloading-worker-0/DEBUG] [com.tterrag.registrate.AbstractRegistrate/REGISTRATE.REGISTER]: Captured registration for entry polished_cut_scoria of type minecraft:block
[10Jan2026 17:51:04.971] [modloading-worker-0/DEBUG] [com.tterrag.registrate.AbstractRegistrate/REGISTRATE.REGISTER]: Captured registration for entry polished_cut_scoria_stairs of type minecraft:item
[10Jan2026 17:51:04.971] [modloading-worker-0/DEBUG] [com.tterrag.registrate.AbstractRegistrate/REGISTRATE.REGISTER]: Captured registration for entry polished_cut_scoria_stairs of type minecraft:block
[10Jan2026 17:51:04.971] [modloading-worker-0/DEBUG] [com.tterrag.registrate.AbstractRegistrate/REGISTRATE.REGISTER]: Captured registration for entry polished_cut_scoria_slab of type minecraft:item
[10Jan2026 17:51:04.971] [modloading-worker-0/DEBUG] [com.tterrag.registrate.AbstractRegistrate/REGISTRATE.REGISTER]: Captured registration for entry polished_cut_scoria_slab of type minecraft:block
[10Jan2026 17:51:04.971] [modloading-worker-0/DEBUG] [com.tterrag.registrate.AbstractRegistrate/REGISTRATE.REGISTER]: Captured registration for entry polished_cut_scoria_wall of type minecraft:item
[10Jan2026 17:51:04.971] [modloading-worker-0/DEBUG] [com.tterrag.registrate.AbstractRegistrate/REGISTRATE.REGISTER]: Captured registration for entry polished_cut_scoria_wall of type minecraft:block
[10Jan2026 17:51:04.971] [modloading-worker-0/DEBUG] [com.tterrag.registrate.AbstractRegistrate/REGISTRATE.REGISTER]: Captured registration for entry cut_scoria_bricks of type minecraft:item
[10Jan2026 17:51:04.971] [modloading-worker-0/DEBUG] [com.tterrag.registrate.AbstractRegistrate/REGISTRATE.REGISTER]: Captured registration for entry cut_scoria_bricks of type minecraft:block
[10Jan2026 17:51:04.971] [modloading-worker-0/DEBUG] [com.tterrag.registrate.AbstractRegistrate/REGISTRATE.REGISTER]: Captured registration for entry cut_scoria_brick_stairs of type minecraft:item
[10Jan2026 17:51:04.971] [modloading-worker-0/DEBUG] [com.tterrag.registrate.AbstractRegistrate/REGISTRATE.REGISTER]: Captured registration for entry cut_scoria_brick_stairs of type minecraft:block
[10Jan2026 17:51:04.971] [modloading-worker-0/DEBUG] [com.tterrag.registrate.AbstractRegistrate/REGISTRATE.REGISTER]: Captured registration for entry cut_scoria_brick_slab of type minecraft:item
[10Jan2026 17:51:04.971] [modloading-worker-0/DEBUG] [com.tterrag.registrate.AbstractRegistrate/REGISTRATE.REGISTER]: Captured registration for entry cut_scoria_brick_slab of type minecraft:block
[10Jan2026 17:51:04.971] [modloading-worker-0/DEBUG] [com.tterrag.registrate.AbstractRegistrate/REGISTRATE.REGISTER]: Captured registration for entry cut_scoria_brick_wall of type minecraft:item
[10Jan2026 17:51:04.971] [modloading-worker-0/DEBUG] [com.tterrag.registrate.AbstractRegistrate/REGISTRATE.REGISTER]: Captured registration for entry cut_scoria_brick_wall of type minecraft:block
[10Jan2026 17:51:04.971] [modloading-worker-0/DEBUG] [com.tterrag.registrate.AbstractRegistrate/REGISTRATE.REGISTER]: Captured registration for entry small_scoria_bricks of type minecraft:item
[10Jan2026 17:51:04.971] [modloading-worker-0/DEBUG] [com.tterrag.registrate.AbstractRegistrate/REGISTRATE.REGISTER]: Captured registration for entry small_scoria_bricks of type minecraft:block
[10Jan2026 17:51:04.971] [modloading-worker-0/DEBUG] [com.tterrag.registrate.AbstractRegistrate/REGISTRATE.REGISTER]: Captured registration for entry small_scoria_brick_stairs of type minecraft:item
[10Jan2026 17:51:04.971] [modloading-worker-0/DEBUG] [com.tterrag.registrate.AbstractRegistrate/REGISTRATE.REGISTER]: Captured registration for entry small_scoria_brick_stairs of type minecraft:block
[10Jan2026 17:51:04.971] [modloading-worker-0/DEBUG] [com.tterrag.registrate.AbstractRegistrate/REGISTRATE.REGISTER]: Captured registration for entry small_scoria_brick_slab of type minecraft:item
[10Jan2026 17:51:04.971] [modloading-worker-0/DEBUG] [com.tterrag.registrate.AbstractRegistrate/REGISTRATE.REGISTER]: Captured registration for entry small_scoria_brick_slab of type minecraft:block
[10Jan2026 17:51:04.971] [modloading-worker-0/DEBUG] [com.tterrag.registrate.AbstractRegistrate/REGISTRATE.REGISTER]: Captured registration for entry small_scoria_brick_wall of type minecraft:item
[10Jan2026 17:51:04.971] [modloading-worker-0/DEBUG] [com.tterrag.registrate.AbstractRegistrate/REGISTRATE.REGISTER]: Captured registration for entry small_scoria_brick_wall of type minecraft:block
[10Jan2026 17:51:04.971] [modloading-worker-0/DEBUG] [com.tterrag.registrate.AbstractRegistrate/REGISTRATE.REGISTER]: Captured registration for entry layered_scoria of type minecraft:item
[10Jan2026 17:51:04.971] [modloading-worker-0/DEBUG] [com.tterrag.registrate.AbstractRegistrate/REGISTRATE.REGISTER]: Captured registration for entry layered_scoria of type minecraft:block
[10Jan2026 17:51:04.971] [modloading-worker-0/DEBUG] [com.tterrag.registrate.AbstractRegistrate/REGISTRATE.REGISTER]: Captured registration for entry scoria_pillar of type minecraft:item
[10Jan2026 17:51:04.971] [modloading-worker-0/DEBUG] [com.tterrag.registrate.AbstractRegistrate/REGISTRATE.REGISTER]: Captured registration for entry scoria_pillar of type minecraft:block
[10Jan2026 17:51:04.973] [modloading-worker-0/DEBUG] [com.tterrag.registrate.AbstractRegistrate/REGISTRATE.REGISTER]: Captured registration for entry scorchia of type minecraft:item
[10Jan2026 17:51:04.973] [modloading-worker-0/DEBUG] [com.tterrag.registrate.AbstractRegistrate/REGISTRATE.REGISTER]: Captured registration for entry scorchia of type minecraft:block
[10Jan2026 17:51:04.973] [modloading-worker-0/DEBUG] [com.tterrag.registrate.AbstractRegistrate/REGISTRATE.REGISTER]: Captured registration for entry cut_scorchia of type minecraft:item
[10Jan2026 17:51:04.973] [modloading-worker-0/DEBUG] [com.tterrag.registrate.AbstractRegistrate/REGISTRATE.REGISTER]: Captured registration for entry cut_scorchia of type minecraft:block
[10Jan2026 17:51:04.973] [modloading-worker-0/DEBUG] [com.tterrag.registrate.AbstractRegistrate/REGISTRATE.REGISTER]: Captured registration for entry cut_scorchia_stairs of type minecraft:item
[10Jan2026 17:51:04.973] [modloading-worker-0/DEBUG] [com.tterrag.registrate.AbstractRegistrate/REGISTRATE.REGISTER]: Captured registration for entry cut_scorchia_stairs of type minecraft:block
[10Jan2026 17:51:04.973] [modloading-worker-0/DEBUG] [com.tterrag.registrate.AbstractRegistrate/REGISTRATE.REGISTER]: Captured registration for entry cut_scorchia_slab of type minecraft:item
[10Jan2026 17:51:04.973] [modloading-worker-0/DEBUG] [com.tterrag.registrate.AbstractRegistrate/REGISTRATE.REGISTER]: Captured registration for entry cut_scorchia_slab of type minecraft:block
[10Jan2026 17:51:04.973] [modloading-worker-0/DEBUG] [com.tterrag.registrate.AbstractRegistrate/REGISTRATE.REGISTER]: Captured registration for entry cut_scorchia_wall of type minecraft:item
[10Jan2026 17:51:04.973] [modloading-worker-0/DEBUG] [com.tterrag.registrate.AbstractRegistrate/REGISTRATE.REGISTER]: Captured registration for entry cut_scorchia_wall of type minecraft:block
[10Jan2026 17:51:04.973] [modloading-worker-0/DEBUG] [com.tterrag.registrate.AbstractRegistrate/REGISTRATE.REGISTER]: Captured registration for entry polished_cut_scorchia of type minecraft:item
[10Jan2026 17:51:04.973] [modloading-worker-0/DEBUG] [com.tterrag.registrate.AbstractRegistrate/REGISTRATE.REGISTER]: Captured registration for entry polished_cut_scorchia of type minecraft:block
[10Jan2026 17:51:04.973] [modloading-worker-0/DEBUG] [com.tterrag.registrate.AbstractRegistrate/REGISTRATE.REGISTER]: Captured registration for entry polished_cut_scorchia_stairs of type minecraft:item
[10Jan2026 17:51:04.973] [modloading-worker-0/DEBUG] [com.tterrag.registrate.AbstractRegistrate/REGISTRATE.REGISTER]: Captured registration for entry polished_cut_scorchia_stairs of type minecraft:block
[10Jan2026 17:51:04.973] [modloading-worker-0/DEBUG] [com.tterrag.registrate.AbstractRegistrate/REGISTRATE.REGISTER]: Captured registration for entry polished_cut_scorchia_slab of type minecraft:item
[10Jan2026 17:51:04.973] [modloading-worker-0/DEBUG] [com.tterrag.registrate.AbstractRegistrate/REGISTRATE.REGISTER]: Captured registration for entry polished_cut_scorchia_slab of type minecraft:block
[10Jan2026 17:51:04.973] [modloading-worker-0/DEBUG] [com.tterrag.registrate.AbstractRegistrate/REGISTRATE.REGISTER]: Captured registration for entry polished_cut_scorchia_wall of type minecraft:item
[10Jan2026 17:51:04.973] [modloading-worker-0/DEBUG] [com.tterrag.registrate.AbstractRegistrate/REGISTRATE.REGISTER]: Captured registration for entry polished_cut_scorchia_wall of type minecraft:block
[10Jan2026 17:51:04.973] [modloading-worker-0/DEBUG] [com.tterrag.registrate.AbstractRegistrate/REGISTRATE.REGISTER]: Captured registration for entry cut_scorchia_bricks of type minecraft:item
[10Jan2026 17:51:04.973] [modloading-worker-0/DEBUG] [com.tterrag.registrate.AbstractRegistrate/REGISTRATE.REGISTER]: Captured registration for entry cut_scorchia_bricks of type minecraft:block
[10Jan2026 17:51:04.973] [modloading-worker-0/DEBUG] [com.tterrag.registrate.AbstractRegistrate/REGISTRATE.REGISTER]: Captured registration for entry cut_scorchia_brick_stairs of type minecraft:item
[10Jan2026 17:51:04.974] [modloading-worker-0/DEBUG] [com.tterrag.registrate.AbstractRegistrate/REGISTRATE.REGISTER]: Captured registration for entry cut_scorchia_brick_stairs of type minecraft:block
[10Jan2026 17:51:04.974] [modloading-worker-0/DEBUG] [com.tterrag.registrate.AbstractRegistrate/REGISTRATE.REGISTER]: Captured registration for entry cut_scorchia_brick_slab of type minecraft:item
[10Jan2026 17:51:04.974] [modloading-worker-0/DEBUG] [com.tterrag.registrate.AbstractRegistrate/REGISTRATE.REGISTER]: Captured registration for entry cut_scorchia_brick_slab of type minecraft:block
[10Jan2026 17:51:04.974] [modloading-worker-0/DEBUG] [com.tterrag.registrate.AbstractRegistrate/REGISTRATE.REGISTER]: Captured registration for entry cut_scorchia_brick_wall of type minecraft:item
[10Jan2026 17:51:04.974] [modloading-worker-0/DEBUG] [com.tterrag.registrate.AbstractRegistrate/REGISTRATE.REGISTER]: Captured registration for entry cut_scorchia_brick_wall of type minecraft:block
[10Jan2026 17:51:04.974] [modloading-worker-0/DEBUG] [com.tterrag.registrate.AbstractRegistrate/REGISTRATE.REGISTER]: Captured registration for entry small_scorchia_bricks of type minecraft:item
[10Jan2026 17:51:04.974] [modloading-worker-0/DEBUG] [com.tterrag.registrate.AbstractRegistrate/REGISTRATE.REGISTER]: Captured registration for entry small_scorchia_bricks of type minecraft:block
[10Jan2026 17:51:04.974] [modloading-worker-0/DEBUG] [com.tterrag.registrate.AbstractRegistrate/REGISTRATE.REGISTER]: Captured registration for entry small_scorchia_brick_stairs of type minecraft:item
[10Jan2026 17:51:04.974] [modloading-worker-0/DEBUG] [com.tterrag.registrate.AbstractRegistrate/REGISTRATE.REGISTER]: Captured registration for entry small_scorchia_brick_stairs of type minecraft:block
[10Jan2026 17:51:04.974] [modloading-worker-0/DEBUG] [com.tterrag.registrate.AbstractRegistrate/REGISTRATE.REGISTER]: Captured registration for entry small_scorchia_brick_slab of type minecraft:item
[10Jan2026 17:51:04.974] [modloading-worker-0/DEBUG] [com.tterrag.registrate.AbstractRegistrate/REGISTRATE.REGISTER]: Captured registration for entry small_scorchia_brick_slab of type minecraft:block
[10Jan2026 17:51:04.974] [modloading-worker-0/DEBUG] [com.tterrag.registrate.AbstractRegistrate/REGISTRATE.REGISTER]: Captured registration for entry small_scorchia_brick_wall of type minecraft:item
[10Jan2026 17:51:04.974] [modloading-worker-0/DEBUG] [com.tterrag.registrate.AbstractRegistrate/REGISTRATE.REGISTER]: Captured registration for entry small_scorchia_brick_wall of type minecraft:block
[10Jan2026 17:51:04.974] [modloading-worker-0/DEBUG] [com.tterrag.registrate.AbstractRegistrate/REGISTRATE.REGISTER]: Captured registration for entry layered_scorchia of type minecraft:item
[10Jan2026 17:51:04.974] [modloading-worker-0/DEBUG] [com.tterrag.registrate.AbstractRegistrate/REGISTRATE.REGISTER]: Captured registration for entry layered_scorchia of type minecraft:block
[10Jan2026 17:51:04.974] [modloading-worker-0/DEBUG] [com.tterrag.registrate.AbstractRegistrate/REGISTRATE.REGISTER]: Captured registration for entry scorchia_pillar of type minecraft:item
[10Jan2026 17:51:04.974] [modloading-worker-0/DEBUG] [com.tterrag.registrate.AbstractRegistrate/REGISTRATE.REGISTER]: Captured registration for entry scorchia_pillar of type minecraft:block
[10Jan2026 17:51:04.974] [modloading-worker-0/DEBUG] [com.tterrag.registrate.AbstractRegistrate/REGISTRATE.REGISTER]: Captured registration for entry veridium of type minecraft:item
[10Jan2026 17:51:04.974] [modloading-worker-0/DEBUG] [com.tterrag.registrate.AbstractRegistrate/REGISTRATE.REGISTER]: Captured registration for entry veridium of type minecraft:block
[10Jan2026 17:51:04.974] [modloading-worker-0/DEBUG] [com.tterrag.registrate.AbstractRegistrate/REGISTRATE.REGISTER]: Captured registration for entry cut_veridium of type minecraft:item
[10Jan2026 17:51:04.974] [modloading-worker-0/DEBUG] [com.tterrag.registrate.AbstractRegistrate/REGISTRATE.REGISTER]: Captured registration for entry cut_veridium of type minecraft:block
[10Jan2026 17:51:04.974] [modloading-worker-0/DEBUG] [com.tterrag.registrate.AbstractRegistrate/REGISTRATE.REGISTER]: Captured registration for entry cut_veridium_stairs of type minecraft:item
[10Jan2026 17:51:04.974] [modloading-worker-0/DEBUG] [com.tterrag.registrate.AbstractRegistrate/REGISTRATE.REGISTER]: Captured registration for entry cut_veridium_stairs of type minecraft:block
[10Jan2026 17:51:04.974] [modloading-worker-0/DEBUG] [com.tterrag.registrate.AbstractRegistrate/REGISTRATE.REGISTER]: Captured registration for entry cut_veridium_slab of type minecraft:item
[10Jan2026 17:51:04.974] [modloading-worker-0/DEBUG] [com.tterrag.registrate.AbstractRegistrate/REGISTRATE.REGISTER]: Captured registration for entry cut_veridium_slab of type minecraft:block
[10Jan2026 17:51:04.974] [modloading-worker-0/DEBUG] [com.tterrag.registrate.AbstractRegistrate/REGISTRATE.REGISTER]: Captured registration for entry cut_veridium_wall of type minecraft:item
[10Jan2026 17:51:04.974] [modloading-worker-0/DEBUG] [com.tterrag.registrate.AbstractRegistrate/REGISTRATE.REGISTER]: Captured registration for entry cut_veridium_wall of type minecraft:block
[10Jan2026 17:51:04.974] [modloading-worker-0/DEBUG] [com.tterrag.registrate.AbstractRegistrate/REGISTRATE.REGISTER]: Captured registration for entry polished_cut_veridium of type minecraft:item
[10Jan2026 17:51:04.975] [modloading-worker-0/DEBUG] [com.tterrag.registrate.AbstractRegistrate/REGISTRATE.REGISTER]: Captured registration for entry polished_cut_veridium of type minecraft:block
[10Jan2026 17:51:04.975] [modloading-worker-0/DEBUG] [com.tterrag.registrate.AbstractRegistrate/REGISTRATE.REGISTER]: Captured registration for entry polished_cut_veridium_stairs of type minecraft:item
[10Jan2026 17:51:04.975] [modloading-worker-0/DEBUG] [com.tterrag.registrate.AbstractRegistrate/REGISTRATE.REGISTER]: Captured registration for entry polished_cut_veridium_stairs of type minecraft:block
[10Jan2026 17:51:04.975] [modloading-worker-0/DEBUG] [com.tterrag.registrate.AbstractRegistrate/REGISTRATE.REGISTER]: Captured registration for entry polished_cut_veridium_slab of type minecraft:item
[10Jan2026 17:51:04.975] [modloading-worker-0/DEBUG] [com.tterrag.registrate.AbstractRegistrate/REGISTRATE.REGISTER]: Captured registration for entry polished_cut_veridium_slab of type minecraft:block
[10Jan2026 17:51:04.975] [modloading-worker-0/DEBUG] [com.tterrag.registrate.AbstractRegistrate/REGISTRATE.REGISTER]: Captured registration for entry polished_cut_veridium_wall of type minecraft:item
[10Jan2026 17:51:04.975] [modloading-worker-0/DEBUG] [com.tterrag.registrate.AbstractRegistrate/REGISTRATE.REGISTER]: Captured registration for entry polished_cut_veridium_wall of type minecraft:block
[10Jan2026 17:51:04.975] [modloading-worker-0/DEBUG] [com.tterrag.registrate.AbstractRegistrate/REGISTRATE.REGISTER]: Captured registration for entry cut_veridium_bricks of type minecraft:item
[10Jan2026 17:51:04.975] [modloading-worker-0/DEBUG] [com.tterrag.registrate.AbstractRegistrate/REGISTRATE.REGISTER]: Captured registration for entry cut_veridium_bricks of type minecraft:block
[10Jan2026 17:51:04.975] [modloading-worker-0/DEBUG] [com.tterrag.registrate.AbstractRegistrate/REGISTRATE.REGISTER]: Captured registration for entry cut_veridium_brick_stairs of type minecraft:item
[10Jan2026 17:51:04.975] [modloading-worker-0/DEBUG] [com.tterrag.registrate.AbstractRegistrate/REGISTRATE.REGISTER]: Captured registration for entry cut_veridium_brick_stairs of type minecraft:block
[10Jan2026 17:51:04.975] [modloading-worker-0/DEBUG] [com.tterrag.registrate.AbstractRegistrate/REGISTRATE.REGISTER]: Captured registration for entry cut_veridium_brick_slab of type minecraft:item
[10Jan2026 17:51:04.975] [modloading-worker-0/DEBUG] [com.tterrag.registrate.AbstractRegistrate/REGISTRATE.REGISTER]: Captured registration for entry cut_veridium_brick_slab of type minecraft:block
[10Jan2026 17:51:04.975] [modloading-worker-0/DEBUG] [com.tterrag.registrate.AbstractRegistrate/REGISTRATE.REGISTER]: Captured registration for entry cut_veridium_brick_wall of type minecraft:item
[10Jan2026 17:51:04.975] [modloading-worker-0/DEBUG] [com.tterrag.registrate.AbstractRegistrate/REGISTRATE.REGISTER]: Captured registration for entry cut_veridium_brick_wall of type minecraft:block
[10Jan2026 17:51:04.975] [modloading-worker-0/DEBUG] [com.tterrag.registrate.AbstractRegistrate/REGISTRATE.REGISTER]: Captured registration for entry small_veridium_bricks of type minecraft:item
[10Jan2026 17:51:04.975] [modloading-worker-0/DEBUG] [com.tterrag.registrate.AbstractRegistrate/REGISTRATE.REGISTER]: Captured registration for entry small_veridium_bricks of type minecraft:block
[10Jan2026 17:51:04.975] [modloading-worker-0/DEBUG] [com.tterrag.registrate.AbstractRegistrate/REGISTRATE.REGISTER]: Captured registration for entry small_veridium_brick_stairs of type minecraft:item
[10Jan2026 17:51:04.975] [modloading-worker-0/DEBUG] [com.tterrag.registrate.AbstractRegistrate/REGISTRATE.REGISTER]: Captured registration for entry small_veridium_brick_stairs of type minecraft:block
[10Jan2026 17:51:04.975] [modloading-worker-0/DEBUG] [com.tterrag.registrate.AbstractRegistrate/REGISTRATE.REGISTER]: Captured registration for entry small_veridium_brick_slab of type minecraft:item
[10Jan2026 17:51:04.975] [modloading-worker-0/DEBUG] [com.tterrag.registrate.AbstractRegistrate/REGISTRATE.REGISTER]: Captured registration for entry small_veridium_brick_slab of type minecraft:block
[10Jan2026 17:51:04.975] [modloading-worker-0/DEBUG] [com.tterrag.registrate.AbstractRegistrate/REGISTRATE.REGISTER]: Captured registration for entry small_veridium_brick_wall of type minecraft:item
[10Jan2026 17:51:04.975] [modloading-worker-0/DEBUG] [com.tterrag.registrate.AbstractRegistrate/REGISTRATE.REGISTER]: Captured registration for entry small_veridium_brick_wall of type minecraft:block
[10Jan2026 17:51:04.975] [modloading-worker-0/DEBUG] [com.tterrag.registrate.AbstractRegistrate/REGISTRATE.REGISTER]: Captured registration for entry layered_veridium of type minecraft:item
[10Jan2026 17:51:04.975] [modloading-worker-0/DEBUG] [com.tterrag.registrate.AbstractRegistrate/REGISTRATE.REGISTER]: Captured registration for entry layered_veridium of type minecraft:block
[10Jan2026 17:51:04.975] [modloading-worker-0/DEBUG] [com.tterrag.registrate.AbstractRegistrate/REGISTRATE.REGISTER]: Captured registration for entry veridium_pillar of type minecraft:item
[10Jan2026 17:51:04.975] [modloading-worker-0/DEBUG] [com.tterrag.registrate.AbstractRegistrate/REGISTRATE.REGISTER]: Captured registration for entry veridium_pillar of type minecraft:block
[10Jan2026 17:51:04.992] [modloading-worker-0/DEBUG] [com.tterrag.registrate.AbstractRegistrate/REGISTRATE.REGISTER]: Captured registration for entry schematic_table of type minecraft:menu
[10Jan2026 17:51:04.995] [modloading-worker-0/DEBUG] [com.tterrag.registrate.AbstractRegistrate/REGISTRATE.REGISTER]: Captured registration for entry schematicannon of type minecraft:menu
[10Jan2026 17:51:04.998] [modloading-worker-0/DEBUG] [com.tterrag.registrate.AbstractRegistrate/REGISTRATE.REGISTER]: Captured registration for entry filter of type minecraft:menu
[10Jan2026 17:51:05.001] [modloading-worker-0/DEBUG] [com.tterrag.registrate.AbstractRegistrate/REGISTRATE.REGISTER]: Captured registration for entry attribute_filter of type minecraft:menu
[10Jan2026 17:51:05.005] [modloading-worker-0/DEBUG] [com.tterrag.registrate.AbstractRegistrate/REGISTRATE.REGISTER]: Captured registration for entry package_filter of type minecraft:menu
[10Jan2026 17:51:05.007] [modloading-worker-0/DEBUG] [com.tterrag.registrate.AbstractRegistrate/REGISTRATE.REGISTER]: Captured registration for entry crafting_blueprint of type minecraft:menu
[10Jan2026 17:51:05.008] [modloading-worker-0/DEBUG] [com.tterrag.registrate.AbstractRegistrate/REGISTRATE.REGISTER]: Captured registration for entry linked_controller of type minecraft:menu
[10Jan2026 17:51:05.011] [modloading-worker-0/DEBUG] [com.tterrag.registrate.AbstractRegistrate/REGISTRATE.REGISTER]: Captured registration for entry toolbox of type minecraft:menu
[10Jan2026 17:51:05.012] [modloading-worker-0/DEBUG] [com.tterrag.registrate.AbstractRegistrate/REGISTRATE.REGISTER]: Captured registration for entry schedule of type minecraft:menu
[10Jan2026 17:51:05.014] [modloading-worker-0/DEBUG] [com.tterrag.registrate.AbstractRegistrate/REGISTRATE.REGISTER]: Captured registration for entry stock_keeper_category of type minecraft:menu
[10Jan2026 17:51:05.015] [modloading-worker-0/DEBUG] [com.tterrag.registrate.AbstractRegistrate/REGISTRATE.REGISTER]: Captured registration for entry stock_keeper_request of type minecraft:menu
[10Jan2026 17:51:05.017] [modloading-worker-0/DEBUG] [com.tterrag.registrate.AbstractRegistrate/REGISTRATE.REGISTER]: Captured registration for entry package_port of type minecraft:menu
[10Jan2026 17:51:05.018] [modloading-worker-0/DEBUG] [com.tterrag.registrate.AbstractRegistrate/REGISTRATE.REGISTER]: Captured registration for entry redstone_requester of type minecraft:menu
[10Jan2026 17:51:05.019] [modloading-worker-0/DEBUG] [com.tterrag.registrate.AbstractRegistrate/REGISTRATE.REGISTER]: Captured registration for entry factory_panel_set_item of type minecraft:menu
[10Jan2026 17:51:05.025] [modloading-worker-0/DEBUG] [com.tterrag.registrate.AbstractRegistrate/REGISTRATE.REGISTER]: Captured registration for entry contraption of type minecraft:entity_type
[10Jan2026 17:51:05.026] [modloading-worker-0/DEBUG] [com.tterrag.registrate.AbstractRegistrate/REGISTRATE.REGISTER]: Captured registration for entry stationary_contraption of type minecraft:entity_type
[10Jan2026 17:51:05.027] [modloading-worker-0/DEBUG] [com.tterrag.registrate.AbstractRegistrate/REGISTRATE.REGISTER]: Captured registration for entry gantry_contraption of type minecraft:entity_type
[10Jan2026 17:51:05.029] [modloading-worker-0/DEBUG] [com.tterrag.registrate.AbstractRegistrate/REGISTRATE.REGISTER]: Captured registration for entry carriage_contraption of type minecraft:entity_type
[10Jan2026 17:51:05.032] [modloading-worker-0/DEBUG] [com.tterrag.registrate.AbstractRegistrate/REGISTRATE.REGISTER]: Captured registration for entry super_glue of type minecraft:entity_type
[10Jan2026 17:51:05.033] [modloading-worker-0/DEBUG] [com.tterrag.registrate.AbstractRegistrate/REGISTRATE.REGISTER]: Captured registration for entry crafting_blueprint of type minecraft:entity_type
[10Jan2026 17:51:05.034] [modloading-worker-0/DEBUG] [com.tterrag.registrate.AbstractRegistrate/REGISTRATE.REGISTER]: Captured registration for entry potato_projectile of type minecraft:entity_type
[10Jan2026 17:51:05.034] [modloading-worker-0/DEBUG] [com.tterrag.registrate.AbstractRegistrate/REGISTRATE.REGISTER]: Captured registration for entry seat of type minecraft:entity_type
[10Jan2026 17:51:05.035] [modloading-worker-0/DEBUG] [com.tterrag.registrate.AbstractRegistrate/REGISTRATE.REGISTER]: Captured registration for entry package of type minecraft:entity_type
[10Jan2026 17:51:05.045] [modloading-worker-0/DEBUG] [com.tterrag.registrate.AbstractRegistrate/REGISTRATE.REGISTER]: Captured registration for entry schematicannon of type minecraft:block_entity_type
[10Jan2026 17:51:05.045] [modloading-worker-0/DEBUG] [com.tterrag.registrate.AbstractRegistrate/REGISTRATE.REGISTER]: Captured registration for entry schematic_table of type minecraft:block_entity_type
[10Jan2026 17:51:05.046] [modloading-worker-0/DEBUG] [com.tterrag.registrate.AbstractRegistrate/REGISTRATE.REGISTER]: Captured registration for entry simple_kinetic of type minecraft:block_entity_type
[10Jan2026 17:51:05.048] [modloading-worker-0/DEBUG] [com.tterrag.registrate.AbstractRegistrate/REGISTRATE.REGISTER]: Captured registration for entry motor of type minecraft:block_entity_type
[10Jan2026 17:51:05.048] [modloading-worker-0/DEBUG] [com.tterrag.registrate.AbstractRegistrate/REGISTRATE.REGISTER]: Captured registration for entry gearbox of type minecraft:block_entity_type
[10Jan2026 17:51:05.049] [modloading-worker-0/DEBUG] [com.tterrag.registrate.AbstractRegistrate/REGISTRATE.REGISTER]: Captured registration for entry encased_shaft of type minecraft:block_entity_type
[10Jan2026 17:51:05.049] [modloading-worker-0/DEBUG] [com.tterrag.registrate.AbstractRegistrate/REGISTRATE.REGISTER]: Captured registration for entry encased_cogwheel of type minecraft:block_entity_type
[10Jan2026 17:51:05.049] [modloading-worker-0/DEBUG] [com.tterrag.registrate.AbstractRegistrate/REGISTRATE.REGISTER]: Captured registration for entry encased_large_cogwheel of type minecraft:block_entity_type
[10Jan2026 17:51:05.049] [modloading-worker-0/DEBUG] [com.tterrag.registrate.AbstractRegistrate/REGISTRATE.REGISTER]: Captured registration for entry adjustable_chain_gearshift of type minecraft:block_entity_type
[10Jan2026 17:51:05.050] [modloading-worker-0/DEBUG] [com.tterrag.registrate.AbstractRegistrate/REGISTRATE.REGISTER]: Captured registration for entry encased_fan of type minecraft:block_entity_type
[10Jan2026 17:51:05.050] [modloading-worker-0/DEBUG] [com.tterrag.registrate.AbstractRegistrate/REGISTRATE.REGISTER]: Captured registration for entry nozzle of type minecraft:block_entity_type
[10Jan2026 17:51:05.051] [modloading-worker-0/DEBUG] [com.tterrag.registrate.AbstractRegistrate/REGISTRATE.REGISTER]: Captured registration for entry clutch of type minecraft:block_entity_type
[10Jan2026 17:51:05.051] [modloading-worker-0/DEBUG] [com.tterrag.registrate.AbstractRegistrate/REGISTRATE.REGISTER]: Captured registration for entry gearshift of type minecraft:block_entity_type
[10Jan2026 17:51:05.051] [modloading-worker-0/DEBUG] [com.tterrag.registrate.AbstractRegistrate/REGISTRATE.REGISTER]: Captured registration for entry turntable of type minecraft:block_entity_type
[10Jan2026 17:51:05.052] [modloading-worker-0/DEBUG] [com.tterrag.registrate.AbstractRegistrate/REGISTRATE.REGISTER]: Captured registration for entry hand_crank of type minecraft:block_entity_type
[10Jan2026 17:51:05.052] [modloading-worker-0/DEBUG] [com.tterrag.registrate.AbstractRegistrate/REGISTRATE.REGISTER]: Captured registration for entry valve_handle of type minecraft:block_entity_type
[10Jan2026 17:51:05.053] [modloading-worker-0/DEBUG] [com.tterrag.registrate.AbstractRegistrate/REGISTRATE.REGISTER]: Captured registration for entry cuckoo_clock of type minecraft:block_entity_type
[10Jan2026 17:51:05.053] [modloading-worker-0/DEBUG] [com.tterrag.registrate.AbstractRegistrate/REGISTRATE.REGISTER]: Captured registration for entry gantry_shaft of type minecraft:block_entity_type
[10Jan2026 17:51:05.054] [modloading-worker-0/DEBUG] [com.tterrag.registrate.AbstractRegistrate/REGISTRATE.REGISTER]: Captured registration for entry gantry_pinion of type minecraft:block_entity_type
[10Jan2026 17:51:05.055] [modloading-worker-0/DEBUG] [com.tterrag.registrate.AbstractRegistrate/REGISTRATE.REGISTER]: Captured registration for entry chain_conveyor of type minecraft:block_entity_type
[10Jan2026 17:51:05.056] [modloading-worker-0/DEBUG] [com.tterrag.registrate.AbstractRegistrate/REGISTRATE.REGISTER]: Captured registration for entry mechanical_pump of type minecraft:block_entity_type
[10Jan2026 17:51:05.056] [modloading-worker-0/DEBUG] [com.tterrag.registrate.AbstractRegistrate/REGISTRATE.REGISTER]: Captured registration for entry smart_fluid_pipe of type minecraft:block_entity_type
[10Jan2026 17:51:05.057] [modloading-worker-0/DEBUG] [com.tterrag.registrate.AbstractRegistrate/REGISTRATE.REGISTER]: Captured registration for entry fluid_pipe of type minecraft:block_entity_type
[10Jan2026 17:51:05.057] [modloading-worker-0/DEBUG] [com.tterrag.registrate.AbstractRegistrate/REGISTRATE.REGISTER]: Captured registration for entry encased_fluid_pipe of type minecraft:block_entity_type
[10Jan2026 17:51:05.057] [modloading-worker-0/DEBUG] [com.tterrag.registrate.AbstractRegistrate/REGISTRATE.REGISTER]: Captured registration for entry glass_fluid_pipe of type minecraft:block_entity_type
[10Jan2026 17:51:05.058] [modloading-worker-0/DEBUG] [com.tterrag.registrate.AbstractRegistrate/REGISTRATE.REGISTER]: Captured registration for entry fluid_valve of type minecraft:block_entity_type
[10Jan2026 17:51:05.058] [modloading-worker-0/DEBUG] [com.tterrag.registrate.AbstractRegistrate/REGISTRATE.REGISTER]: Captured registration for entry fluid_tank of type minecraft:block_entity_type
[10Jan2026 17:51:05.059] [modloading-worker-0/DEBUG] [com.tterrag.registrate.AbstractRegistrate/REGISTRATE.REGISTER]: Captured registration for entry creative_fluid_tank of type minecraft:block_entity_type
[10Jan2026 17:51:05.060] [modloading-worker-0/DEBUG] [com.tterrag.registrate.AbstractRegistrate/REGISTRATE.REGISTER]: Captured registration for entry hose_pulley of type minecraft:block_entity_type
[10Jan2026 17:51:05.060] [modloading-worker-0/DEBUG] [com.tterrag.registrate.AbstractRegistrate/REGISTRATE.REGISTER]: Captured registration for entry spout of type minecraft:block_entity_type
[10Jan2026 17:51:05.061] [modloading-worker-0/DEBUG] [com.tterrag.registrate.AbstractRegistrate/REGISTRATE.REGISTER]: Captured registration for entry item_drain of type minecraft:block_entity_type
[10Jan2026 17:51:05.062] [modloading-worker-0/DEBUG] [com.tterrag.registrate.AbstractRegistrate/REGISTRATE.REGISTER]: Captured registration for entry belt of type minecraft:block_entity_type
[10Jan2026 17:51:05.063] [modloading-worker-0/DEBUG] [com.tterrag.registrate.AbstractRegistrate/REGISTRATE.REGISTER]: Captured registration for entry chute of type minecraft:block_entity_type
[10Jan2026 17:51:05.064] [modloading-worker-0/DEBUG] [com.tterrag.registrate.AbstractRegistrate/REGISTRATE.REGISTER]: Captured registration for entry smart_chute of type minecraft:block_entity_type
[10Jan2026 17:51:05.064] [modloading-worker-0/DEBUG] [com.tterrag.registrate.AbstractRegistrate/REGISTRATE.REGISTER]: Captured registration for entry andesite_tunnel of type minecraft:block_entity_type
[10Jan2026 17:51:05.066] [modloading-worker-0/DEBUG] [com.tterrag.registrate.AbstractRegistrate/REGISTRATE.REGISTER]: Captured registration for entry brass_tunnel of type minecraft:block_entity_type
[10Jan2026 17:51:05.067] [modloading-worker-0/DEBUG] [com.tterrag.registrate.AbstractRegistrate/REGISTRATE.REGISTER]: Captured registration for entry mechanical_arm of type minecraft:block_entity_type
[10Jan2026 17:51:05.069] [modloading-worker-0/DEBUG] [com.tterrag.registrate.AbstractRegistrate/REGISTRATE.REGISTER]: Captured registration for entry item_vault of type minecraft:block_entity_type
[10Jan2026 17:51:05.069] [modloading-worker-0/DEBUG] [com.tterrag.registrate.AbstractRegistrate/REGISTRATE.REGISTER]: Captured registration for entry item_hatch of type minecraft:block_entity_type
[10Jan2026 17:51:05.070] [modloading-worker-0/DEBUG] [com.tterrag.registrate.AbstractRegistrate/REGISTRATE.REGISTER]: Captured registration for entry packager of type minecraft:block_entity_type
[10Jan2026 17:51:05.071] [modloading-worker-0/DEBUG] [com.tterrag.registrate.AbstractRegistrate/REGISTRATE.REGISTER]: Captured registration for entry repackager of type minecraft:block_entity_type
[10Jan2026 17:51:05.072] [modloading-worker-0/DEBUG] [com.tterrag.registrate.AbstractRegistrate/REGISTRATE.REGISTER]: Captured registration for entry package_frogport of type minecraft:block_entity_type
[10Jan2026 17:51:05.072] [modloading-worker-0/DEBUG] [com.tterrag.registrate.AbstractRegistrate/REGISTRATE.REGISTER]: Captured registration for entry package_postbox of type minecraft:block_entity_type
[10Jan2026 17:51:05.073] [modloading-worker-0/DEBUG] [com.tterrag.registrate.AbstractRegistrate/REGISTRATE.REGISTER]: Captured registration for entry table_cloth of type minecraft:block_entity_type
[10Jan2026 17:51:05.074] [modloading-worker-0/DEBUG] [com.tterrag.registrate.AbstractRegistrate/REGISTRATE.REGISTER]: Captured registration for entry packager_link of type minecraft:block_entity_type
[10Jan2026 17:51:05.074] [modloading-worker-0/DEBUG] [com.tterrag.registrate.AbstractRegistrate/REGISTRATE.REGISTER]: Captured registration for entry stock_ticker of type minecraft:block_entity_type
[10Jan2026 17:51:05.075] [modloading-worker-0/DEBUG] [com.tterrag.registrate.AbstractRegistrate/REGISTRATE.REGISTER]: Captured registration for entry redstone_requester of type minecraft:block_entity_type
[10Jan2026 17:51:05.076] [modloading-worker-0/DEBUG] [com.tterrag.registrate.AbstractRegistrate/REGISTRATE.REGISTER]: Captured registration for entry mechanical_piston of type minecraft:block_entity_type
[10Jan2026 17:51:05.078] [modloading-worker-0/DEBUG] [com.tterrag.registrate.AbstractRegistrate/REGISTRATE.REGISTER]: Captured registration for entry windmill_bearing of type minecraft:block_entity_type
[10Jan2026 17:51:05.078] [modloading-worker-0/DEBUG] [com.tterrag.registrate.AbstractRegistrate/REGISTRATE.REGISTER]: Captured registration for entry mechanical_bearing of type minecraft:block_entity_type
[10Jan2026 17:51:05.079] [modloading-worker-0/DEBUG] [com.tterrag.registrate.AbstractRegistrate/REGISTRATE.REGISTER]: Captured registration for entry clockwork_bearing of type minecraft:block_entity_type
[10Jan2026 17:51:05.079] [modloading-worker-0/DEBUG] [com.tterrag.registrate.AbstractRegistrate/REGISTRATE.REGISTER]: Captured registration for entry rope_pulley of type minecraft:block_entity_type
[10Jan2026 17:51:05.080] [modloading-worker-0/DEBUG] [com.tterrag.registrate.AbstractRegistrate/REGISTRATE.REGISTER]: Captured registration for entry elevator_pulley of type minecraft:block_entity_type
[10Jan2026 17:51:05.081] [modloading-worker-0/DEBUG] [com.tterrag.registrate.AbstractRegistrate/REGISTRATE.REGISTER]: Captured registration for entry elevator_contact of type minecraft:block_entity_type
[10Jan2026 17:51:05.082] [modloading-worker-0/DEBUG] [com.tterrag.registrate.AbstractRegistrate/REGISTRATE.REGISTER]: Captured registration for entry chassis of type minecraft:block_entity_type
[10Jan2026 17:51:05.082] [modloading-worker-0/DEBUG] [com.tterrag.registrate.AbstractRegistrate/REGISTRATE.REGISTER]: Captured registration for entry sticker of type minecraft:block_entity_type
[10Jan2026 17:51:05.083] [modloading-worker-0/DEBUG] [com.tterrag.registrate.AbstractRegistrate/REGISTRATE.REGISTER]: Captured registration for entry contraption_controls of type minecraft:block_entity_type
[10Jan2026 17:51:05.083] [modloading-worker-0/DEBUG] [com.tterrag.registrate.AbstractRegistrate/REGISTRATE.REGISTER]: Captured registration for entry drill of type minecraft:block_entity_type
[10Jan2026 17:51:05.084] [modloading-worker-0/DEBUG] [com.tterrag.registrate.AbstractRegistrate/REGISTRATE.REGISTER]: Captured registration for entry saw of type minecraft:block_entity_type
[10Jan2026 17:51:05.085] [modloading-worker-0/DEBUG] [com.tterrag.registrate.AbstractRegistrate/REGISTRATE.REGISTER]: Captured registration for entry harvester of type minecraft:block_entity_type
[10Jan2026 17:51:05.085] [modloading-worker-0/DEBUG] [com.tterrag.registrate.AbstractRegistrate/REGISTRATE.REGISTER]: Captured registration for entry mechanical_roller of type minecraft:block_entity_type
[10Jan2026 17:51:05.086] [modloading-worker-0/DEBUG] [com.tterrag.registrate.AbstractRegistrate/REGISTRATE.REGISTER]: Captured registration for entry portable_storage_interface of type minecraft:block_entity_type
[10Jan2026 17:51:05.086] [modloading-worker-0/DEBUG] [com.tterrag.registrate.AbstractRegistrate/REGISTRATE.REGISTER]: Captured registration for entry portable_fluid_interface of type minecraft:block_entity_type
[10Jan2026 17:51:05.087] [modloading-worker-0/DEBUG] [com.tterrag.registrate.AbstractRegistrate/REGISTRATE.REGISTER]: Captured registration for entry steam_engine of type minecraft:block_entity_type
[10Jan2026 17:51:05.088] [modloading-worker-0/DEBUG] [com.tterrag.registrate.AbstractRegistrate/REGISTRATE.REGISTER]: Captured registration for entry steam_whistle of type minecraft:block_entity_type
[10Jan2026 17:51:05.089] [modloading-worker-0/DEBUG] [com.tterrag.registrate.AbstractRegistrate/REGISTRATE.REGISTER]: Captured registration for entry powered_shaft of type minecraft:block_entity_type
[10Jan2026 17:51:05.089] [modloading-worker-0/DEBUG] [com.tterrag.registrate.AbstractRegistrate/REGISTRATE.REGISTER]: Captured registration for entry flywheel of type minecraft:block_entity_type
[10Jan2026 17:51:05.090] [modloading-worker-0/DEBUG] [com.tterrag.registrate.AbstractRegistrate/REGISTRATE.REGISTER]: Captured registration for entry millstone of type minecraft:block_entity_type
[10Jan2026 17:51:05.090] [modloading-worker-0/DEBUG] [com.tterrag.registrate.AbstractRegistrate/REGISTRATE.REGISTER]: Captured registration for entry crushing_wheel of type minecraft:block_entity_type
[10Jan2026 17:51:05.091] [modloading-worker-0/DEBUG] [com.tterrag.registrate.AbstractRegistrate/REGISTRATE.REGISTER]: Captured registration for entry crushing_wheel_controller of type minecraft:block_entity_type
[10Jan2026 17:51:05.092] [modloading-worker-0/DEBUG] [com.tterrag.registrate.AbstractRegistrate/REGISTRATE.REGISTER]: Captured registration for entry water_wheel of type minecraft:block_entity_type
[10Jan2026 17:51:05.092] [modloading-worker-0/DEBUG] [com.tterrag.registrate.AbstractRegistrate/REGISTRATE.REGISTER]: Captured registration for entry large_water_wheel of type minecraft:block_entity_type
[10Jan2026 17:51:05.093] [modloading-worker-0/DEBUG] [com.tterrag.registrate.AbstractRegistrate/REGISTRATE.REGISTER]: Captured registration for entry mechanical_press of type minecraft:block_entity_type
[10Jan2026 17:51:05.094] [modloading-worker-0/DEBUG] [com.tterrag.registrate.AbstractRegistrate/REGISTRATE.REGISTER]: Captured registration for entry mechanical_mixer of type minecraft:block_entity_type
[10Jan2026 17:51:05.096] [modloading-worker-0/DEBUG] [com.tterrag.registrate.AbstractRegistrate/REGISTRATE.REGISTER]: Captured registration for entry deployer of type minecraft:block_entity_type
[10Jan2026 17:51:05.097] [modloading-worker-0/DEBUG] [com.tterrag.registrate.AbstractRegistrate/REGISTRATE.REGISTER]: Captured registration for entry basin of type minecraft:block_entity_type
[10Jan2026 17:51:05.097] [modloading-worker-0/DEBUG] [com.tterrag.registrate.AbstractRegistrate/REGISTRATE.REGISTER]: Captured registration for entry blaze_heater of type minecraft:block_entity_type
[10Jan2026 17:51:05.099] [modloading-worker-0/DEBUG] [com.tterrag.registrate.AbstractRegistrate/REGISTRATE.REGISTER]: Captured registration for entry mechanical_crafter of type minecraft:block_entity_type
[10Jan2026 17:51:05.100] [modloading-worker-0/DEBUG] [com.tterrag.registrate.AbstractRegistrate/REGISTRATE.REGISTER]: Captured registration for entry sequenced_gearshift of type minecraft:block_entity_type
[10Jan2026 17:51:05.101] [modloading-worker-0/DEBUG] [com.tterrag.registrate.AbstractRegistrate/REGISTRATE.REGISTER]: Captured registration for entry rotation_speed_controller of type minecraft:block_entity_type
[10Jan2026 17:51:05.102] [modloading-worker-0/DEBUG] [com.tterrag.registrate.AbstractRegistrate/REGISTRATE.REGISTER]: Captured registration for entry speedometer of type minecraft:block_entity_type
[10Jan2026 17:51:05.103] [modloading-worker-0/DEBUG] [com.tterrag.registrate.AbstractRegistrate/REGISTRATE.REGISTER]: Captured registration for entry stressometer of type minecraft:block_entity_type
[10Jan2026 17:51:05.103] [modloading-worker-0/DEBUG] [com.tterrag.registrate.AbstractRegistrate/REGISTRATE.REGISTER]: Captured registration for entry analog_lever of type minecraft:block_entity_type
[10Jan2026 17:51:05.104] [modloading-worker-0/DEBUG] [com.tterrag.registrate.AbstractRegistrate/REGISTRATE.REGISTER]: Captured registration for entry placard of type minecraft:block_entity_type
[10Jan2026 17:51:05.104] [modloading-worker-0/DEBUG] [com.tterrag.registrate.AbstractRegistrate/REGISTRATE.REGISTER]: Captured registration for entry factory_panel of type minecraft:block_entity_type
[10Jan2026 17:51:05.106] [modloading-worker-0/DEBUG] [com.tterrag.registrate.AbstractRegistrate/REGISTRATE.REGISTER]: Captured registration for entry cart_assembler of type minecraft:block_entity_type
[10Jan2026 17:51:05.106] [modloading-worker-0/DEBUG] [com.tterrag.registrate.AbstractRegistrate/REGISTRATE.REGISTER]: Captured registration for entry redstone_link of type minecraft:block_entity_type
[10Jan2026 17:51:05.107] [modloading-worker-0/DEBUG] [com.tterrag.registrate.AbstractRegistrate/REGISTRATE.REGISTER]: Captured registration for entry nixie_tube of type minecraft:block_entity_type
[10Jan2026 17:51:05.108] [modloading-worker-0/DEBUG] [com.tterrag.registrate.AbstractRegistrate/REGISTRATE.REGISTER]: Captured registration for entry display_link of type minecraft:block_entity_type
[10Jan2026 17:51:05.109] [modloading-worker-0/DEBUG] [com.tterrag.registrate.AbstractRegistrate/REGISTRATE.REGISTER]: Captured registration for entry stockpile_switch of type minecraft:block_entity_type
[10Jan2026 17:51:05.110] [modloading-worker-0/DEBUG] [com.tterrag.registrate.AbstractRegistrate/REGISTRATE.REGISTER]: Captured registration for entry creative_crate of type minecraft:block_entity_type
[10Jan2026 17:51:05.110] [modloading-worker-0/DEBUG] [com.tterrag.registrate.AbstractRegistrate/REGISTRATE.REGISTER]: Captured registration for entry depot of type minecraft:block_entity_type
[10Jan2026 17:51:05.111] [modloading-worker-0/DEBUG] [com.tterrag.registrate.AbstractRegistrate/REGISTRATE.REGISTER]: Captured registration for entry weighted_ejector of type minecraft:block_entity_type
[10Jan2026 17:51:05.112] [modloading-worker-0/DEBUG] [com.tterrag.registrate.AbstractRegistrate/REGISTRATE.REGISTER]: Captured registration for entry funnel of type minecraft:block_entity_type
[10Jan2026 17:51:05.112] [modloading-worker-0/DEBUG] [com.tterrag.registrate.AbstractRegistrate/REGISTRATE.REGISTER]: Captured registration for entry content_observer of type minecraft:block_entity_type
[10Jan2026 17:51:05.113] [modloading-worker-0/DEBUG] [com.tterrag.registrate.AbstractRegistrate/REGISTRATE.REGISTER]: Captured registration for entry pulse_extender of type minecraft:block_entity_type
[10Jan2026 17:51:05.114] [modloading-worker-0/DEBUG] [com.tterrag.registrate.AbstractRegistrate/REGISTRATE.REGISTER]: Captured registration for entry pulse_repeater of type minecraft:block_entity_type
[10Jan2026 17:51:05.114] [modloading-worker-0/DEBUG] [com.tterrag.registrate.AbstractRegistrate/REGISTRATE.REGISTER]: Captured registration for entry pulse_timer of type minecraft:block_entity_type
[10Jan2026 17:51:05.115] [modloading-worker-0/DEBUG] [com.tterrag.registrate.AbstractRegistrate/REGISTRATE.REGISTER]: Captured registration for entry lectern_controller of type minecraft:block_entity_type
[10Jan2026 17:51:05.115] [modloading-worker-0/DEBUG] [com.tterrag.registrate.AbstractRegistrate/REGISTRATE.REGISTER]: Captured registration for entry backtank of type minecraft:block_entity_type
[10Jan2026 17:51:05.117] [modloading-worker-0/DEBUG] [com.tterrag.registrate.AbstractRegistrate/REGISTRATE.REGISTER]: Captured registration for entry peculiar_bell of type minecraft:block_entity_type
[10Jan2026 17:51:05.119] [modloading-worker-0/DEBUG] [com.tterrag.registrate.AbstractRegistrate/REGISTRATE.REGISTER]: Captured registration for entry cursed_bell of type minecraft:block_entity_type
[10Jan2026 17:51:05.120] [modloading-worker-0/DEBUG] [com.tterrag.registrate.AbstractRegistrate/REGISTRATE.REGISTER]: Captured registration for entry desk_bell of type minecraft:block_entity_type
[10Jan2026 17:51:05.121] [modloading-worker-0/DEBUG] [com.tterrag.registrate.AbstractRegistrate/REGISTRATE.REGISTER]: Captured registration for entry toolbox of type minecraft:block_entity_type
[10Jan2026 17:51:05.122] [modloading-worker-0/DEBUG] [com.tterrag.registrate.AbstractRegistrate/REGISTRATE.REGISTER]: Captured registration for entry track of type minecraft:block_entity_type
[10Jan2026 17:51:05.122] [modloading-worker-0/DEBUG] [com.tterrag.registrate.AbstractRegistrate/REGISTRATE.REGISTER]: Captured registration for entry fake_track of type minecraft:block_entity_type
[10Jan2026 17:51:05.123] [modloading-worker-0/DEBUG] [com.tterrag.registrate.AbstractRegistrate/REGISTRATE.REGISTER]: Captured registration for entry bogey of type minecraft:block_entity_type
[10Jan2026 17:51:05.126] [modloading-worker-0/DEBUG] [com.tterrag.registrate.AbstractRegistrate/REGISTRATE.REGISTER]: Captured registration for entry track_station of type minecraft:block_entity_type
[10Jan2026 17:51:05.126] [modloading-worker-0/DEBUG] [com.tterrag.registrate.AbstractRegistrate/REGISTRATE.REGISTER]: Captured registration for entry sliding_door of type minecraft:block_entity_type
[10Jan2026 17:51:05.127] [modloading-worker-0/DEBUG] [com.tterrag.registrate.AbstractRegistrate/REGISTRATE.REGISTER]: Captured registration for entry copycat of type minecraft:block_entity_type
[10Jan2026 17:51:05.127] [modloading-worker-0/DEBUG] [com.tterrag.registrate.AbstractRegistrate/REGISTRATE.REGISTER]: Captured registration for entry flap_display of type minecraft:block_entity_type
[10Jan2026 17:51:05.129] [modloading-worker-0/DEBUG] [com.tterrag.registrate.AbstractRegistrate/REGISTRATE.REGISTER]: Captured registration for entry track_signal of type minecraft:block_entity_type
[10Jan2026 17:51:05.129] [modloading-worker-0/DEBUG] [com.tterrag.registrate.AbstractRegistrate/REGISTRATE.REGISTER]: Captured registration for entry track_observer of type minecraft:block_entity_type
[10Jan2026 17:51:05.130] [modloading-worker-0/DEBUG] [com.tterrag.registrate.AbstractRegistrate/REGISTRATE.REGISTER]: Captured registration for entry clipboard of type minecraft:block_entity_type
[10Jan2026 17:51:05.131] [modloading-worker-0/DEBUG] [com.tterrag.registrate.AbstractRegistrate/REGISTRATE.REGISTER]: Captured registration for entry potato_recovery of type minecraft:enchantment
[10Jan2026 17:51:05.131] [modloading-worker-0/DEBUG] [com.tterrag.registrate.AbstractRegistrate/REGISTRATE.REGISTER]: Captured registration for entry capacity of type minecraft:enchantment
[10Jan2026 17:51:05.196] [modloading-worker-0/DEBUG] [net.minecraftforge.fml.config.ConfigTracker/CONFIG]: Config file create-common.toml for create tracking
[10Jan2026 17:51:05.196] [modloading-worker-0/DEBUG] [net.minecraftforge.fml.config.ConfigTracker/CONFIG]: Config file create-client.toml for create tracking
[10Jan2026 17:51:05.196] [modloading-worker-0/DEBUG] [net.minecraftforge.fml.config.ConfigTracker/CONFIG]: Config file create-server.toml for create tracking
[10Jan2026 17:51:05.225] [modloading-worker-0/DEBUG] [mixin/]: Mixing accessor.GuiAccessor from create.mixins.json into net.minecraft.client.gui.Gui
[10Jan2026 17:51:05.244] [modloading-worker-0/DEBUG] [mixin/]: Mixing client.accessor.ParticleEngineAccessor from ponder.mixins.json into net.minecraft.client.particle.ParticleEngine
[10Jan2026 17:51:05.256] [modloading-worker-0/DEBUG] [net.minecraftforge.fml.javafmlmod.AutomaticEventSubscriber/LOADING]: Attempting to inject @EventBusSubscriber classes into the eventbus for create
[10Jan2026 17:51:05.256] [modloading-worker-0/DEBUG] [net.minecraftforge.fml.javafmlmod.AutomaticEventSubscriber/LOADING]: Auto-subscribing com.simibubi.create.infrastructure.gui.OpenCreateMenuButton$OpenConfigButtonHandler to FORGE
[10Jan2026 17:51:05.258] [modloading-worker-0/DEBUG] [net.minecraftforge.fml.javafmlmod.AutomaticEventSubscriber/LOADING]: Auto-subscribing com.simibubi.create.infrastructure.gametest.CreateGameTests to MOD
[10Jan2026 17:51:05.262] [modloading-worker-0/DEBUG] [net.minecraftforge.fml.javafmlmod.AutomaticEventSubscriber/LOADING]: Auto-subscribing com.simibubi.create.infrastructure.config.AllConfigs to MOD
[10Jan2026 17:51:05.263] [modloading-worker-0/DEBUG] [net.minecraftforge.fml.javafmlmod.AutomaticEventSubscriber/LOADING]: Auto-subscribing com.simibubi.create.infrastructure.RemapHelper to FORGE
[10Jan2026 17:51:05.264] [modloading-worker-0/DEBUG] [net.minecraftforge.fml.javafmlmod.AutomaticEventSubscriber/LOADING]: Auto-subscribing com.simibubi.create.impl.registry.CreateRegistriesImpl to MOD
[10Jan2026 17:51:05.264] [modloading-worker-0/DEBUG] [net.minecraftforge.fml.javafmlmod.AutomaticEventSubscriber/LOADING]: Auto-subscribing com.simibubi.create.foundation.render.RenderTypes$Shaders to MOD
[10Jan2026 17:51:05.265] [modloading-worker-0/DEBUG] [net.minecraftforge.fml.javafmlmod.AutomaticEventSubscriber/LOADING]: Auto-subscribing com.simibubi.create.foundation.recipe.AllIngredients to MOD
[10Jan2026 17:51:05.265] [modloading-worker-0/DEBUG] [net.minecraftforge.fml.javafmlmod.AutomaticEventSubscriber/LOADING]: Auto-subscribing com.simibubi.create.foundation.events.InputEvents to FORGE
[10Jan2026 17:51:05.268] [modloading-worker-0/DEBUG] [net.minecraftforge.fml.javafmlmod.AutomaticEventSubscriber/LOADING]: Auto-subscribing com.simibubi.create.foundation.events.CommonEvents to FORGE
[10Jan2026 17:51:05.271] [modloading-worker-0/DEBUG] [net.minecraftforge.fml.javafmlmod.AutomaticEventSubscriber/LOADING]: Auto-subscribing com.simibubi.create.foundation.events.CommonEvents$ModBusEvents to MOD
[10Jan2026 17:51:05.272] [modloading-worker-0/DEBUG] [net.minecraftforge.fml.javafmlmod.AutomaticEventSubscriber/LOADING]: Auto-subscribing com.simibubi.create.foundation.events.ClientEvents to FORGE
[10Jan2026 17:51:05.276] [modloading-worker-0/DEBUG] [net.minecraftforge.fml.javafmlmod.AutomaticEventSubscriber/LOADING]: Auto-subscribing com.simibubi.create.foundation.events.ClientEvents$ModBusEvents to MOD
[10Jan2026 17:51:05.278] [modloading-worker-0/DEBUG] [net.minecraftforge.fml.javafmlmod.AutomaticEventSubscriber/LOADING]: Auto-subscribing com.simibubi.create.foundation.blockEntity.behaviour.edgeInteraction.EdgeInteractionHandler to FORGE
[10Jan2026 17:51:05.279] [modloading-worker-0/DEBUG] [net.minecraftforge.fml.javafmlmod.AutomaticEventSubscriber/LOADING]: Auto-subscribing com.simibubi.create.foundation.blockEntity.behaviour.ValueSettingsInputHandler to FORGE
[10Jan2026 17:51:05.280] [modloading-worker-0/DEBUG] [net.minecraftforge.fml.javafmlmod.AutomaticEventSubscriber/LOADING]: Auto-subscribing com.simibubi.create.foundation.block.ItemUseOverrides to FORGE
[10Jan2026 17:51:05.280] [modloading-worker-0/DEBUG] [net.minecraftforge.fml.javafmlmod.AutomaticEventSubscriber/LOADING]: Auto-subscribing com.simibubi.create.content.trains.track.TrackBlockOutline to FORGE
[10Jan2026 17:51:05.283] [modloading-worker-0/DEBUG] [net.minecraftforge.fml.javafmlmod.AutomaticEventSubscriber/LOADING]: Auto-subscribing com.simibubi.create.content.trains.track.TrackBlockItem to FORGE
[10Jan2026 17:51:05.286] [modloading-worker-0/DEBUG] [net.minecraftforge.fml.javafmlmod.AutomaticEventSubscriber/LOADING]: Auto-subscribing com.simibubi.create.content.trains.schedule.ScheduleItemEntityInteraction to FORGE
[10Jan2026 17:51:05.287] [modloading-worker-0/DEBUG] [net.minecraftforge.fml.javafmlmod.AutomaticEventSubscriber/LOADING]: Auto-subscribing com.simibubi.create.content.redstone.link.LinkHandler to FORGE
[10Jan2026 17:51:05.288] [modloading-worker-0/DEBUG] [net.minecraftforge.fml.javafmlmod.AutomaticEventSubscriber/LOADING]: Auto-subscribing com.simibubi.create.content.redstone.displayLink.DisplayLinkBlockItem to FORGE
[10Jan2026 17:51:05.288] [modloading-worker-0/DEBUG] [net.minecraftforge.fml.javafmlmod.AutomaticEventSubscriber/LOADING]: Auto-subscribing com.simibubi.create.content.redstone.displayLink.ClickToLinkBlockItem to FORGE
[10Jan2026 17:51:05.288] [modloading-worker-0/DEBUG] [net.minecraftforge.fml.javafmlmod.AutomaticEventSubscriber/LOADING]: Auto-subscribing com.simibubi.create.content.processing.burner.BlazeBurnerHandler to FORGE
[10Jan2026 17:51:05.290] [modloading-worker-0/DEBUG] [net.minecraftforge.fml.javafmlmod.AutomaticEventSubscriber/LOADING]: Auto-subscribing com.simibubi.create.content.logistics.stockTicker.StockTickerInteractionHandler to FORGE
[10Jan2026 17:51:05.291] [modloading-worker-0/DEBUG] [net.minecraftforge.fml.javafmlmod.AutomaticEventSubscriber/LOADING]: Auto-subscribing com.simibubi.create.content.logistics.itemHatch.ItemHatchHandler to FORGE
[10Jan2026 17:51:05.291] [modloading-worker-0/DEBUG] [net.minecraftforge.fml.javafmlmod.AutomaticEventSubscriber/LOADING]: Auto-subscribing com.simibubi.create.content.logistics.funnel.FunnelItem to FORGE
[10Jan2026 17:51:05.291] [modloading-worker-0/DEBUG] [net.minecraftforge.fml.javafmlmod.AutomaticEventSubscriber/LOADING]: Auto-subscribing com.simibubi.create.content.logistics.depot.EjectorTargetHandler to FORGE
[10Jan2026 17:51:05.293] [modloading-worker-0/DEBUG] [net.minecraftforge.fml.javafmlmod.AutomaticEventSubscriber/LOADING]: Auto-subscribing com.simibubi.create.content.logistics.depot.EjectorItem to FORGE
[10Jan2026 17:51:05.293] [modloading-worker-0/DEBUG] [net.minecraftforge.fml.javafmlmod.AutomaticEventSubscriber/LOADING]: Auto-subscribing com.simibubi.create.content.logistics.box.PackageClientInteractionHandler to FORGE
[10Jan2026 17:51:05.294] [modloading-worker-0/DEBUG] [net.minecraftforge.fml.javafmlmod.AutomaticEventSubscriber/LOADING]: Auto-subscribing com.simibubi.create.content.kinetics.mechanicalArm.ArmItem to FORGE
[10Jan2026 17:51:05.294] [modloading-worker-0/DEBUG] [net.minecraftforge.fml.javafmlmod.AutomaticEventSubscriber/LOADING]: Auto-subscribing com.simibubi.create.content.kinetics.mechanicalArm.ArmInteractionPointHandler to FORGE
[10Jan2026 17:51:05.295] [modloading-worker-0/DEBUG] [net.minecraftforge.fml.javafmlmod.AutomaticEventSubscriber/LOADING]: Auto-subscribing com.simibubi.create.content.kinetics.deployer.ManualApplicationRecipe to FORGE
[10Jan2026 17:51:05.296] [modloading-worker-0/DEBUG] [net.minecraftforge.fml.javafmlmod.AutomaticEventSubscriber/LOADING]: Auto-subscribing com.simibubi.create.content.kinetics.deployer.DeployerFakePlayer to FORGE
[10Jan2026 17:51:05.304] [modloading-worker-0/DEBUG] [io.netty.util.internal.InternalThreadLocalMap/]: -Dio.netty.threadLocalMap.stringBuilder.initialSize: 1024
[10Jan2026 17:51:05.304] [modloading-worker-0/DEBUG] [io.netty.util.internal.InternalThreadLocalMap/]: -Dio.netty.threadLocalMap.stringBuilder.maxSize: 4096
[10Jan2026 17:51:05.316] [modloading-worker-0/DEBUG] [net.minecraftforge.fml.javafmlmod.AutomaticEventSubscriber/LOADING]: Auto-subscribing com.simibubi.create.content.kinetics.crusher.CrushingWheelBlockEntity to FORGE
[10Jan2026 17:51:05.318] [modloading-worker-0/DEBUG] [net.minecraftforge.fml.javafmlmod.AutomaticEventSubscriber/LOADING]: Auto-subscribing com.simibubi.create.content.kinetics.crank.ValveHandleBlock to FORGE
[10Jan2026 17:51:05.320] [modloading-worker-0/DEBUG] [net.minecraftforge.fml.javafmlmod.AutomaticEventSubscriber/LOADING]: Auto-subscribing com.simibubi.create.content.kinetics.chainConveyor.ChainConveyorInteractionHandler to FORGE
[10Jan2026 17:51:05.321] [modloading-worker-0/DEBUG] [net.minecraftforge.fml.javafmlmod.AutomaticEventSubscriber/LOADING]: Auto-subscribing com.simibubi.create.content.kinetics.chainConveyor.ChainConveyorConnectionHandler to FORGE
[10Jan2026 17:51:05.322] [modloading-worker-0/DEBUG] [net.minecraftforge.fml.javafmlmod.AutomaticEventSubscriber/LOADING]: Auto-subscribing com.simibubi.create.content.fluids.FluidReactions to FORGE
[10Jan2026 17:51:05.323] [modloading-worker-0/DEBUG] [net.minecraftforge.fml.javafmlmod.AutomaticEventSubscriber/LOADING]: Auto-subscribing com.simibubi.create.content.fluids.FluidBottleItemHook to FORGE
[10Jan2026 17:51:05.324] [modloading-worker-0/DEBUG] [net.minecraftforge.fml.javafmlmod.AutomaticEventSubscriber/LOADING]: Auto-subscribing com.simibubi.create.content.equipment.zapper.ZapperInteractionHandler to FORGE
[10Jan2026 17:51:05.325] [modloading-worker-0/DEBUG] [net.minecraftforge.fml.javafmlmod.AutomaticEventSubscriber/LOADING]: Auto-subscribing com.simibubi.create.content.equipment.wrench.WrenchEventHandler to FORGE
[10Jan2026 17:51:05.325] [modloading-worker-0/DEBUG] [net.minecraftforge.fml.javafmlmod.AutomaticEventSubscriber/LOADING]: Auto-subscribing com.simibubi.create.content.equipment.tool.CardboardSwordItem to FORGE
[10Jan2026 17:51:05.326] [modloading-worker-0/DEBUG] [net.minecraftforge.fml.javafmlmod.AutomaticEventSubscriber/LOADING]: Auto-subscribing com.simibubi.create.content.equipment.symmetryWand.SymmetryHandler to FORGE
[10Jan2026 17:51:05.327] [modloading-worker-0/DEBUG] [net.minecraftforge.fml.javafmlmod.AutomaticEventSubscriber/LOADING]: Auto-subscribing com.simibubi.create.content.equipment.extendoGrip.ExtendoGripRenderHandler to FORGE
[10Jan2026 17:51:05.328] [modloading-worker-0/DEBUG] [net.minecraftforge.fml.javafmlmod.AutomaticEventSubscriber/LOADING]: Auto-subscribing com.simibubi.create.content.equipment.extendoGrip.ExtendoGripItem to FORGE
[10Jan2026 17:51:05.329] [modloading-worker-0/DEBUG] [net.minecraftforge.fml.javafmlmod.AutomaticEventSubscriber/LOADING]: Auto-subscribing com.simibubi.create.content.equipment.clipboard.ClipboardValueSettingsHandler to FORGE
[10Jan2026 17:51:05.329] [modloading-worker-0/DEBUG] [net.minecraftforge.fml.javafmlmod.AutomaticEventSubscriber/LOADING]: Auto-subscribing com.simibubi.create.content.equipment.bell.HauntedBellPulser to FORGE
[10Jan2026 17:51:05.330] [modloading-worker-0/DEBUG] [net.minecraftforge.fml.javafmlmod.AutomaticEventSubscriber/LOADING]: Auto-subscribing com.simibubi.create.content.equipment.armor.NetheriteDivingHandler to FORGE
[10Jan2026 17:51:05.331] [modloading-worker-0/DEBUG] [net.minecraftforge.fml.javafmlmod.AutomaticEventSubscriber/LOADING]: Auto-subscribing com.simibubi.create.content.equipment.armor.NetheriteBacktankFirstPersonRenderer to FORGE
[10Jan2026 17:51:05.331] [modloading-worker-0/DEBUG] [net.minecraftforge.fml.javafmlmod.AutomaticEventSubscriber/LOADING]: Auto-subscribing com.simibubi.create.content.equipment.armor.DivingHelmetItem to FORGE
[10Jan2026 17:51:05.332] [modloading-worker-0/DEBUG] [net.minecraftforge.fml.javafmlmod.AutomaticEventSubscriber/LOADING]: Auto-subscribing com.simibubi.create.content.equipment.armor.DivingBootsItem to FORGE
[10Jan2026 17:51:05.332] [modloading-worker-0/DEBUG] [net.minecraftforge.fml.javafmlmod.AutomaticEventSubscriber/LOADING]: Auto-subscribing com.simibubi.create.content.equipment.armor.CardboardArmorHandlerClient to FORGE
[10Jan2026 17:51:05.333] [modloading-worker-0/DEBUG] [mixin/]: Mixing client.PlayerRendererMixin from create.mixins.json into net.minecraft.client.renderer.entity.player.PlayerRenderer
[10Jan2026 17:51:05.343] [modloading-worker-0/DEBUG] [net.minecraftforge.fml.javafmlmod.AutomaticEventSubscriber/LOADING]: Auto-subscribing com.simibubi.create.content.equipment.armor.CardboardArmorHandler to FORGE
[10Jan2026 17:51:05.344] [modloading-worker-0/DEBUG] [net.minecraftforge.fml.javafmlmod.AutomaticEventSubscriber/LOADING]: Auto-subscribing com.simibubi.create.content.contraptions.mounted.MinecartContraptionItem to FORGE
[10Jan2026 17:51:05.344] [modloading-worker-0/DEBUG] [net.minecraftforge.fml.javafmlmod.AutomaticEventSubscriber/LOADING]: Auto-subscribing com.simibubi.create.content.contraptions.mounted.CartAssemblerBlockEntity to FORGE
[10Jan2026 17:51:05.344] [modloading-worker-0/DEBUG] [net.minecraftforge.fml.javafmlmod.AutomaticEventSubscriber/LOADING]: Auto-subscribing com.simibubi.create.content.contraptions.minecart.MinecartCouplingItem to FORGE
[10Jan2026 17:51:05.345] [modloading-worker-0/DEBUG] [net.minecraftforge.fml.javafmlmod.AutomaticEventSubscriber/LOADING]: Auto-subscribing com.simibubi.create.content.contraptions.minecart.CouplingHandler to FORGE
[10Jan2026 17:51:05.346] [modloading-worker-0/DEBUG] [net.minecraftforge.fml.javafmlmod.AutomaticEventSubscriber/LOADING]: Auto-subscribing com.simibubi.create.content.contraptions.glue.SuperGlueItem to FORGE
[10Jan2026 17:51:05.346] [modloading-worker-0/DEBUG] [net.minecraftforge.fml.javafmlmod.AutomaticEventSubscriber/LOADING]: Auto-subscribing com.simibubi.create.content.contraptions.glue.SuperGlueHandler to FORGE
[10Jan2026 17:51:05.347] [modloading-worker-0/DEBUG] [net.minecraftforge.fml.javafmlmod.AutomaticEventSubscriber/LOADING]: Auto-subscribing com.simibubi.create.content.contraptions.ContraptionHandlerClient to FORGE
[10Jan2026 17:51:05.348] [modloading-worker-0/DEBUG] [net.minecraftforge.fml.javafmlmod.AutomaticEventSubscriber/LOADING]: Auto-subscribing com.simibubi.create.compat.trainmap.TrainMapEvents to FORGE
[10Jan2026 17:51:05.349] [modloading-worker-0/DEBUG] [net.minecraftforge.fml.javafmlmod.AutomaticEventSubscriber/LOADING]: Auto-subscribing com.simibubi.create.AllKeys to MOD
[10Jan2026 17:51:05.349] [modloading-worker-0/DEBUG] [net.minecraftforge.fml.javafmlmod.AutomaticEventSubscriber/LOADING]: Auto-subscribing com.simibubi.create.AllCreativeModeTabs to MOD
[10Jan2026 17:51:05.368] [main/DEBUG] [net.minecraftforge.registries.ObjectHolderRegistry/REGISTRIES]: Processing ObjectHolder annotations
[10Jan2026 17:51:05.380] [main/DEBUG] [net.minecraftforge.registries.ObjectHolderRegistry/REGISTRIES]: Found 5523 ObjectHolder annotations
[10Jan2026 17:51:05.382] [main/DEBUG] [net.minecraftforge.common.capabilities.CapabilityManager/CAPABILITIES]: Attempting to automatically register: Lnet/minecraftforge/energy/IEnergyStorage;
[10Jan2026 17:51:05.383] [main/DEBUG] [net.minecraftforge.common.capabilities.CapabilityManager/CAPABILITIES]: Attempting to automatically register: Lnet/minecraftforge/fluids/capability/IFluidHandler;
[10Jan2026 17:51:05.383] [main/DEBUG] [net.minecraftforge.common.capabilities.CapabilityManager/CAPABILITIES]: Attempting to automatically register: Lnet/minecraftforge/fluids/capability/IFluidHandlerItem;
[10Jan2026 17:51:05.383] [main/DEBUG] [net.minecraftforge.common.capabilities.CapabilityManager/CAPABILITIES]: Attempting to automatically register: Lnet/minecraftforge/items/IItemHandler;
[10Jan2026 17:51:05.384] [main/DEBUG] [net.minecraftforge.registries.GameData/REGISTRIES]: Unfreezing vanilla registries
[10Jan2026 17:51:05.414] [main/DEBUG] [net.minecraftforge.registries.GameData/REGISTRIES]: Applying holder lookups: minecraft:sound_event
[10Jan2026 17:51:05.416] [main/DEBUG] [net.minecraftforge.registries.GameData/REGISTRIES]: Holder lookups applied: minecraft:sound_event
[10Jan2026 17:51:05.418] [main/DEBUG] [com.tterrag.registrate.AbstractRegistrate/REGISTRATE.REGISTER]: Registering 8 known objects of type minecraft:fluid
[10Jan2026 17:51:05.421] [main/DEBUG] [com.tterrag.registrate.AbstractRegistrate/REGISTRATE.REGISTER]: Registered create:potion to registry ResourceKey[minecraft:root / minecraft:fluid]
[10Jan2026 17:51:05.422] [main/DEBUG] [com.tterrag.registrate.AbstractRegistrate/REGISTRATE.REGISTER]: Registered create:flowing_potion to registry ResourceKey[minecraft:root / minecraft:fluid]
[10Jan2026 17:51:05.422] [main/DEBUG] [com.tterrag.registrate.AbstractRegistrate/REGISTRATE.REGISTER]: Registered create:tea to registry ResourceKey[minecraft:root / minecraft:fluid]
[10Jan2026 17:51:05.422] [main/DEBUG] [com.tterrag.registrate.AbstractRegistrate/REGISTRATE.REGISTER]: Registered create:flowing_tea to registry ResourceKey[minecraft:root / minecraft:fluid]
[10Jan2026 17:51:05.422] [main/DEBUG] [com.tterrag.registrate.AbstractRegistrate/REGISTRATE.REGISTER]: Registered create:honey to registry ResourceKey[minecraft:root / minecraft:fluid]
[10Jan2026 17:51:05.422] [main/DEBUG] [com.tterrag.registrate.AbstractRegistrate/REGISTRATE.REGISTER]: Registered create:flowing_honey to registry ResourceKey[minecraft:root / minecraft:fluid]
[10Jan2026 17:51:05.422] [main/DEBUG] [com.tterrag.registrate.AbstractRegistrate/REGISTRATE.REGISTER]: Registered create:chocolate to registry ResourceKey[minecraft:root / minecraft:fluid]
[10Jan2026 17:51:05.422] [main/DEBUG] [com.tterrag.registrate.AbstractRegistrate/REGISTRATE.REGISTER]: Registered create:flowing_chocolate to registry ResourceKey[minecraft:root / minecraft:fluid]
[10Jan2026 17:51:05.422] [main/DEBUG] [net.minecraftforge.registries.GameData/REGISTRIES]: Applying holder lookups: minecraft:fluid
[10Jan2026 17:51:05.423] [main/DEBUG] [net.minecraftforge.registries.GameData/REGISTRIES]: Holder lookups applied: minecraft:fluid
[10Jan2026 17:51:05.423] [main/DEBUG] [com.tterrag.registrate.AbstractRegistrate/REGISTRATE.REGISTER]: Registering 643 known objects of type minecraft:block
[10Jan2026 17:51:05.423] [main/DEBUG] [com.tterrag.registrate.AbstractRegistrate/REGISTRATE.REGISTER]: Registered create:schematicannon to registry ResourceKey[minecraft:root / minecraft:block]
[10Jan2026 17:51:05.423] [main/DEBUG] [com.tterrag.registrate.AbstractRegistrate/REGISTRATE.REGISTER]: Registered create:schematic_table to registry ResourceKey[minecraft:root / minecraft:block]
[10Jan2026 17:51:05.429] [main/DEBUG] [com.tterrag.registrate.AbstractRegistrate/REGISTRATE.REGISTER]: Registered create:shaft to registry ResourceKey[minecraft:root / minecraft:block]
[10Jan2026 17:51:05.430] [main/DEBUG] [com.tterrag.registrate.AbstractRegistrate/REGISTRATE.REGISTER]: Registered create:cogwheel to registry ResourceKey[minecraft:root / minecraft:block]
[10Jan2026 17:51:05.430] [main/DEBUG] [com.tterrag.registrate.AbstractRegistrate/REGISTRATE.REGISTER]: Registered create:large_cogwheel to registry ResourceKey[minecraft:root / minecraft:block]
[10Jan2026 17:51:05.434] [main/DEBUG] [com.tterrag.registrate.AbstractRegistrate/REGISTRATE.REGISTER]: Registered create:andesite_encased_shaft to registry ResourceKey[minecraft:root / minecraft:block]
[10Jan2026 17:51:05.434] [main/DEBUG] [com.tterrag.registrate.AbstractRegistrate/REGISTRATE.REGISTER]: Registered create:brass_encased_shaft to registry ResourceKey[minecraft:root / minecraft:block]
[10Jan2026 17:51:05.435] [main/DEBUG] [com.tterrag.registrate.AbstractRegistrate/REGISTRATE.REGISTER]: Registered create:andesite_encased_cogwheel to registry ResourceKey[minecraft:root / minecraft:block]
[10Jan2026 17:51:05.437] [main/DEBUG] [com.tterrag.registrate.AbstractRegistrate/REGISTRATE.REGISTER]: Registered create:brass_encased_cogwheel to registry ResourceKey[minecraft:root / minecraft:block]
[10Jan2026 17:51:05.437] [main/DEBUG] [com.tterrag.registrate.AbstractRegistrate/REGISTRATE.REGISTER]: Registered create:andesite_encased_large_cogwheel to registry ResourceKey[minecraft:root / minecraft:block]
[10Jan2026 17:51:05.437] [main/DEBUG] [com.tterrag.registrate.AbstractRegistrate/REGISTRATE.REGISTER]: Registered create:brass_encased_large_cogwheel to registry ResourceKey[minecraft:root / minecraft:block]
[10Jan2026 17:51:05.438] [main/DEBUG] [com.tterrag.registrate.AbstractRegistrate/REGISTRATE.REGISTER]: Registered create:gearbox to registry ResourceKey[minecraft:root / minecraft:block]
[10Jan2026 17:51:05.438] [main/DEBUG] [com.tterrag.registrate.AbstractRegistrate/REGISTRATE.REGISTER]: Registered create:clutch to registry ResourceKey[minecraft:root / minecraft:block]
[10Jan2026 17:51:05.438] [main/DEBUG] [com.tterrag.registrate.AbstractRegistrate/REGISTRATE.REGISTER]: Registered create:gearshift to registry ResourceKey[minecraft:root / minecraft:block]
[10Jan2026 17:51:05.439] [main/DEBUG] [com.tterrag.registrate.AbstractRegistrate/REGISTRATE.REGISTER]: Registered create:encased_chain_drive to registry ResourceKey[minecraft:root / minecraft:block]
[10Jan2026 17:51:05.439] [main/DEBUG] [com.tterrag.registrate.AbstractRegistrate/REGISTRATE.REGISTER]: Registered create:adjustable_chain_gearshift to registry ResourceKey[minecraft:root / minecraft:block]
[10Jan2026 17:51:05.445] [main/DEBUG] [com.tterrag.registrate.AbstractRegistrate/REGISTRATE.REGISTER]: Registered create:belt to registry ResourceKey[minecraft:root / minecraft:block]
[10Jan2026 17:51:05.445] [main/DEBUG] [com.tterrag.registrate.AbstractRegistrate/REGISTRATE.REGISTER]: Registered create:chain_conveyor to registry ResourceKey[minecraft:root / minecraft:block]
[10Jan2026 17:51:05.445] [main/DEBUG] [com.tterrag.registrate.AbstractRegistrate/REGISTRATE.REGISTER]: Registered create:creative_motor to registry ResourceKey[minecraft:root / minecraft:block]
[10Jan2026 17:51:05.445] [main/DEBUG] [com.tterrag.registrate.AbstractRegistrate/REGISTRATE.REGISTER]: Registered create:water_wheel to registry ResourceKey[minecraft:root / minecraft:block]
[10Jan2026 17:51:05.446] [main/DEBUG] [com.tterrag.registrate.AbstractRegistrate/REGISTRATE.REGISTER]: Registered create:large_water_wheel to registry ResourceKey[minecraft:root / minecraft:block]
[10Jan2026 17:51:05.446] [main/DEBUG] [com.tterrag.registrate.AbstractRegistrate/REGISTRATE.REGISTER]: Registered create:water_wheel_structure to registry ResourceKey[minecraft:root / minecraft:block]
[10Jan2026 17:51:05.446] [main/DEBUG] [com.tterrag.registrate.AbstractRegistrate/REGISTRATE.REGISTER]: Registered create:encased_fan to registry ResourceKey[minecraft:root / minecraft:block]
[10Jan2026 17:51:05.446] [main/DEBUG] [com.tterrag.registrate.AbstractRegistrate/REGISTRATE.REGISTER]: Registered create:nozzle to registry ResourceKey[minecraft:root / minecraft:block]
[10Jan2026 17:51:05.446] [main/DEBUG] [com.tterrag.registrate.AbstractRegistrate/REGISTRATE.REGISTER]: Registered create:turntable to registry ResourceKey[minecraft:root / minecraft:block]
[10Jan2026 17:51:05.446] [main/DEBUG] [com.tterrag.registrate.AbstractRegistrate/REGISTRATE.REGISTER]: Registered create:hand_crank to registry ResourceKey[minecraft:root / minecraft:block]
[10Jan2026 17:51:05.446] [main/DEBUG] [com.tterrag.registrate.AbstractRegistrate/REGISTRATE.REGISTER]: Registered create:cuckoo_clock to registry ResourceKey[minecraft:root / minecraft:block]
[10Jan2026 17:51:05.446] [main/DEBUG] [com.tterrag.registrate.AbstractRegistrate/REGISTRATE.REGISTER]: Registered create:mysterious_cuckoo_clock to registry ResourceKey[minecraft:root / minecraft:block]
[10Jan2026 17:51:05.446] [main/DEBUG] [com.tterrag.registrate.AbstractRegistrate/REGISTRATE.REGISTER]: Registered create:millstone to registry ResourceKey[minecraft:root / minecraft:block]
[10Jan2026 17:51:05.447] [main/DEBUG] [com.tterrag.registrate.AbstractRegistrate/REGISTRATE.REGISTER]: Registered create:crushing_wheel to registry ResourceKey[minecraft:root / minecraft:block]
[10Jan2026 17:51:05.447] [main/DEBUG] [com.tterrag.registrate.AbstractRegistrate/REGISTRATE.REGISTER]: Registered create:crushing_wheel_controller to registry ResourceKey[minecraft:root / minecraft:block]
[10Jan2026 17:51:05.447] [main/DEBUG] [com.tterrag.registrate.AbstractRegistrate/REGISTRATE.REGISTER]: Registered create:mechanical_press to registry ResourceKey[minecraft:root / minecraft:block]
[10Jan2026 17:51:05.447] [main/DEBUG] [com.tterrag.registrate.AbstractRegistrate/REGISTRATE.REGISTER]: Registered create:mechanical_mixer to registry ResourceKey[minecraft:root / minecraft:block]
[10Jan2026 17:51:05.447] [main/DEBUG] [com.tterrag.registrate.AbstractRegistrate/REGISTRATE.REGISTER]: Registered create:basin to registry ResourceKey[minecraft:root / minecraft:block]
[10Jan2026 17:51:05.448] [main/DEBUG] [com.tterrag.registrate.AbstractRegistrate/REGISTRATE.REGISTER]: Registered create:blaze_burner to registry ResourceKey[minecraft:root / minecraft:block]
[10Jan2026 17:51:05.449] [main/DEBUG] [com.tterrag.registrate.AbstractRegistrate/REGISTRATE.REGISTER]: Registered create:lit_blaze_burner to registry ResourceKey[minecraft:root / minecraft:block]
[10Jan2026 17:51:05.449] [main/DEBUG] [com.tterrag.registrate.AbstractRegistrate/REGISTRATE.REGISTER]: Registered create:depot to registry ResourceKey[minecraft:root / minecraft:block]
[10Jan2026 17:51:05.449] [main/DEBUG] [com.tterrag.registrate.AbstractRegistrate/REGISTRATE.REGISTER]: Registered create:weighted_ejector to registry ResourceKey[minecraft:root / minecraft:block]
[10Jan2026 17:51:05.450] [main/DEBUG] [com.tterrag.registrate.AbstractRegistrate/REGISTRATE.REGISTER]: Registered create:chute to registry ResourceKey[minecraft:root / minecraft:block]
[10Jan2026 17:51:05.451] [main/DEBUG] [com.tterrag.registrate.AbstractRegistrate/REGISTRATE.REGISTER]: Registered create:smart_chute to registry ResourceKey[minecraft:root / minecraft:block]
[10Jan2026 17:51:05.475] [main/DEBUG] [com.tterrag.registrate.AbstractRegistrate/REGISTRATE.REGISTER]: Registered create:speedometer to registry ResourceKey[minecraft:root / minecraft:block]
[10Jan2026 17:51:05.476] [main/DEBUG] [com.tterrag.registrate.AbstractRegistrate/REGISTRATE.REGISTER]: Registered create:stressometer to registry ResourceKey[minecraft:root / minecraft:block]
[10Jan2026 17:51:05.477] [main/DEBUG] [com.tterrag.registrate.AbstractRegistrate/REGISTRATE.REGISTER]: Registered create:wooden_bracket to registry ResourceKey[minecraft:root / minecraft:block]
[10Jan2026 17:51:05.477] [main/DEBUG] [com.tterrag.registrate.AbstractRegistrate/REGISTRATE.REGISTER]: Registered create:metal_bracket to registry ResourceKey[minecraft:root / minecraft:block]
[10Jan2026 17:51:05.480] [main/DEBUG] [com.tterrag.registrate.AbstractRegistrate/REGISTRATE.REGISTER]: Registered create:fluid_pipe to registry ResourceKey[minecraft:root / minecraft:block]
[10Jan2026 17:51:05.481] [main/DEBUG] [com.tterrag.registrate.AbstractRegistrate/REGISTRATE.REGISTER]: Registered create:encased_fluid_pipe to registry ResourceKey[minecraft:root / minecraft:block]
[10Jan2026 17:51:05.482] [main/DEBUG] [com.tterrag.registrate.AbstractRegistrate/REGISTRATE.REGISTER]: Registered create:glass_fluid_pipe to registry ResourceKey[minecraft:root / minecraft:block]
[10Jan2026 17:51:05.482] [main/DEBUG] [com.tterrag.registrate.AbstractRegistrate/REGISTRATE.REGISTER]: Registered create:mechanical_pump to registry ResourceKey[minecraft:root / minecraft:block]
[10Jan2026 17:51:05.482] [main/DEBUG] [com.tterrag.registrate.AbstractRegistrate/REGISTRATE.REGISTER]: Registered create:smart_fluid_pipe to registry ResourceKey[minecraft:root / minecraft:block]
[10Jan2026 17:51:05.483] [main/DEBUG] [com.tterrag.registrate.AbstractRegistrate/REGISTRATE.REGISTER]: Registered create:fluid_valve to registry ResourceKey[minecraft:root / minecraft:block]
[10Jan2026 17:51:05.484] [main/DEBUG] [com.tterrag.registrate.AbstractRegistrate/REGISTRATE.REGISTER]: Registered create:copper_valve_handle to registry ResourceKey[minecraft:root / minecraft:block]
[10Jan2026 17:51:05.484] [main/DEBUG] [com.tterrag.registrate.AbstractRegistrate/REGISTRATE.REGISTER]: Registered create:white_valve_handle to registry ResourceKey[minecraft:root / minecraft:block]
[10Jan2026 17:51:05.484] [main/DEBUG] [com.tterrag.registrate.AbstractRegistrate/REGISTRATE.REGISTER]: Registered create:orange_valve_handle to registry ResourceKey[minecraft:root / minecraft:block]
[10Jan2026 17:51:05.484] [main/DEBUG] [com.tterrag.registrate.AbstractRegistrate/REGISTRATE.REGISTER]: Registered create:magenta_valve_handle to registry ResourceKey[minecraft:root / minecraft:block]
[10Jan2026 17:51:05.484] [main/DEBUG] [com.tterrag.registrate.AbstractRegistrate/REGISTRATE.REGISTER]: Registered create:light_blue_valve_handle to registry ResourceKey[minecraft:root / minecraft:block]
[10Jan2026 17:51:05.485] [main/DEBUG] [com.tterrag.registrate.AbstractRegistrate/REGISTRATE.REGISTER]: Registered create:yellow_valve_handle to registry ResourceKey[minecraft:root / minecraft:block]
[10Jan2026 17:51:05.485] [main/DEBUG] [com.tterrag.registrate.AbstractRegistrate/REGISTRATE.REGISTER]: Registered create:lime_valve_handle to registry ResourceKey[minecraft:root / minecraft:block]
[10Jan2026 17:51:05.485] [main/DEBUG] [com.tterrag.registrate.AbstractRegistrate/REGISTRATE.REGISTER]: Registered create:pink_valve_handle to registry ResourceKey[minecraft:root / minecraft:block]
[10Jan2026 17:51:05.485] [main/DEBUG] [com.tterrag.registrate.AbstractRegistrate/REGISTRATE.REGISTER]: Registered create:gray_valve_handle to registry ResourceKey[minecraft:root / minecraft:block]
[10Jan2026 17:51:05.485] [main/DEBUG] [com.tterrag.registrate.AbstractRegistrate/REGISTRATE.REGISTER]: Registered create:light_gray_valve_handle to registry ResourceKey[minecraft:root / minecraft:block]
[10Jan2026 17:51:05.486] [main/DEBUG] [com.tterrag.registrate.AbstractRegistrate/REGISTRATE.REGISTER]: Registered create:cyan_valve_handle to registry ResourceKey[minecraft:root / minecraft:block]
[10Jan2026 17:51:05.486] [main/DEBUG] [com.tterrag.registrate.AbstractRegistrate/REGISTRATE.REGISTER]: Registered create:purple_valve_handle to registry ResourceKey[minecraft:root / minecraft:block]
[10Jan2026 17:51:05.486] [main/DEBUG] [com.tterrag.registrate.AbstractRegistrate/REGISTRATE.REGISTER]: Registered create:blue_valve_handle to registry ResourceKey[minecraft:root / minecraft:block]
[10Jan2026 17:51:05.486] [main/DEBUG] [com.tterrag.registrate.AbstractRegistrate/REGISTRATE.REGISTER]: Registered create:brown_valve_handle to registry ResourceKey[minecraft:root / minecraft:block]
[10Jan2026 17:51:05.486] [main/DEBUG] [com.tterrag.registrate.AbstractRegistrate/REGISTRATE.REGISTER]: Registered create:green_valve_handle to registry ResourceKey[minecraft:root / minecraft:block]
[10Jan2026 17:51:05.486] [main/DEBUG] [com.tterrag.registrate.AbstractRegistrate/REGISTRATE.REGISTER]: Registered create:red_valve_handle to registry ResourceKey[minecraft:root / minecraft:block]
[10Jan2026 17:51:05.486] [main/DEBUG] [com.tterrag.registrate.AbstractRegistrate/REGISTRATE.REGISTER]: Registered create:black_valve_handle to registry ResourceKey[minecraft:root / minecraft:block]
[10Jan2026 17:51:05.493] [main/DEBUG] [com.tterrag.registrate.AbstractRegistrate/REGISTRATE.REGISTER]: Registered create:fluid_tank to registry ResourceKey[minecraft:root / minecraft:block]
[10Jan2026 17:51:05.494] [main/DEBUG] [com.tterrag.registrate.AbstractRegistrate/REGISTRATE.REGISTER]: Registered create:creative_fluid_tank to registry ResourceKey[minecraft:root / minecraft:block]
[10Jan2026 17:51:05.494] [main/DEBUG] [com.tterrag.registrate.AbstractRegistrate/REGISTRATE.REGISTER]: Registered create:hose_pulley to registry ResourceKey[minecraft:root / minecraft:block]
[10Jan2026 17:51:05.494] [main/DEBUG] [com.tterrag.registrate.AbstractRegistrate/REGISTRATE.REGISTER]: Registered create:item_drain to registry ResourceKey[minecraft:root / minecraft:block]
[10Jan2026 17:51:05.495] [main/DEBUG] [com.tterrag.registrate.AbstractRegistrate/REGISTRATE.REGISTER]: Registered create:spout to registry ResourceKey[minecraft:root / minecraft:block]
[10Jan2026 17:51:05.495] [main/DEBUG] [com.tterrag.registrate.AbstractRegistrate/REGISTRATE.REGISTER]: Registered create:portable_fluid_interface to registry ResourceKey[minecraft:root / minecraft:block]
[10Jan2026 17:51:05.496] [main/DEBUG] [com.tterrag.registrate.AbstractRegistrate/REGISTRATE.REGISTER]: Registered create:steam_engine to registry ResourceKey[minecraft:root / minecraft:block]
[10Jan2026 17:51:05.497] [main/DEBUG] [com.tterrag.registrate.AbstractRegistrate/REGISTRATE.REGISTER]: Registered create:steam_whistle to registry ResourceKey[minecraft:root / minecraft:block]
[10Jan2026 17:51:05.498] [main/DEBUG] [com.tterrag.registrate.AbstractRegistrate/REGISTRATE.REGISTER]: Registered create:steam_whistle_extension to registry ResourceKey[minecraft:root / minecraft:block]
[10Jan2026 17:51:05.498] [main/DEBUG] [com.tterrag.registrate.AbstractRegistrate/REGISTRATE.REGISTER]: Registered create:powered_shaft to registry ResourceKey[minecraft:root / minecraft:block]
[10Jan2026 17:51:05.499] [main/DEBUG] [com.tterrag.registrate.AbstractRegistrate/REGISTRATE.REGISTER]: Registered create:mechanical_piston to registry ResourceKey[minecraft:root / minecraft:block]
[10Jan2026 17:51:05.499] [main/DEBUG] [com.tterrag.registrate.AbstractRegistrate/REGISTRATE.REGISTER]: Registered create:sticky_mechanical_piston to registry ResourceKey[minecraft:root / minecraft:block]
[10Jan2026 17:51:05.500] [main/DEBUG] [com.tterrag.registrate.AbstractRegistrate/REGISTRATE.REGISTER]: Registered create:piston_extension_pole to registry ResourceKey[minecraft:root / minecraft:block]
[10Jan2026 17:51:05.501] [main/DEBUG] [com.tterrag.registrate.AbstractRegistrate/REGISTRATE.REGISTER]: Registered create:mechanical_piston_head to registry ResourceKey[minecraft:root / minecraft:block]
[10Jan2026 17:51:05.501] [main/DEBUG] [com.tterrag.registrate.AbstractRegistrate/REGISTRATE.REGISTER]: Registered create:gantry_carriage to registry ResourceKey[minecraft:root / minecraft:block]
[10Jan2026 17:51:05.503] [main/DEBUG] [com.tterrag.registrate.AbstractRegistrate/REGISTRATE.REGISTER]: Registered create:gantry_shaft to registry ResourceKey[minecraft:root / minecraft:block]
[10Jan2026 17:51:05.503] [main/DEBUG] [com.tterrag.registrate.AbstractRegistrate/REGISTRATE.REGISTER]: Registered create:windmill_bearing to registry ResourceKey[minecraft:root / minecraft:block]
[10Jan2026 17:51:05.503] [main/DEBUG] [com.tterrag.registrate.AbstractRegistrate/REGISTRATE.REGISTER]: Registered create:mechanical_bearing to registry ResourceKey[minecraft:root / minecraft:block]
[10Jan2026 17:51:05.503] [main/DEBUG] [com.tterrag.registrate.AbstractRegistrate/REGISTRATE.REGISTER]: Registered create:clockwork_bearing to registry ResourceKey[minecraft:root / minecraft:block]
[10Jan2026 17:51:05.503] [main/DEBUG] [com.tterrag.registrate.AbstractRegistrate/REGISTRATE.REGISTER]: Registered create:rope_pulley to registry ResourceKey[minecraft:root / minecraft:block]
[10Jan2026 17:51:05.503] [main/DEBUG] [com.tterrag.registrate.AbstractRegistrate/REGISTRATE.REGISTER]: Registered create:rope to registry ResourceKey[minecraft:root / minecraft:block]
[10Jan2026 17:51:05.504] [main/DEBUG] [com.tterrag.registrate.AbstractRegistrate/REGISTRATE.REGISTER]: Registered create:pulley_magnet to registry ResourceKey[minecraft:root / minecraft:block]
[10Jan2026 17:51:05.504] [main/DEBUG] [com.tterrag.registrate.AbstractRegistrate/REGISTRATE.REGISTER]: Registered create:elevator_pulley to registry ResourceKey[minecraft:root / minecraft:block]
[10Jan2026 17:51:05.507] [main/DEBUG] [com.tterrag.registrate.AbstractRegistrate/REGISTRATE.REGISTER]: Registered create:cart_assembler to registry ResourceKey[minecraft:root / minecraft:block]
[10Jan2026 17:51:05.510] [main/DEBUG] [com.tterrag.registrate.AbstractRegistrate/REGISTRATE.REGISTER]: Registered create:controller_rail to registry ResourceKey[minecraft:root / minecraft:block]
[10Jan2026 17:51:05.510] [main/DEBUG] [com.tterrag.registrate.AbstractRegistrate/REGISTRATE.REGISTER]: Registered create:minecart_anchor to registry ResourceKey[minecraft:root / minecraft:block]
[10Jan2026 17:51:05.511] [main/DEBUG] [com.tterrag.registrate.AbstractRegistrate/REGISTRATE.REGISTER]: Registered create:linear_chassis to registry ResourceKey[minecraft:root / minecraft:block]
[10Jan2026 17:51:05.511] [main/DEBUG] [com.tterrag.registrate.AbstractRegistrate/REGISTRATE.REGISTER]: Registered create:secondary_linear_chassis to registry ResourceKey[minecraft:root / minecraft:block]
[10Jan2026 17:51:05.511] [main/DEBUG] [com.tterrag.registrate.AbstractRegistrate/REGISTRATE.REGISTER]: Registered create:radial_chassis to registry ResourceKey[minecraft:root / minecraft:block]
[10Jan2026 17:51:05.511] [main/DEBUG] [com.tterrag.registrate.AbstractRegistrate/REGISTRATE.REGISTER]: Registered create:sticker to registry ResourceKey[minecraft:root / minecraft:block]
[10Jan2026 17:51:05.511] [main/DEBUG] [com.tterrag.registrate.AbstractRegistrate/REGISTRATE.REGISTER]: Registered create:contraption_controls to registry ResourceKey[minecraft:root / minecraft:block]
[10Jan2026 17:51:05.512] [main/DEBUG] [com.tterrag.registrate.AbstractRegistrate/REGISTRATE.REGISTER]: Registered create:mechanical_drill to registry ResourceKey[minecraft:root / minecraft:block]
[10Jan2026 17:51:05.514] [main/DEBUG] [com.tterrag.registrate.AbstractRegistrate/REGISTRATE.REGISTER]: Registered create:mechanical_saw to registry ResourceKey[minecraft:root / minecraft:block]
[10Jan2026 17:51:05.515] [main/DEBUG] [com.tterrag.registrate.AbstractRegistrate/REGISTRATE.REGISTER]: Registered create:deployer to registry ResourceKey[minecraft:root / minecraft:block]
[10Jan2026 17:51:05.515] [main/DEBUG] [com.tterrag.registrate.AbstractRegistrate/REGISTRATE.REGISTER]: Registered create:portable_storage_interface to registry ResourceKey[minecraft:root / minecraft:block]
[10Jan2026 17:51:05.515] [main/DEBUG] [com.tterrag.registrate.AbstractRegistrate/REGISTRATE.REGISTER]: Registered create:redstone_contact to registry ResourceKey[minecraft:root / minecraft:block]
[10Jan2026 17:51:05.516] [main/DEBUG] [com.tterrag.registrate.AbstractRegistrate/REGISTRATE.REGISTER]: Registered create:elevator_contact to registry ResourceKey[minecraft:root / minecraft:block]
[10Jan2026 17:51:05.516] [main/DEBUG] [com.tterrag.registrate.AbstractRegistrate/REGISTRATE.REGISTER]: Registered create:mechanical_harvester to registry ResourceKey[minecraft:root / minecraft:block]
[10Jan2026 17:51:05.516] [main/DEBUG] [com.tterrag.registrate.AbstractRegistrate/REGISTRATE.REGISTER]: Registered create:mechanical_plough to registry ResourceKey[minecraft:root / minecraft:block]
[10Jan2026 17:51:05.518] [main/DEBUG] [com.tterrag.registrate.AbstractRegistrate/REGISTRATE.REGISTER]: Registered create:mechanical_roller to registry ResourceKey[minecraft:root / minecraft:block]
[10Jan2026 17:51:05.520] [main/DEBUG] [com.tterrag.registrate.AbstractRegistrate/REGISTRATE.REGISTER]: Registered create:sail_frame to registry ResourceKey[minecraft:root / minecraft:block]
[10Jan2026 17:51:05.521] [main/DEBUG] [com.tterrag.registrate.AbstractRegistrate/REGISTRATE.REGISTER]: Registered create:white_sail to registry ResourceKey[minecraft:root / minecraft:block]
[10Jan2026 17:51:05.521] [main/DEBUG] [com.tterrag.registrate.AbstractRegistrate/REGISTRATE.REGISTER]: Registered create:orange_sail to registry ResourceKey[minecraft:root / minecraft:block]
[10Jan2026 17:51:05.521] [main/DEBUG] [com.tterrag.registrate.AbstractRegistrate/REGISTRATE.REGISTER]: Registered create:magenta_sail to registry ResourceKey[minecraft:root / minecraft:block]
[10Jan2026 17:51:05.521] [main/DEBUG] [com.tterrag.registrate.AbstractRegistrate/REGISTRATE.REGISTER]: Registered create:light_blue_sail to registry ResourceKey[minecraft:root / minecraft:block]
[10Jan2026 17:51:05.521] [main/DEBUG] [com.tterrag.registrate.AbstractRegistrate/REGISTRATE.REGISTER]: Registered create:yellow_sail to registry ResourceKey[minecraft:root / minecraft:block]
[10Jan2026 17:51:05.521] [main/DEBUG] [com.tterrag.registrate.AbstractRegistrate/REGISTRATE.REGISTER]: Registered create:lime_sail to registry ResourceKey[minecraft:root / minecraft:block]
[10Jan2026 17:51:05.521] [main/DEBUG] [com.tterrag.registrate.AbstractRegistrate/REGISTRATE.REGISTER]: Registered create:pink_sail to registry ResourceKey[minecraft:root / minecraft:block]
[10Jan2026 17:51:05.521] [main/DEBUG] [com.tterrag.registrate.AbstractRegistrate/REGISTRATE.REGISTER]: Registered create:gray_sail to registry ResourceKey[minecraft:root / minecraft:block]
[10Jan2026 17:51:05.521] [main/DEBUG] [com.tterrag.registrate.AbstractRegistrate/REGISTRATE.REGISTER]: Registered create:light_gray_sail to registry ResourceKey[minecraft:root / minecraft:block]
[10Jan2026 17:51:05.522] [main/DEBUG] [com.tterrag.registrate.AbstractRegistrate/REGISTRATE.REGISTER]: Registered create:cyan_sail to registry ResourceKey[minecraft:root / minecraft:block]
[10Jan2026 17:51:05.522] [main/DEBUG] [com.tterrag.registrate.AbstractRegistrate/REGISTRATE.REGISTER]: Registered create:purple_sail to registry ResourceKey[minecraft:root / minecraft:block]
[10Jan2026 17:51:05.522] [main/DEBUG] [com.tterrag.registrate.AbstractRegistrate/REGISTRATE.REGISTER]: Registered create:blue_sail to registry ResourceKey[minecraft:root / minecraft:block]
[10Jan2026 17:51:05.522] [main/DEBUG] [com.tterrag.registrate.AbstractRegistrate/REGISTRATE.REGISTER]: Registered create:brown_sail to registry ResourceKey[minecraft:root / minecraft:block]
[10Jan2026 17:51:05.522] [main/DEBUG] [com.tterrag.registrate.AbstractRegistrate/REGISTRATE.REGISTER]: Registered create:green_sail to registry ResourceKey[minecraft:root / minecraft:block]
[10Jan2026 17:51:05.522] [main/DEBUG] [com.tterrag.registrate.AbstractRegistrate/REGISTRATE.REGISTER]: Registered create:red_sail to registry ResourceKey[minecraft:root / minecraft:block]
[10Jan2026 17:51:05.522] [main/DEBUG] [com.tterrag.registrate.AbstractRegistrate/REGISTRATE.REGISTER]: Registered create:black_sail to registry ResourceKey[minecraft:root / minecraft:block]
[10Jan2026 17:51:05.523] [main/DEBUG] [com.tterrag.registrate.AbstractRegistrate/REGISTRATE.REGISTER]: Registered create:andesite_casing to registry ResourceKey[minecraft:root / minecraft:block]
[10Jan2026 17:51:05.523] [main/DEBUG] [com.tterrag.registrate.AbstractRegistrate/REGISTRATE.REGISTER]: Registered create:brass_casing to registry ResourceKey[minecraft:root / minecraft:block]
[10Jan2026 17:51:05.523] [main/DEBUG] [com.tterrag.registrate.AbstractRegistrate/REGISTRATE.REGISTER]: Registered create:copper_casing to registry ResourceKey[minecraft:root / minecraft:block]
[10Jan2026 17:51:05.523] [main/DEBUG] [com.tterrag.registrate.AbstractRegistrate/REGISTRATE.REGISTER]: Registered create:shadow_steel_casing to registry ResourceKey[minecraft:root / minecraft:block]
[10Jan2026 17:51:05.524] [main/DEBUG] [com.tterrag.registrate.AbstractRegistrate/REGISTRATE.REGISTER]: Registered create:refined_radiance_casing to registry ResourceKey[minecraft:root / minecraft:block]
[10Jan2026 17:51:05.525] [main/DEBUG] [com.tterrag.registrate.AbstractRegistrate/REGISTRATE.REGISTER]: Registered create:mechanical_crafter to registry ResourceKey[minecraft:root / minecraft:block]
[10Jan2026 17:51:05.525] [main/DEBUG] [com.tterrag.registrate.AbstractRegistrate/REGISTRATE.REGISTER]: Registered create:sequenced_gearshift to registry ResourceKey[minecraft:root / minecraft:block]
[10Jan2026 17:51:05.525] [main/DEBUG] [com.tterrag.registrate.AbstractRegistrate/REGISTRATE.REGISTER]: Registered create:flywheel to registry ResourceKey[minecraft:root / minecraft:block]
[10Jan2026 17:51:05.526] [main/DEBUG] [com.tterrag.registrate.AbstractRegistrate/REGISTRATE.REGISTER]: Registered create:rotation_speed_controller to registry ResourceKey[minecraft:root / minecraft:block]
[10Jan2026 17:51:05.526] [main/DEBUG] [com.tterrag.registrate.AbstractRegistrate/REGISTRATE.REGISTER]: Registered create:mechanical_arm to registry ResourceKey[minecraft:root / minecraft:block]
[10Jan2026 17:51:05.531] [main/DEBUG] [com.tterrag.registrate.AbstractRegistrate/REGISTRATE.REGISTER]: Registered create:track to registry ResourceKey[minecraft:root / minecraft:block]
[10Jan2026 17:51:05.531] [main/DEBUG] [com.tterrag.registrate.AbstractRegistrate/REGISTRATE.REGISTER]: Registered create:fake_track to registry ResourceKey[minecraft:root / minecraft:block]
[10Jan2026 17:51:05.531] [main/DEBUG] [com.tterrag.registrate.AbstractRegistrate/REGISTRATE.REGISTER]: Registered create:railway_casing to registry ResourceKey[minecraft:root / minecraft:block]
[10Jan2026 17:51:05.532] [main/DEBUG] [com.tterrag.registrate.AbstractRegistrate/REGISTRATE.REGISTER]: Registered create:track_station to registry ResourceKey[minecraft:root / minecraft:block]
[10Jan2026 17:51:05.532] [main/DEBUG] [com.tterrag.registrate.AbstractRegistrate/REGISTRATE.REGISTER]: Registered create:track_signal to registry ResourceKey[minecraft:root / minecraft:block]
[10Jan2026 17:51:05.532] [main/DEBUG] [com.tterrag.registrate.AbstractRegistrate/REGISTRATE.REGISTER]: Registered create:track_observer to registry ResourceKey[minecraft:root / minecraft:block]
[10Jan2026 17:51:05.532] [main/DEBUG] [com.tterrag.registrate.AbstractRegistrate/REGISTRATE.REGISTER]: Registered create:small_bogey to registry ResourceKey[minecraft:root / minecraft:block]
[10Jan2026 17:51:05.532] [main/DEBUG] [com.tterrag.registrate.AbstractRegistrate/REGISTRATE.REGISTER]: Registered create:large_bogey to registry ResourceKey[minecraft:root / minecraft:block]
[10Jan2026 17:51:05.532] [main/DEBUG] [com.tterrag.registrate.AbstractRegistrate/REGISTRATE.REGISTER]: Registered create:controls to registry ResourceKey[minecraft:root / minecraft:block]
[10Jan2026 17:51:05.533] [main/DEBUG] [com.tterrag.registrate.AbstractRegistrate/REGISTRATE.REGISTER]: Registered create:andesite_funnel to registry ResourceKey[minecraft:root / minecraft:block]
[10Jan2026 17:51:05.535] [main/DEBUG] [com.tterrag.registrate.AbstractRegistrate/REGISTRATE.REGISTER]: Registered create:andesite_belt_funnel to registry ResourceKey[minecraft:root / minecraft:block]
[10Jan2026 17:51:05.535] [main/DEBUG] [com.tterrag.registrate.AbstractRegistrate/REGISTRATE.REGISTER]: Registered create:brass_funnel to registry ResourceKey[minecraft:root / minecraft:block]
[10Jan2026 17:51:05.536] [main/DEBUG] [com.tterrag.registrate.AbstractRegistrate/REGISTRATE.REGISTER]: Registered create:brass_belt_funnel to registry ResourceKey[minecraft:root / minecraft:block]
[10Jan2026 17:51:05.537] [main/DEBUG] [com.tterrag.registrate.AbstractRegistrate/REGISTRATE.REGISTER]: Registered create:andesite_tunnel to registry ResourceKey[minecraft:root / minecraft:block]
[10Jan2026 17:51:05.537] [main/DEBUG] [com.tterrag.registrate.AbstractRegistrate/REGISTRATE.REGISTER]: Registered create:brass_tunnel to registry ResourceKey[minecraft:root / minecraft:block]
[10Jan2026 17:51:05.537] [main/DEBUG] [com.tterrag.registrate.AbstractRegistrate/REGISTRATE.REGISTER]: Registered create:content_observer to registry ResourceKey[minecraft:root / minecraft:block]
[10Jan2026 17:51:05.538] [main/DEBUG] [com.tterrag.registrate.AbstractRegistrate/REGISTRATE.REGISTER]: Registered create:stockpile_switch to registry ResourceKey[minecraft:root / minecraft:block]
[10Jan2026 17:51:05.538] [main/DEBUG] [com.tterrag.registrate.AbstractRegistrate/REGISTRATE.REGISTER]: Registered create:creative_crate to registry ResourceKey[minecraft:root / minecraft:block]
[10Jan2026 17:51:05.540] [main/DEBUG] [com.tterrag.registrate.AbstractRegistrate/REGISTRATE.REGISTER]: Registered create:item_vault to registry ResourceKey[minecraft:root / minecraft:block]
[10Jan2026 17:51:05.540] [main/DEBUG] [com.tterrag.registrate.AbstractRegistrate/REGISTRATE.REGISTER]: Registered create:item_hatch to registry ResourceKey[minecraft:root / minecraft:block]
[10Jan2026 17:51:05.541] [main/DEBUG] [com.tterrag.registrate.AbstractRegistrate/REGISTRATE.REGISTER]: Registered create:packager to registry ResourceKey[minecraft:root / minecraft:block]
[10Jan2026 17:51:05.541] [main/DEBUG] [com.tterrag.registrate.AbstractRegistrate/REGISTRATE.REGISTER]: Registered create:repackager to registry ResourceKey[minecraft:root / minecraft:block]
[10Jan2026 17:51:05.541] [main/DEBUG] [com.tterrag.registrate.AbstractRegistrate/REGISTRATE.REGISTER]: Registered create:package_frogport to registry ResourceKey[minecraft:root / minecraft:block]
[10Jan2026 17:51:05.542] [main/DEBUG] [com.tterrag.registrate.AbstractRegistrate/REGISTRATE.REGISTER]: Registered create:white_postbox to registry ResourceKey[minecraft:root / minecraft:block]
[10Jan2026 17:51:05.542] [main/DEBUG] [com.tterrag.registrate.AbstractRegistrate/REGISTRATE.REGISTER]: Registered create:orange_postbox to registry ResourceKey[minecraft:root / minecraft:block]
[10Jan2026 17:51:05.542] [main/DEBUG] [com.tterrag.registrate.AbstractRegistrate/REGISTRATE.REGISTER]: Registered create:magenta_postbox to registry ResourceKey[minecraft:root / minecraft:block]
[10Jan2026 17:51:05.542] [main/DEBUG] [com.tterrag.registrate.AbstractRegistrate/REGISTRATE.REGISTER]: Registered create:light_blue_postbox to registry ResourceKey[minecraft:root / minecraft:block]
[10Jan2026 17:51:05.542] [main/DEBUG] [com.tterrag.registrate.AbstractRegistrate/REGISTRATE.REGISTER]: Registered create:yellow_postbox to registry ResourceKey[minecraft:root / minecraft:block]
[10Jan2026 17:51:05.542] [main/DEBUG] [com.tterrag.registrate.AbstractRegistrate/REGISTRATE.REGISTER]: Registered create:lime_postbox to registry ResourceKey[minecraft:root / minecraft:block]
[10Jan2026 17:51:05.542] [main/DEBUG] [com.tterrag.registrate.AbstractRegistrate/REGISTRATE.REGISTER]: Registered create:pink_postbox to registry ResourceKey[minecraft:root / minecraft:block]
[10Jan2026 17:51:05.542] [main/DEBUG] [com.tterrag.registrate.AbstractRegistrate/REGISTRATE.REGISTER]: Registered create:gray_postbox to registry ResourceKey[minecraft:root / minecraft:block]
[10Jan2026 17:51:05.542] [main/DEBUG] [com.tterrag.registrate.AbstractRegistrate/REGISTRATE.REGISTER]: Registered create:light_gray_postbox to registry ResourceKey[minecraft:root / minecraft:block]
[10Jan2026 17:51:05.543] [main/DEBUG] [com.tterrag.registrate.AbstractRegistrate/REGISTRATE.REGISTER]: Registered create:cyan_postbox to registry ResourceKey[minecraft:root / minecraft:block]
[10Jan2026 17:51:05.543] [main/DEBUG] [com.tterrag.registrate.AbstractRegistrate/REGISTRATE.REGISTER]: Registered create:purple_postbox to registry ResourceKey[minecraft:root / minecraft:block]
[10Jan2026 17:51:05.543] [main/DEBUG] [com.tterrag.registrate.AbstractRegistrate/REGISTRATE.REGISTER]: Registered create:blue_postbox to registry ResourceKey[minecraft:root / minecraft:block]
[10Jan2026 17:51:05.543] [main/DEBUG] [com.tterrag.registrate.AbstractRegistrate/REGISTRATE.REGISTER]: Registered create:brown_postbox to registry ResourceKey[minecraft:root / minecraft:block]
[10Jan2026 17:51:05.543] [main/DEBUG] [com.tterrag.registrate.AbstractRegistrate/REGISTRATE.REGISTER]: Registered create:green_postbox to registry ResourceKey[minecraft:root / minecraft:block]
[10Jan2026 17:51:05.543] [main/DEBUG] [com.tterrag.registrate.AbstractRegistrate/REGISTRATE.REGISTER]: Registered create:red_postbox to registry ResourceKey[minecraft:root / minecraft:block]
[10Jan2026 17:51:05.543] [main/DEBUG] [com.tterrag.registrate.AbstractRegistrate/REGISTRATE.REGISTER]: Registered create:black_postbox to registry ResourceKey[minecraft:root / minecraft:block]
[10Jan2026 17:51:05.544] [main/DEBUG] [com.tterrag.registrate.AbstractRegistrate/REGISTRATE.REGISTER]: Registered create:stock_link to registry ResourceKey[minecraft:root / minecraft:block]
[10Jan2026 17:51:05.544] [main/DEBUG] [com.tterrag.registrate.AbstractRegistrate/REGISTRATE.REGISTER]: Registered create:stock_ticker to registry ResourceKey[minecraft:root / minecraft:block]
[10Jan2026 17:51:05.544] [main/DEBUG] [com.tterrag.registrate.AbstractRegistrate/REGISTRATE.REGISTER]: Registered create:redstone_requester to registry ResourceKey[minecraft:root / minecraft:block]
[10Jan2026 17:51:05.546] [main/DEBUG] [com.tterrag.registrate.AbstractRegistrate/REGISTRATE.REGISTER]: Registered create:factory_gauge to registry ResourceKey[minecraft:root / minecraft:block]
[10Jan2026 17:51:05.548] [main/DEBUG] [com.tterrag.registrate.AbstractRegistrate/REGISTRATE.REGISTER]: Registered create:white_table_cloth to registry ResourceKey[minecraft:root / minecraft:block]
[10Jan2026 17:51:05.548] [main/DEBUG] [com.tterrag.registrate.AbstractRegistrate/REGISTRATE.REGISTER]: Registered create:orange_table_cloth to registry ResourceKey[minecraft:root / minecraft:block]
[10Jan2026 17:51:05.549] [main/DEBUG] [com.tterrag.registrate.AbstractRegistrate/REGISTRATE.REGISTER]: Registered create:magenta_table_cloth to registry ResourceKey[minecraft:root / minecraft:block]
[10Jan2026 17:51:05.549] [main/DEBUG] [com.tterrag.registrate.AbstractRegistrate/REGISTRATE.REGISTER]: Registered create:light_blue_table_cloth to registry ResourceKey[minecraft:root / minecraft:block]
[10Jan2026 17:51:05.549] [main/DEBUG] [com.tterrag.registrate.AbstractRegistrate/REGISTRATE.REGISTER]: Registered create:yellow_table_cloth to registry ResourceKey[minecraft:root / minecraft:block]
[10Jan2026 17:51:05.549] [main/DEBUG] [com.tterrag.registrate.AbstractRegistrate/REGISTRATE.REGISTER]: Registered create:lime_table_cloth to registry ResourceKey[minecraft:root / minecraft:block]
[10Jan2026 17:51:05.549] [main/DEBUG] [com.tterrag.registrate.AbstractRegistrate/REGISTRATE.REGISTER]: Registered create:pink_table_cloth to registry ResourceKey[minecraft:root / minecraft:block]
[10Jan2026 17:51:05.549] [main/DEBUG] [com.tterrag.registrate.AbstractRegistrate/REGISTRATE.REGISTER]: Registered create:gray_table_cloth to registry ResourceKey[minecraft:root / minecraft:block]
[10Jan2026 17:51:05.549] [main/DEBUG] [com.tterrag.registrate.AbstractRegistrate/REGISTRATE.REGISTER]: Registered create:light_gray_table_cloth to registry ResourceKey[minecraft:root / minecraft:block]
[10Jan2026 17:51:05.549] [main/DEBUG] [com.tterrag.registrate.AbstractRegistrate/REGISTRATE.REGISTER]: Registered create:cyan_table_cloth to registry ResourceKey[minecraft:root / minecraft:block]
[10Jan2026 17:51:05.549] [main/DEBUG] [com.tterrag.registrate.AbstractRegistrate/REGISTRATE.REGISTER]: Registered create:purple_table_cloth to registry ResourceKey[minecraft:root / minecraft:block]
[10Jan2026 17:51:05.550] [main/DEBUG] [com.tterrag.registrate.AbstractRegistrate/REGISTRATE.REGISTER]: Registered create:blue_table_cloth to registry ResourceKey[minecraft:root / minecraft:block]
[10Jan2026 17:51:05.550] [main/DEBUG] [com.tterrag.registrate.AbstractRegistrate/REGISTRATE.REGISTER]: Registered create:brown_table_cloth to registry ResourceKey[minecraft:root / minecraft:block]
[10Jan2026 17:51:05.550] [main/DEBUG] [com.tterrag.registrate.AbstractRegistrate/REGISTRATE.REGISTER]: Registered create:green_table_cloth to registry ResourceKey[minecraft:root / minecraft:block]
[10Jan2026 17:51:05.550] [main/DEBUG] [com.tterrag.registrate.AbstractRegistrate/REGISTRATE.REGISTER]: Registered create:red_table_cloth to registry ResourceKey[minecraft:root / minecraft:block]
[10Jan2026 17:51:05.550] [main/DEBUG] [com.tterrag.registrate.AbstractRegistrate/REGISTRATE.REGISTER]: Registered create:black_table_cloth to registry ResourceKey[minecraft:root / minecraft:block]
[10Jan2026 17:51:05.550] [main/DEBUG] [com.tterrag.registrate.AbstractRegistrate/REGISTRATE.REGISTER]: Registered create:andesite_table_cloth to registry ResourceKey[minecraft:root / minecraft:block]
[10Jan2026 17:51:05.550] [main/DEBUG] [com.tterrag.registrate.AbstractRegistrate/REGISTRATE.REGISTER]: Registered create:brass_table_cloth to registry ResourceKey[minecraft:root / minecraft:block]
[10Jan2026 17:51:05.550] [main/DEBUG] [com.tterrag.registrate.AbstractRegistrate/REGISTRATE.REGISTER]: Registered create:copper_table_cloth to registry ResourceKey[minecraft:root / minecraft:block]
[10Jan2026 17:51:05.550] [main/DEBUG] [com.tterrag.registrate.AbstractRegistrate/REGISTRATE.REGISTER]: Registered create:display_link to registry ResourceKey[minecraft:root / minecraft:block]
[10Jan2026 17:51:05.554] [main/DEBUG] [com.tterrag.registrate.AbstractRegistrate/REGISTRATE.REGISTER]: Registered create:display_board to registry ResourceKey[minecraft:root / minecraft:block]
[10Jan2026 17:51:05.557] [main/DEBUG] [com.tterrag.registrate.AbstractRegistrate/REGISTRATE.REGISTER]: Registered create:nixie_tube to registry ResourceKey[minecraft:root / minecraft:block]
[10Jan2026 17:51:05.558] [main/DEBUG] [com.tterrag.registrate.AbstractRegistrate/REGISTRATE.REGISTER]: Registered create:white_nixie_tube to registry ResourceKey[minecraft:root / minecraft:block]
[10Jan2026 17:51:05.558] [main/DEBUG] [com.tterrag.registrate.AbstractRegistrate/REGISTRATE.REGISTER]: Registered create:magenta_nixie_tube to registry ResourceKey[minecraft:root / minecraft:block]
[10Jan2026 17:51:05.559] [main/DEBUG] [com.tterrag.registrate.AbstractRegistrate/REGISTRATE.REGISTER]: Registered create:light_blue_nixie_tube to registry ResourceKey[minecraft:root / minecraft:block]
[10Jan2026 17:51:05.559] [main/DEBUG] [com.tterrag.registrate.AbstractRegistrate/REGISTRATE.REGISTER]: Registered create:yellow_nixie_tube to registry ResourceKey[minecraft:root / minecraft:block]
[10Jan2026 17:51:05.559] [main/DEBUG] [com.tterrag.registrate.AbstractRegistrate/REGISTRATE.REGISTER]: Registered create:lime_nixie_tube to registry ResourceKey[minecraft:root / minecraft:block]
[10Jan2026 17:51:05.559] [main/DEBUG] [com.tterrag.registrate.AbstractRegistrate/REGISTRATE.REGISTER]: Registered create:pink_nixie_tube to registry ResourceKey[minecraft:root / minecraft:block]
[10Jan2026 17:51:05.560] [main/DEBUG] [com.tterrag.registrate.AbstractRegistrate/REGISTRATE.REGISTER]: Registered create:gray_nixie_tube to registry ResourceKey[minecraft:root / minecraft:block]
[10Jan2026 17:51:05.560] [main/DEBUG] [com.tterrag.registrate.AbstractRegistrate/REGISTRATE.REGISTER]: Registered create:light_gray_nixie_tube to registry ResourceKey[minecraft:root / minecraft:block]
[10Jan2026 17:51:05.560] [main/DEBUG] [com.tterrag.registrate.AbstractRegistrate/REGISTRATE.REGISTER]: Registered create:cyan_nixie_tube to registry ResourceKey[minecraft:root / minecraft:block]
[10Jan2026 17:51:05.560] [main/DEBUG] [com.tterrag.registrate.AbstractRegistrate/REGISTRATE.REGISTER]: Registered create:purple_nixie_tube to registry ResourceKey[minecraft:root / minecraft:block]
[10Jan2026 17:51:05.560] [main/DEBUG] [com.tterrag.registrate.AbstractRegistrate/REGISTRATE.REGISTER]: Registered create:blue_nixie_tube to registry ResourceKey[minecraft:root / minecraft:block]
[10Jan2026 17:51:05.560] [main/DEBUG] [com.tterrag.registrate.AbstractRegistrate/REGISTRATE.REGISTER]: Registered create:brown_nixie_tube to registry ResourceKey[minecraft:root / minecraft:block]
[10Jan2026 17:51:05.561] [main/DEBUG] [com.tterrag.registrate.AbstractRegistrate/REGISTRATE.REGISTER]: Registered create:green_nixie_tube to registry ResourceKey[minecraft:root / minecraft:block]
[10Jan2026 17:51:05.561] [main/DEBUG] [com.tterrag.registrate.AbstractRegistrate/REGISTRATE.REGISTER]: Registered create:red_nixie_tube to registry ResourceKey[minecraft:root / minecraft:block]
[10Jan2026 17:51:05.561] [main/DEBUG] [com.tterrag.registrate.AbstractRegistrate/REGISTRATE.REGISTER]: Registered create:black_nixie_tube to registry ResourceKey[minecraft:root / minecraft:block]
[10Jan2026 17:51:05.561] [main/DEBUG] [com.tterrag.registrate.AbstractRegistrate/REGISTRATE.REGISTER]: Registered create:rose_quartz_lamp to registry ResourceKey[minecraft:root / minecraft:block]
[10Jan2026 17:51:05.562] [main/DEBUG] [com.tterrag.registrate.AbstractRegistrate/REGISTRATE.REGISTER]: Registered create:redstone_link to registry ResourceKey[minecraft:root / minecraft:block]
[10Jan2026 17:51:05.562] [main/DEBUG] [com.tterrag.registrate.AbstractRegistrate/REGISTRATE.REGISTER]: Registered create:analog_lever to registry ResourceKey[minecraft:root / minecraft:block]
[10Jan2026 17:51:05.562] [main/DEBUG] [com.tterrag.registrate.AbstractRegistrate/REGISTRATE.REGISTER]: Registered create:placard to registry ResourceKey[minecraft:root / minecraft:block]
[10Jan2026 17:51:05.562] [main/DEBUG] [com.tterrag.registrate.AbstractRegistrate/REGISTRATE.REGISTER]: Registered create:pulse_repeater to registry ResourceKey[minecraft:root / minecraft:block]
[10Jan2026 17:51:05.562] [main/DEBUG] [com.tterrag.registrate.AbstractRegistrate/REGISTRATE.REGISTER]: Registered create:pulse_extender to registry ResourceKey[minecraft:root / minecraft:block]
[10Jan2026 17:51:05.563] [main/DEBUG] [com.tterrag.registrate.AbstractRegistrate/REGISTRATE.REGISTER]: Registered create:pulse_timer to registry ResourceKey[minecraft:root / minecraft:block]
[10Jan2026 17:51:05.563] [main/DEBUG] [com.tterrag.registrate.AbstractRegistrate/REGISTRATE.REGISTER]: Registered create:powered_latch to registry ResourceKey[minecraft:root / minecraft:block]
[10Jan2026 17:51:05.563] [main/DEBUG] [com.tterrag.registrate.AbstractRegistrate/REGISTRATE.REGISTER]: Registered create:powered_toggle_latch to registry ResourceKey[minecraft:root / minecraft:block]
[10Jan2026 17:51:05.563] [main/DEBUG] [com.tterrag.registrate.AbstractRegistrate/REGISTRATE.REGISTER]: Registered create:lectern_controller to registry ResourceKey[minecraft:root / minecraft:block]
[10Jan2026 17:51:05.563] [main/DEBUG] [com.tterrag.registrate.AbstractRegistrate/REGISTRATE.REGISTER]: Registered create:copper_backtank to registry ResourceKey[minecraft:root / minecraft:block]
[10Jan2026 17:51:05.563] [main/DEBUG] [com.tterrag.registrate.AbstractRegistrate/REGISTRATE.REGISTER]: Registered create:netherite_backtank to registry ResourceKey[minecraft:root / minecraft:block]
[10Jan2026 17:51:05.563] [main/DEBUG] [com.tterrag.registrate.AbstractRegistrate/REGISTRATE.REGISTER]: Registered create:peculiar_bell to registry ResourceKey[minecraft:root / minecraft:block]
[10Jan2026 17:51:05.563] [main/DEBUG] [com.tterrag.registrate.AbstractRegistrate/REGISTRATE.REGISTER]: Registered create:haunted_bell to registry ResourceKey[minecraft:root / minecraft:block]
[10Jan2026 17:51:05.563] [main/DEBUG] [com.tterrag.registrate.AbstractRegistrate/REGISTRATE.REGISTER]: Registered create:desk_bell to registry ResourceKey[minecraft:root / minecraft:block]
[10Jan2026 17:51:05.564] [main/DEBUG] [com.tterrag.registrate.AbstractRegistrate/REGISTRATE.REGISTER]: Registered create:white_toolbox to registry ResourceKey[minecraft:root / minecraft:block]
[10Jan2026 17:51:05.564] [main/DEBUG] [com.tterrag.registrate.AbstractRegistrate/REGISTRATE.REGISTER]: Registered create:orange_toolbox to registry ResourceKey[minecraft:root / minecraft:block]
[10Jan2026 17:51:05.564] [main/DEBUG] [com.tterrag.registrate.AbstractRegistrate/REGISTRATE.REGISTER]: Registered create:magenta_toolbox to registry ResourceKey[minecraft:root / minecraft:block]
[10Jan2026 17:51:05.564] [main/DEBUG] [com.tterrag.registrate.AbstractRegistrate/REGISTRATE.REGISTER]: Registered create:light_blue_toolbox to registry ResourceKey[minecraft:root / minecraft:block]
[10Jan2026 17:51:05.564] [main/DEBUG] [com.tterrag.registrate.AbstractRegistrate/REGISTRATE.REGISTER]: Registered create:yellow_toolbox to registry ResourceKey[minecraft:root / minecraft:block]
[10Jan2026 17:51:05.564] [main/DEBUG] [com.tterrag.registrate.AbstractRegistrate/REGISTRATE.REGISTER]: Registered create:lime_toolbox to registry ResourceKey[minecraft:root / minecraft:block]
[10Jan2026 17:51:05.564] [main/DEBUG] [com.tterrag.registrate.AbstractRegistrate/REGISTRATE.REGISTER]: Registered create:pink_toolbox to registry ResourceKey[minecraft:root / minecraft:block]
[10Jan2026 17:51:05.564] [main/DEBUG] [com.tterrag.registrate.AbstractRegistrate/REGISTRATE.REGISTER]: Registered create:gray_toolbox to registry ResourceKey[minecraft:root / minecraft:block]
[10Jan2026 17:51:05.564] [main/DEBUG] [com.tterrag.registrate.AbstractRegistrate/REGISTRATE.REGISTER]: Registered create:light_gray_toolbox to registry ResourceKey[minecraft:root / minecraft:block]
[10Jan2026 17:51:05.564] [main/DEBUG] [com.tterrag.registrate.AbstractRegistrate/REGISTRATE.REGISTER]: Registered create:cyan_toolbox to registry ResourceKey[minecraft:root / minecraft:block]
[10Jan2026 17:51:05.564] [main/DEBUG] [com.tterrag.registrate.AbstractRegistrate/REGISTRATE.REGISTER]: Registered create:purple_toolbox to registry ResourceKey[minecraft:root / minecraft:block]
[10Jan2026 17:51:05.564] [main/DEBUG] [com.tterrag.registrate.AbstractRegistrate/REGISTRATE.REGISTER]: Registered create:blue_toolbox to registry ResourceKey[minecraft:root / minecraft:block]
[10Jan2026 17:51:05.564] [main/DEBUG] [com.tterrag.registrate.AbstractRegistrate/REGISTRATE.REGISTER]: Registered create:brown_toolbox to registry ResourceKey[minecraft:root / minecraft:block]
[10Jan2026 17:51:05.564] [main/DEBUG] [com.tterrag.registrate.AbstractRegistrate/REGISTRATE.REGISTER]: Registered create:green_toolbox to registry ResourceKey[minecraft:root / minecraft:block]
[10Jan2026 17:51:05.564] [main/DEBUG] [com.tterrag.registrate.AbstractRegistrate/REGISTRATE.REGISTER]: Registered create:red_toolbox to registry ResourceKey[minecraft:root / minecraft:block]
[10Jan2026 17:51:05.564] [main/DEBUG] [com.tterrag.registrate.AbstractRegistrate/REGISTRATE.REGISTER]: Registered create:black_toolbox to registry ResourceKey[minecraft:root / minecraft:block]
[10Jan2026 17:51:05.565] [main/DEBUG] [com.tterrag.registrate.AbstractRegistrate/REGISTRATE.REGISTER]: Registered create:clipboard to registry ResourceKey[minecraft:root / minecraft:block]
[10Jan2026 17:51:05.566] [main/DEBUG] [com.tterrag.registrate.AbstractRegistrate/REGISTRATE.REGISTER]: Registered create:andesite_ladder to registry ResourceKey[minecraft:root / minecraft:block]
[10Jan2026 17:51:05.566] [main/DEBUG] [com.tterrag.registrate.AbstractRegistrate/REGISTRATE.REGISTER]: Registered create:brass_ladder to registry ResourceKey[minecraft:root / minecraft:block]
[10Jan2026 17:51:05.567] [main/DEBUG] [com.tterrag.registrate.AbstractRegistrate/REGISTRATE.REGISTER]: Registered create:copper_ladder to registry ResourceKey[minecraft:root / minecraft:block]
[10Jan2026 17:51:05.567] [main/DEBUG] [com.tterrag.registrate.AbstractRegistrate/REGISTRATE.REGISTER]: Registered create:andesite_bars to registry ResourceKey[minecraft:root / minecraft:block]
[10Jan2026 17:51:05.567] [main/DEBUG] [com.tterrag.registrate.AbstractRegistrate/REGISTRATE.REGISTER]: Registered create:brass_bars to registry ResourceKey[minecraft:root / minecraft:block]
[10Jan2026 17:51:05.568] [main/DEBUG] [com.tterrag.registrate.AbstractRegistrate/REGISTRATE.REGISTER]: Registered create:copper_bars to registry ResourceKey[minecraft:root / minecraft:block]
[10Jan2026 17:51:05.568] [main/DEBUG] [com.tterrag.registrate.AbstractRegistrate/REGISTRATE.REGISTER]: Registered create:andesite_scaffolding to registry ResourceKey[minecraft:root / minecraft:block]
[10Jan2026 17:51:05.569] [main/DEBUG] [com.tterrag.registrate.AbstractRegistrate/REGISTRATE.REGISTER]: Registered create:brass_scaffolding to registry ResourceKey[minecraft:root / minecraft:block]
[10Jan2026 17:51:05.569] [main/DEBUG] [com.tterrag.registrate.AbstractRegistrate/REGISTRATE.REGISTER]: Registered create:copper_scaffolding to registry ResourceKey[minecraft:root / minecraft:block]
[10Jan2026 17:51:05.574] [main/DEBUG] [com.tterrag.registrate.AbstractRegistrate/REGISTRATE.REGISTER]: Registered create:metal_girder to registry ResourceKey[minecraft:root / minecraft:block]
[10Jan2026 17:51:05.575] [main/DEBUG] [com.tterrag.registrate.AbstractRegistrate/REGISTRATE.REGISTER]: Registered create:metal_girder_encased_shaft to registry ResourceKey[minecraft:root / minecraft:block]
[10Jan2026 17:51:05.575] [main/DEBUG] [com.tterrag.registrate.AbstractRegistrate/REGISTRATE.REGISTER]: Registered create:copycat_base to registry ResourceKey[minecraft:root / minecraft:block]
[10Jan2026 17:51:05.579] [main/DEBUG] [com.tterrag.registrate.AbstractRegistrate/REGISTRATE.REGISTER]: Registered create:copycat_step to registry ResourceKey[minecraft:root / minecraft:block]
[10Jan2026 17:51:05.582] [main/DEBUG] [com.tterrag.registrate.AbstractRegistrate/REGISTRATE.REGISTER]: Registered create:copycat_panel to registry ResourceKey[minecraft:root / minecraft:block]
[10Jan2026 17:51:05.585] [main/DEBUG] [com.tterrag.registrate.AbstractRegistrate/REGISTRATE.REGISTER]: Registered create:copycat_bars to registry ResourceKey[minecraft:root / minecraft:block]
[10Jan2026 17:51:05.586] [main/DEBUG] [com.tterrag.registrate.AbstractRegistrate/REGISTRATE.REGISTER]: Registered create:white_seat to registry ResourceKey[minecraft:root / minecraft:block]
[10Jan2026 17:51:05.586] [main/DEBUG] [com.tterrag.registrate.AbstractRegistrate/REGISTRATE.REGISTER]: Registered create:orange_seat to registry ResourceKey[minecraft:root / minecraft:block]
[10Jan2026 17:51:05.586] [main/DEBUG] [com.tterrag.registrate.AbstractRegistrate/REGISTRATE.REGISTER]: Registered create:magenta_seat to registry ResourceKey[minecraft:root / minecraft:block]
[10Jan2026 17:51:05.586] [main/DEBUG] [com.tterrag.registrate.AbstractRegistrate/REGISTRATE.REGISTER]: Registered create:light_blue_seat to registry ResourceKey[minecraft:root / minecraft:block]
[10Jan2026 17:51:05.586] [main/DEBUG] [com.tterrag.registrate.AbstractRegistrate/REGISTRATE.REGISTER]: Registered create:yellow_seat to registry ResourceKey[minecraft:root / minecraft:block]
[10Jan2026 17:51:05.586] [main/DEBUG] [com.tterrag.registrate.AbstractRegistrate/REGISTRATE.REGISTER]: Registered create:lime_seat to registry ResourceKey[minecraft:root / minecraft:block]
[10Jan2026 17:51:05.586] [main/DEBUG] [com.tterrag.registrate.AbstractRegistrate/REGISTRATE.REGISTER]: Registered create:pink_seat to registry ResourceKey[minecraft:root / minecraft:block]
[10Jan2026 17:51:05.586] [main/DEBUG] [com.tterrag.registrate.AbstractRegistrate/REGISTRATE.REGISTER]: Registered create:gray_seat to registry ResourceKey[minecraft:root / minecraft:block]
[10Jan2026 17:51:05.586] [main/DEBUG] [com.tterrag.registrate.AbstractRegistrate/REGISTRATE.REGISTER]: Registered create:light_gray_seat to registry ResourceKey[minecraft:root / minecraft:block]
[10Jan2026 17:51:05.586] [main/DEBUG] [com.tterrag.registrate.AbstractRegistrate/REGISTRATE.REGISTER]: Registered create:cyan_seat to registry ResourceKey[minecraft:root / minecraft:block]
[10Jan2026 17:51:05.586] [main/DEBUG] [com.tterrag.registrate.AbstractRegistrate/REGISTRATE.REGISTER]: Registered create:purple_seat to registry ResourceKey[minecraft:root / minecraft:block]
[10Jan2026 17:51:05.586] [main/DEBUG] [com.tterrag.registrate.AbstractRegistrate/REGISTRATE.REGISTER]: Registered create:blue_seat to registry ResourceKey[minecraft:root / minecraft:block]
[10Jan2026 17:51:05.586] [main/DEBUG] [com.tterrag.registrate.AbstractRegistrate/REGISTRATE.REGISTER]: Registered create:brown_seat to registry ResourceKey[minecraft:root / minecraft:block]
[10Jan2026 17:51:05.586] [main/DEBUG] [com.tterrag.registrate.AbstractRegistrate/REGISTRATE.REGISTER]: Registered create:green_seat to registry ResourceKey[minecraft:root / minecraft:block]
[10Jan2026 17:51:05.586] [main/DEBUG] [com.tterrag.registrate.AbstractRegistrate/REGISTRATE.REGISTER]: Registered create:red_seat to registry ResourceKey[minecraft:root / minecraft:block]
[10Jan2026 17:51:05.586] [main/DEBUG] [com.tterrag.registrate.AbstractRegistrate/REGISTRATE.REGISTER]: Registered create:black_seat to registry ResourceKey[minecraft:root / minecraft:block]
[10Jan2026 17:51:05.588] [main/DEBUG] [com.tterrag.registrate.AbstractRegistrate/REGISTRATE.REGISTER]: Registered create:andesite_door to registry ResourceKey[minecraft:root / minecraft:block]
[10Jan2026 17:51:05.589] [main/DEBUG] [com.tterrag.registrate.AbstractRegistrate/REGISTRATE.REGISTER]: Registered create:brass_door to registry ResourceKey[minecraft:root / minecraft:block]
[10Jan2026 17:51:05.590] [main/DEBUG] [com.tterrag.registrate.AbstractRegistrate/REGISTRATE.REGISTER]: Registered create:copper_door to registry ResourceKey[minecraft:root / minecraft:block]
[10Jan2026 17:51:05.591] [main/DEBUG] [com.tterrag.registrate.AbstractRegistrate/REGISTRATE.REGISTER]: Registered create:train_door to registry ResourceKey[minecraft:root / minecraft:block]
[10Jan2026 17:51:05.591] [main/DEBUG] [com.tterrag.registrate.AbstractRegistrate/REGISTRATE.REGISTER]: Registered create:train_trapdoor to registry ResourceKey[minecraft:root / minecraft:block]
[10Jan2026 17:51:05.592] [main/DEBUG] [com.tterrag.registrate.AbstractRegistrate/REGISTRATE.REGISTER]: Registered create:framed_glass_door to registry ResourceKey[minecraft:root / minecraft:block]
[10Jan2026 17:51:05.592] [main/DEBUG] [com.tterrag.registrate.AbstractRegistrate/REGISTRATE.REGISTER]: Registered create:framed_glass_trapdoor to registry ResourceKey[minecraft:root / minecraft:block]
[10Jan2026 17:51:05.592] [main/DEBUG] [com.tterrag.registrate.AbstractRegistrate/REGISTRATE.REGISTER]: Registered create:zinc_ore to registry ResourceKey[minecraft:root / minecraft:block]
[10Jan2026 17:51:05.592] [main/DEBUG] [com.tterrag.registrate.AbstractRegistrate/REGISTRATE.REGISTER]: Registered create:deepslate_zinc_ore to registry ResourceKey[minecraft:root / minecraft:block]
[10Jan2026 17:51:05.592] [main/DEBUG] [com.tterrag.registrate.AbstractRegistrate/REGISTRATE.REGISTER]: Registered create:raw_zinc_block to registry ResourceKey[minecraft:root / minecraft:block]
[10Jan2026 17:51:05.592] [main/DEBUG] [com.tterrag.registrate.AbstractRegistrate/REGISTRATE.REGISTER]: Registered create:zinc_block to registry ResourceKey[minecraft:root / minecraft:block]
[10Jan2026 17:51:05.592] [main/DEBUG] [com.tterrag.registrate.AbstractRegistrate/REGISTRATE.REGISTER]: Registered create:andesite_alloy_block to registry ResourceKey[minecraft:root / minecraft:block]
[10Jan2026 17:51:05.592] [main/DEBUG] [com.tterrag.registrate.AbstractRegistrate/REGISTRATE.REGISTER]: Registered create:industrial_iron_block to registry ResourceKey[minecraft:root / minecraft:block]
[10Jan2026 17:51:05.592] [main/DEBUG] [com.tterrag.registrate.AbstractRegistrate/REGISTRATE.REGISTER]: Registered create:weathered_iron_block to registry ResourceKey[minecraft:root / minecraft:block]
[10Jan2026 17:51:05.592] [main/DEBUG] [com.tterrag.registrate.AbstractRegistrate/REGISTRATE.REGISTER]: Registered create:brass_block to registry ResourceKey[minecraft:root / minecraft:block]
[10Jan2026 17:51:05.592] [main/DEBUG] [com.tterrag.registrate.AbstractRegistrate/REGISTRATE.REGISTER]: Registered create:cardboard_block to registry ResourceKey[minecraft:root / minecraft:block]
[10Jan2026 17:51:05.592] [main/DEBUG] [com.tterrag.registrate.AbstractRegistrate/REGISTRATE.REGISTER]: Registered create:bound_cardboard_block to registry ResourceKey[minecraft:root / minecraft:block]
[10Jan2026 17:51:05.593] [main/DEBUG] [com.tterrag.registrate.AbstractRegistrate/REGISTRATE.REGISTER]: Registered create:experience_block to registry ResourceKey[minecraft:root / minecraft:block]
[10Jan2026 17:51:05.594] [main/DEBUG] [com.tterrag.registrate.AbstractRegistrate/REGISTRATE.REGISTER]: Registered create:rose_quartz_block to registry ResourceKey[minecraft:root / minecraft:block]
[10Jan2026 17:51:05.594] [main/DEBUG] [com.tterrag.registrate.AbstractRegistrate/REGISTRATE.REGISTER]: Registered create:rose_quartz_tiles to registry ResourceKey[minecraft:root / minecraft:block]
[10Jan2026 17:51:05.594] [main/DEBUG] [com.tterrag.registrate.AbstractRegistrate/REGISTRATE.REGISTER]: Registered create:small_rose_quartz_tiles to registry ResourceKey[minecraft:root / minecraft:block]
[10Jan2026 17:51:05.594] [main/DEBUG] [com.tterrag.registrate.AbstractRegistrate/REGISTRATE.REGISTER]: Registered create:copper_shingles to registry ResourceKey[minecraft:root / minecraft:block]
[10Jan2026 17:51:05.594] [main/DEBUG] [com.tterrag.registrate.AbstractRegistrate/REGISTRATE.REGISTER]: Registered create:exposed_copper_shingles to registry ResourceKey[minecraft:root / minecraft:block]
[10Jan2026 17:51:05.594] [main/DEBUG] [com.tterrag.registrate.AbstractRegistrate/REGISTRATE.REGISTER]: Registered create:weathered_copper_shingles to registry ResourceKey[minecraft:root / minecraft:block]
[10Jan2026 17:51:05.594] [main/DEBUG] [com.tterrag.registrate.AbstractRegistrate/REGISTRATE.REGISTER]: Registered create:oxidized_copper_shingles to registry ResourceKey[minecraft:root / minecraft:block]
[10Jan2026 17:51:05.594] [main/DEBUG] [com.tterrag.registrate.AbstractRegistrate/REGISTRATE.REGISTER]: Registered create:copper_shingle_slab to registry ResourceKey[minecraft:root / minecraft:block]
[10Jan2026 17:51:05.594] [main/DEBUG] [com.tterrag.registrate.AbstractRegistrate/REGISTRATE.REGISTER]: Registered create:exposed_copper_shingle_slab to registry ResourceKey[minecraft:root / minecraft:block]
[10Jan2026 17:51:05.594] [main/DEBUG] [com.tterrag.registrate.AbstractRegistrate/REGISTRATE.REGISTER]: Registered create:weathered_copper_shingle_slab to registry ResourceKey[minecraft:root / minecraft:block]
[10Jan2026 17:51:05.594] [main/DEBUG] [com.tterrag.registrate.AbstractRegistrate/REGISTRATE.REGISTER]: Registered create:oxidized_copper_shingle_slab to registry ResourceKey[minecraft:root / minecraft:block]
[10Jan2026 17:51:05.595] [main/DEBUG] [com.tterrag.registrate.AbstractRegistrate/REGISTRATE.REGISTER]: Registered create:copper_shingle_stairs to registry ResourceKey[minecraft:root / minecraft:block]
[10Jan2026 17:51:05.596] [main/DEBUG] [com.tterrag.registrate.AbstractRegistrate/REGISTRATE.REGISTER]: Registered create:exposed_copper_shingle_stairs to registry ResourceKey[minecraft:root / minecraft:block]
[10Jan2026 17:51:05.596] [main/DEBUG] [com.tterrag.registrate.AbstractRegistrate/REGISTRATE.REGISTER]: Registered create:weathered_copper_shingle_stairs to registry ResourceKey[minecraft:root / minecraft:block]
[10Jan2026 17:51:05.596] [main/DEBUG] [com.tterrag.registrate.AbstractRegistrate/REGISTRATE.REGISTER]: Registered create:oxidized_copper_shingle_stairs to registry ResourceKey[minecraft:root / minecraft:block]
[10Jan2026 17:51:05.596] [main/DEBUG] [com.tterrag.registrate.AbstractRegistrate/REGISTRATE.REGISTER]: Registered create:waxed_copper_shingles to registry ResourceKey[minecraft:root / minecraft:block]
[10Jan2026 17:51:05.596] [main/DEBUG] [com.tterrag.registrate.AbstractRegistrate/REGISTRATE.REGISTER]: Registered create:waxed_exposed_copper_shingles to registry ResourceKey[minecraft:root / minecraft:block]
[10Jan2026 17:51:05.596] [main/DEBUG] [com.tterrag.registrate.AbstractRegistrate/REGISTRATE.REGISTER]: Registered create:waxed_weathered_copper_shingles to registry ResourceKey[minecraft:root / minecraft:block]
[10Jan2026 17:51:05.596] [main/DEBUG] [com.tterrag.registrate.AbstractRegistrate/REGISTRATE.REGISTER]: Registered create:waxed_oxidized_copper_shingles to registry ResourceKey[minecraft:root / minecraft:block]
[10Jan2026 17:51:05.596] [main/DEBUG] [com.tterrag.registrate.AbstractRegistrate/REGISTRATE.REGISTER]: Registered create:waxed_copper_shingle_slab to registry ResourceKey[minecraft:root / minecraft:block]
[10Jan2026 17:51:05.596] [main/DEBUG] [com.tterrag.registrate.AbstractRegistrate/REGISTRATE.REGISTER]: Registered create:waxed_exposed_copper_shingle_slab to registry ResourceKey[minecraft:root / minecraft:block]
[10Jan2026 17:51:05.596] [main/DEBUG] [com.tterrag.registrate.AbstractRegistrate/REGISTRATE.REGISTER]: Registered create:waxed_weathered_copper_shingle_slab to registry ResourceKey[minecraft:root / minecraft:block]
[10Jan2026 17:51:05.596] [main/DEBUG] [com.tterrag.registrate.AbstractRegistrate/REGISTRATE.REGISTER]: Registered create:waxed_oxidized_copper_shingle_slab to registry ResourceKey[minecraft:root / minecraft:block]
[10Jan2026 17:51:05.596] [main/DEBUG] [com.tterrag.registrate.AbstractRegistrate/REGISTRATE.REGISTER]: Registered create:waxed_copper_shingle_stairs to registry ResourceKey[minecraft:root / minecraft:block]
[10Jan2026 17:51:05.597] [main/DEBUG] [com.tterrag.registrate.AbstractRegistrate/REGISTRATE.REGISTER]: Registered create:waxed_exposed_copper_shingle_stairs to registry ResourceKey[minecraft:root / minecraft:block]
[10Jan2026 17:51:05.597] [main/DEBUG] [com.tterrag.registrate.AbstractRegistrate/REGISTRATE.REGISTER]: Registered create:waxed_weathered_copper_shingle_stairs to registry ResourceKey[minecraft:root / minecraft:block]
[10Jan2026 17:51:05.597] [main/DEBUG] [com.tterrag.registrate.AbstractRegistrate/REGISTRATE.REGISTER]: Registered create:waxed_oxidized_copper_shingle_stairs to registry ResourceKey[minecraft:root / minecraft:block]
[10Jan2026 17:51:05.598] [main/DEBUG] [com.tterrag.registrate.AbstractRegistrate/REGISTRATE.REGISTER]: Registered create:copper_tiles to registry ResourceKey[minecraft:root / minecraft:block]
[10Jan2026 17:51:05.598] [main/DEBUG] [com.tterrag.registrate.AbstractRegistrate/REGISTRATE.REGISTER]: Registered create:exposed_copper_tiles to registry ResourceKey[minecraft:root / minecraft:block]
[10Jan2026 17:51:05.598] [main/DEBUG] [com.tterrag.registrate.AbstractRegistrate/REGISTRATE.REGISTER]: Registered create:weathered_copper_tiles to registry ResourceKey[minecraft:root / minecraft:block]
[10Jan2026 17:51:05.598] [main/DEBUG] [com.tterrag.registrate.AbstractRegistrate/REGISTRATE.REGISTER]: Registered create:oxidized_copper_tiles to registry ResourceKey[minecraft:root / minecraft:block]
[10Jan2026 17:51:05.598] [main/DEBUG] [com.tterrag.registrate.AbstractRegistrate/REGISTRATE.REGISTER]: Registered create:copper_tile_slab to registry ResourceKey[minecraft:root / minecraft:block]
[10Jan2026 17:51:05.598] [main/DEBUG] [com.tterrag.registrate.AbstractRegistrate/REGISTRATE.REGISTER]: Registered create:exposed_copper_tile_slab to registry ResourceKey[minecraft:root / minecraft:block]
[10Jan2026 17:51:05.598] [main/DEBUG] [com.tterrag.registrate.AbstractRegistrate/REGISTRATE.REGISTER]: Registered create:weathered_copper_tile_slab to registry ResourceKey[minecraft:root / minecraft:block]
[10Jan2026 17:51:05.598] [main/DEBUG] [com.tterrag.registrate.AbstractRegistrate/REGISTRATE.REGISTER]: Registered create:oxidized_copper_tile_slab to registry ResourceKey[minecraft:root / minecraft:block]
[10Jan2026 17:51:05.598] [main/DEBUG] [com.tterrag.registrate.AbstractRegistrate/REGISTRATE.REGISTER]: Registered create:copper_tile_stairs to registry ResourceKey[minecraft:root / minecraft:block]
[10Jan2026 17:51:05.599] [main/DEBUG] [com.tterrag.registrate.AbstractRegistrate/REGISTRATE.REGISTER]: Registered create:exposed_copper_tile_stairs to registry ResourceKey[minecraft:root / minecraft:block]
[10Jan2026 17:51:05.600] [main/DEBUG] [com.tterrag.registrate.AbstractRegistrate/REGISTRATE.REGISTER]: Registered create:weathered_copper_tile_stairs to registry ResourceKey[minecraft:root / minecraft:block]
[10Jan2026 17:51:05.600] [main/DEBUG] [com.tterrag.registrate.AbstractRegistrate/REGISTRATE.REGISTER]: Registered create:oxidized_copper_tile_stairs to registry ResourceKey[minecraft:root / minecraft:block]
[10Jan2026 17:51:05.600] [main/DEBUG] [com.tterrag.registrate.AbstractRegistrate/REGISTRATE.REGISTER]: Registered create:waxed_copper_tiles to registry ResourceKey[minecraft:root / minecraft:block]
[10Jan2026 17:51:05.600] [main/DEBUG] [com.tterrag.registrate.AbstractRegistrate/REGISTRATE.REGISTER]: Registered create:waxed_exposed_copper_tiles to registry ResourceKey[minecraft:root / minecraft:block]
[10Jan2026 17:51:05.600] [main/DEBUG] [com.tterrag.registrate.AbstractRegistrate/REGISTRATE.REGISTER]: Registered create:waxed_weathered_copper_tiles to registry ResourceKey[minecraft:root / minecraft:block]
[10Jan2026 17:51:05.600] [main/DEBUG] [com.tterrag.registrate.AbstractRegistrate/REGISTRATE.REGISTER]: Registered create:waxed_oxidized_copper_tiles to registry ResourceKey[minecraft:root / minecraft:block]
[10Jan2026 17:51:05.600] [main/DEBUG] [com.tterrag.registrate.AbstractRegistrate/REGISTRATE.REGISTER]: Registered create:waxed_copper_tile_slab to registry ResourceKey[minecraft:root / minecraft:block]
[10Jan2026 17:51:05.600] [main/DEBUG] [com.tterrag.registrate.AbstractRegistrate/REGISTRATE.REGISTER]: Registered create:waxed_exposed_copper_tile_slab to registry ResourceKey[minecraft:root / minecraft:block]
[10Jan2026 17:51:05.600] [main/DEBUG] [com.tterrag.registrate.AbstractRegistrate/REGISTRATE.REGISTER]: Registered create:waxed_weathered_copper_tile_slab to registry ResourceKey[minecraft:root / minecraft:block]
[10Jan2026 17:51:05.600] [main/DEBUG] [com.tterrag.registrate.AbstractRegistrate/REGISTRATE.REGISTER]: Registered create:waxed_oxidized_copper_tile_slab to registry ResourceKey[minecraft:root / minecraft:block]
[10Jan2026 17:51:05.600] [main/DEBUG] [com.tterrag.registrate.AbstractRegistrate/REGISTRATE.REGISTER]: Registered create:waxed_copper_tile_stairs to registry ResourceKey[minecraft:root / minecraft:block]
[10Jan2026 17:51:05.601] [main/DEBUG] [com.tterrag.registrate.AbstractRegistrate/REGISTRATE.REGISTER]: Registered create:waxed_exposed_copper_tile_stairs to registry ResourceKey[minecraft:root / minecraft:block]
[10Jan2026 17:51:05.601] [main/DEBUG] [com.tterrag.registrate.AbstractRegistrate/REGISTRATE.REGISTER]: Registered create:waxed_weathered_copper_tile_stairs to registry ResourceKey[minecraft:root / minecraft:block]
[10Jan2026 17:51:05.602] [main/DEBUG] [com.tterrag.registrate.AbstractRegistrate/REGISTRATE.REGISTER]: Registered create:waxed_oxidized_copper_tile_stairs to registry ResourceKey[minecraft:root / minecraft:block]
[10Jan2026 17:51:05.603] [main/DEBUG] [com.tterrag.registrate.AbstractRegistrate/REGISTRATE.REGISTER]: Registered create:honey to registry ResourceKey[minecraft:root / minecraft:block]
[10Jan2026 17:51:05.603] [main/DEBUG] [com.tterrag.registrate.AbstractRegistrate/REGISTRATE.REGISTER]: Registered create:chocolate to registry ResourceKey[minecraft:root / minecraft:block]
[10Jan2026 17:51:05.603] [main/DEBUG] [com.tterrag.registrate.AbstractRegistrate/REGISTRATE.REGISTER]: Registered create:tiled_glass to registry ResourceKey[minecraft:root / minecraft:block]
[10Jan2026 17:51:05.604] [main/DEBUG] [com.tterrag.registrate.AbstractRegistrate/REGISTRATE.REGISTER]: Registered create:framed_glass to registry ResourceKey[minecraft:root / minecraft:block]
[10Jan2026 17:51:05.604] [main/DEBUG] [com.tterrag.registrate.AbstractRegistrate/REGISTRATE.REGISTER]: Registered create:horizontal_framed_glass to registry ResourceKey[minecraft:root / minecraft:block]
[10Jan2026 17:51:05.604] [main/DEBUG] [com.tterrag.registrate.AbstractRegistrate/REGISTRATE.REGISTER]: Registered create:vertical_framed_glass to registry ResourceKey[minecraft:root / minecraft:block]
[10Jan2026 17:51:05.605] [main/DEBUG] [com.tterrag.registrate.AbstractRegistrate/REGISTRATE.REGISTER]: Registered create:tiled_glass_pane to registry ResourceKey[minecraft:root / minecraft:block]
[10Jan2026 17:51:05.606] [main/DEBUG] [com.tterrag.registrate.AbstractRegistrate/REGISTRATE.REGISTER]: Registered create:framed_glass_pane to registry ResourceKey[minecraft:root / minecraft:block]
[10Jan2026 17:51:05.606] [main/DEBUG] [com.tterrag.registrate.AbstractRegistrate/REGISTRATE.REGISTER]: Registered create:horizontal_framed_glass_pane to registry ResourceKey[minecraft:root / minecraft:block]
[10Jan2026 17:51:05.606] [main/DEBUG] [com.tterrag.registrate.AbstractRegistrate/REGISTRATE.REGISTER]: Registered create:vertical_framed_glass_pane to registry ResourceKey[minecraft:root / minecraft:block]
[10Jan2026 17:51:05.606] [main/DEBUG] [com.tterrag.registrate.AbstractRegistrate/REGISTRATE.REGISTER]: Registered create:oak_window to registry ResourceKey[minecraft:root / minecraft:block]
[10Jan2026 17:51:05.606] [main/DEBUG] [com.tterrag.registrate.AbstractRegistrate/REGISTRATE.REGISTER]: Registered create:spruce_window to registry ResourceKey[minecraft:root / minecraft:block]
[10Jan2026 17:51:05.607] [main/DEBUG] [com.tterrag.registrate.AbstractRegistrate/REGISTRATE.REGISTER]: Registered create:birch_window to registry ResourceKey[minecraft:root / minecraft:block]
[10Jan2026 17:51:05.607] [main/DEBUG] [com.tterrag.registrate.AbstractRegistrate/REGISTRATE.REGISTER]: Registered create:jungle_window to registry ResourceKey[minecraft:root / minecraft:block]
[10Jan2026 17:51:05.607] [main/DEBUG] [com.tterrag.registrate.AbstractRegistrate/REGISTRATE.REGISTER]: Registered create:acacia_window to registry ResourceKey[minecraft:root / minecraft:block]
[10Jan2026 17:51:05.607] [main/DEBUG] [com.tterrag.registrate.AbstractRegistrate/REGISTRATE.REGISTER]: Registered create:dark_oak_window to registry ResourceKey[minecraft:root / minecraft:block]
[10Jan2026 17:51:05.607] [main/DEBUG] [com.tterrag.registrate.AbstractRegistrate/REGISTRATE.REGISTER]: Registered create:mangrove_window to registry ResourceKey[minecraft:root / minecraft:block]
[10Jan2026 17:51:05.607] [main/DEBUG] [com.tterrag.registrate.AbstractRegistrate/REGISTRATE.REGISTER]: Registered create:crimson_window to registry ResourceKey[minecraft:root / minecraft:block]
[10Jan2026 17:51:05.607] [main/DEBUG] [com.tterrag.registrate.AbstractRegistrate/REGISTRATE.REGISTER]: Registered create:warped_window to registry ResourceKey[minecraft:root / minecraft:block]
[10Jan2026 17:51:05.607] [main/DEBUG] [com.tterrag.registrate.AbstractRegistrate/REGISTRATE.REGISTER]: Registered create:cherry_window to registry ResourceKey[minecraft:root / minecraft:block]
[10Jan2026 17:51:05.607] [main/DEBUG] [com.tterrag.registrate.AbstractRegistrate/REGISTRATE.REGISTER]: Registered create:bamboo_window to registry ResourceKey[minecraft:root / minecraft:block]
[10Jan2026 17:51:05.607] [main/DEBUG] [com.tterrag.registrate.AbstractRegistrate/REGISTRATE.REGISTER]: Registered create:ornate_iron_window to registry ResourceKey[minecraft:root / minecraft:block]
[10Jan2026 17:51:05.607] [main/DEBUG] [com.tterrag.registrate.AbstractRegistrate/REGISTRATE.REGISTER]: Registered create:industrial_iron_window to registry ResourceKey[minecraft:root / minecraft:block]
[10Jan2026 17:51:05.607] [main/DEBUG] [com.tterrag.registrate.AbstractRegistrate/REGISTRATE.REGISTER]: Registered create:weathered_iron_window to registry ResourceKey[minecraft:root / minecraft:block]
[10Jan2026 17:51:05.608] [main/DEBUG] [com.tterrag.registrate.AbstractRegistrate/REGISTRATE.REGISTER]: Registered create:oak_window_pane to registry ResourceKey[minecraft:root / minecraft:block]
[10Jan2026 17:51:05.608] [main/DEBUG] [com.tterrag.registrate.AbstractRegistrate/REGISTRATE.REGISTER]: Registered create:spruce_window_pane to registry ResourceKey[minecraft:root / minecraft:block]
[10Jan2026 17:51:05.608] [main/DEBUG] [com.tterrag.registrate.AbstractRegistrate/REGISTRATE.REGISTER]: Registered create:birch_window_pane to registry ResourceKey[minecraft:root / minecraft:block]
[10Jan2026 17:51:05.608] [main/DEBUG] [com.tterrag.registrate.AbstractRegistrate/REGISTRATE.REGISTER]: Registered create:jungle_window_pane to registry ResourceKey[minecraft:root / minecraft:block]
[10Jan2026 17:51:05.608] [main/DEBUG] [com.tterrag.registrate.AbstractRegistrate/REGISTRATE.REGISTER]: Registered create:acacia_window_pane to registry ResourceKey[minecraft:root / minecraft:block]
[10Jan2026 17:51:05.609] [main/DEBUG] [com.tterrag.registrate.AbstractRegistrate/REGISTRATE.REGISTER]: Registered create:dark_oak_window_pane to registry ResourceKey[minecraft:root / minecraft:block]
[10Jan2026 17:51:05.609] [main/DEBUG] [com.tterrag.registrate.AbstractRegistrate/REGISTRATE.REGISTER]: Registered create:mangrove_window_pane to registry ResourceKey[minecraft:root / minecraft:block]
[10Jan2026 17:51:05.609] [main/DEBUG] [com.tterrag.registrate.AbstractRegistrate/REGISTRATE.REGISTER]: Registered create:crimson_window_pane to registry ResourceKey[minecraft:root / minecraft:block]
[10Jan2026 17:51:05.609] [main/DEBUG] [com.tterrag.registrate.AbstractRegistrate/REGISTRATE.REGISTER]: Registered create:warped_window_pane to registry ResourceKey[minecraft:root / minecraft:block]
[10Jan2026 17:51:05.609] [main/DEBUG] [com.tterrag.registrate.AbstractRegistrate/REGISTRATE.REGISTER]: Registered create:cherry_window_pane to registry ResourceKey[minecraft:root / minecraft:block]
[10Jan2026 17:51:05.610] [main/DEBUG] [com.tterrag.registrate.AbstractRegistrate/REGISTRATE.REGISTER]: Registered create:bamboo_window_pane to registry ResourceKey[minecraft:root / minecraft:block]
[10Jan2026 17:51:05.610] [main/DEBUG] [com.tterrag.registrate.AbstractRegistrate/REGISTRATE.REGISTER]: Registered create:ornate_iron_window_pane to registry ResourceKey[minecraft:root / minecraft:block]
[10Jan2026 17:51:05.610] [main/DEBUG] [com.tterrag.registrate.AbstractRegistrate/REGISTRATE.REGISTER]: Registered create:industrial_iron_window_pane to registry ResourceKey[minecraft:root / minecraft:block]
[10Jan2026 17:51:05.610] [main/DEBUG] [com.tterrag.registrate.AbstractRegistrate/REGISTRATE.REGISTER]: Registered create:weathered_iron_window_pane to registry ResourceKey[minecraft:root / minecraft:block]
[10Jan2026 17:51:05.610] [main/DEBUG] [com.tterrag.registrate.AbstractRegistrate/REGISTRATE.REGISTER]: Registered create:cut_granite to registry ResourceKey[minecraft:root / minecraft:block]
[10Jan2026 17:51:05.611] [main/DEBUG] [com.tterrag.registrate.AbstractRegistrate/REGISTRATE.REGISTER]: Registered create:cut_granite_stairs to registry ResourceKey[minecraft:root / minecraft:block]
[10Jan2026 17:51:05.611] [main/DEBUG] [com.tterrag.registrate.AbstractRegistrate/REGISTRATE.REGISTER]: Registered create:cut_granite_slab to registry ResourceKey[minecraft:root / minecraft:block]
[10Jan2026 17:51:05.614] [main/DEBUG] [com.tterrag.registrate.AbstractRegistrate/REGISTRATE.REGISTER]: Registered create:cut_granite_wall to registry ResourceKey[minecraft:root / minecraft:block]
[10Jan2026 17:51:05.614] [main/DEBUG] [com.tterrag.registrate.AbstractRegistrate/REGISTRATE.REGISTER]: Registered create:polished_cut_granite to registry ResourceKey[minecraft:root / minecraft:block]
[10Jan2026 17:51:05.615] [main/DEBUG] [com.tterrag.registrate.AbstractRegistrate/REGISTRATE.REGISTER]: Registered create:polished_cut_granite_stairs to registry ResourceKey[minecraft:root / minecraft:block]
[10Jan2026 17:51:05.615] [main/DEBUG] [com.tterrag.registrate.AbstractRegistrate/REGISTRATE.REGISTER]: Registered create:polished_cut_granite_slab to registry ResourceKey[minecraft:root / minecraft:block]
[10Jan2026 17:51:05.619] [main/DEBUG] [com.tterrag.registrate.AbstractRegistrate/REGISTRATE.REGISTER]: Registered create:polished_cut_granite_wall to registry ResourceKey[minecraft:root / minecraft:block]
[10Jan2026 17:51:05.619] [main/DEBUG] [com.tterrag.registrate.AbstractRegistrate/REGISTRATE.REGISTER]: Registered create:cut_granite_bricks to registry ResourceKey[minecraft:root / minecraft:block]
[10Jan2026 17:51:05.620] [main/DEBUG] [com.tterrag.registrate.AbstractRegistrate/REGISTRATE.REGISTER]: Registered create:cut_granite_brick_stairs to registry ResourceKey[minecraft:root / minecraft:block]
[10Jan2026 17:51:05.620] [main/DEBUG] [com.tterrag.registrate.AbstractRegistrate/REGISTRATE.REGISTER]: Registered create:cut_granite_brick_slab to registry ResourceKey[minecraft:root / minecraft:block]
[10Jan2026 17:51:05.623] [main/DEBUG] [com.tterrag.registrate.AbstractRegistrate/REGISTRATE.REGISTER]: Registered create:cut_granite_brick_wall to registry ResourceKey[minecraft:root / minecraft:block]
[10Jan2026 17:51:05.623] [main/DEBUG] [com.tterrag.registrate.AbstractRegistrate/REGISTRATE.REGISTER]: Registered create:small_granite_bricks to registry ResourceKey[minecraft:root / minecraft:block]
[10Jan2026 17:51:05.623] [main/DEBUG] [com.tterrag.registrate.AbstractRegistrate/REGISTRATE.REGISTER]: Registered create:small_granite_brick_stairs to registry ResourceKey[minecraft:root / minecraft:block]
[10Jan2026 17:51:05.623] [main/DEBUG] [com.tterrag.registrate.AbstractRegistrate/REGISTRATE.REGISTER]: Registered create:small_granite_brick_slab to registry ResourceKey[minecraft:root / minecraft:block]
[10Jan2026 17:51:05.626] [main/DEBUG] [com.tterrag.registrate.AbstractRegistrate/REGISTRATE.REGISTER]: Registered create:small_granite_brick_wall to registry ResourceKey[minecraft:root / minecraft:block]
[10Jan2026 17:51:05.627] [main/DEBUG] [com.tterrag.registrate.AbstractRegistrate/REGISTRATE.REGISTER]: Registered create:layered_granite to registry ResourceKey[minecraft:root / minecraft:block]
[10Jan2026 17:51:05.629] [main/DEBUG] [com.tterrag.registrate.AbstractRegistrate/REGISTRATE.REGISTER]: Registered create:granite_pillar to registry ResourceKey[minecraft:root / minecraft:block]
[10Jan2026 17:51:05.629] [main/DEBUG] [com.tterrag.registrate.AbstractRegistrate/REGISTRATE.REGISTER]: Registered create:cut_diorite to registry ResourceKey[minecraft:root / minecraft:block]
[10Jan2026 17:51:05.629] [main/DEBUG] [com.tterrag.registrate.AbstractRegistrate/REGISTRATE.REGISTER]: Registered create:cut_diorite_stairs to registry ResourceKey[minecraft:root / minecraft:block]
[10Jan2026 17:51:05.629] [main/DEBUG] [com.tterrag.registrate.AbstractRegistrate/REGISTRATE.REGISTER]: Registered create:cut_diorite_slab to registry ResourceKey[minecraft:root / minecraft:block]
[10Jan2026 17:51:05.632] [main/DEBUG] [com.tterrag.registrate.AbstractRegistrate/REGISTRATE.REGISTER]: Registered create:cut_diorite_wall to registry ResourceKey[minecraft:root / minecraft:block]
[10Jan2026 17:51:05.632] [main/DEBUG] [com.tterrag.registrate.AbstractRegistrate/REGISTRATE.REGISTER]: Registered create:polished_cut_diorite to registry ResourceKey[minecraft:root / minecraft:block]
[10Jan2026 17:51:05.632] [main/DEBUG] [com.tterrag.registrate.AbstractRegistrate/REGISTRATE.REGISTER]: Registered create:polished_cut_diorite_stairs to registry ResourceKey[minecraft:root / minecraft:block]
[10Jan2026 17:51:05.632] [main/DEBUG] [com.tterrag.registrate.AbstractRegistrate/REGISTRATE.REGISTER]: Registered create:polished_cut_diorite_slab to registry ResourceKey[minecraft:root / minecraft:block]
[10Jan2026 17:51:05.636] [main/DEBUG] [com.tterrag.registrate.AbstractRegistrate/REGISTRATE.REGISTER]: Registered create:polished_cut_diorite_wall to registry ResourceKey[minecraft:root / minecraft:block]
[10Jan2026 17:51:05.636] [main/DEBUG] [com.tterrag.registrate.AbstractRegistrate/REGISTRATE.REGISTER]: Registered create:cut_diorite_bricks to registry ResourceKey[minecraft:root / minecraft:block]
[10Jan2026 17:51:05.636] [main/DEBUG] [com.tterrag.registrate.AbstractRegistrate/REGISTRATE.REGISTER]: Registered create:cut_diorite_brick_stairs to registry ResourceKey[minecraft:root / minecraft:block]
[10Jan2026 17:51:05.636] [main/DEBUG] [com.tterrag.registrate.AbstractRegistrate/REGISTRATE.REGISTER]: Registered create:cut_diorite_brick_slab to registry ResourceKey[minecraft:root / minecraft:block]
[10Jan2026 17:51:05.639] [main/DEBUG] [com.tterrag.registrate.AbstractRegistrate/REGISTRATE.REGISTER]: Registered create:cut_diorite_brick_wall to registry ResourceKey[minecraft:root / minecraft:block]
[10Jan2026 17:51:05.639] [main/DEBUG] [com.tterrag.registrate.AbstractRegistrate/REGISTRATE.REGISTER]: Registered create:small_diorite_bricks to registry ResourceKey[minecraft:root / minecraft:block]
[10Jan2026 17:51:05.639] [main/DEBUG] [com.tterrag.registrate.AbstractRegistrate/REGISTRATE.REGISTER]: Registered create:small_diorite_brick_stairs to registry ResourceKey[minecraft:root / minecraft:block]
[10Jan2026 17:51:05.639] [main/DEBUG] [com.tterrag.registrate.AbstractRegistrate/REGISTRATE.REGISTER]: Registered create:small_diorite_brick_slab to registry ResourceKey[minecraft:root / minecraft:block]
[10Jan2026 17:51:05.642] [main/DEBUG] [com.tterrag.registrate.AbstractRegistrate/REGISTRATE.REGISTER]: Registered create:small_diorite_brick_wall to registry ResourceKey[minecraft:root / minecraft:block]
[10Jan2026 17:51:05.642] [main/DEBUG] [com.tterrag.registrate.AbstractRegistrate/REGISTRATE.REGISTER]: Registered create:layered_diorite to registry ResourceKey[minecraft:root / minecraft:block]
[10Jan2026 17:51:05.642] [main/DEBUG] [com.tterrag.registrate.AbstractRegistrate/REGISTRATE.REGISTER]: Registered create:diorite_pillar to registry ResourceKey[minecraft:root / minecraft:block]
[10Jan2026 17:51:05.643] [main/DEBUG] [com.tterrag.registrate.AbstractRegistrate/REGISTRATE.REGISTER]: Registered create:cut_andesite to registry ResourceKey[minecraft:root / minecraft:block]
[10Jan2026 17:51:05.643] [main/DEBUG] [com.tterrag.registrate.AbstractRegistrate/REGISTRATE.REGISTER]: Registered create:cut_andesite_stairs to registry ResourceKey[minecraft:root / minecraft:block]
[10Jan2026 17:51:05.643] [main/DEBUG] [com.tterrag.registrate.AbstractRegistrate/REGISTRATE.REGISTER]: Registered create:cut_andesite_slab to registry ResourceKey[minecraft:root / minecraft:block]
[10Jan2026 17:51:05.645] [main/DEBUG] [com.tterrag.registrate.AbstractRegistrate/REGISTRATE.REGISTER]: Registered create:cut_andesite_wall to registry ResourceKey[minecraft:root / minecraft:block]
[10Jan2026 17:51:05.646] [main/DEBUG] [com.tterrag.registrate.AbstractRegistrate/REGISTRATE.REGISTER]: Registered create:polished_cut_andesite to registry ResourceKey[minecraft:root / minecraft:block]
[10Jan2026 17:51:05.646] [main/DEBUG] [com.tterrag.registrate.AbstractRegistrate/REGISTRATE.REGISTER]: Registered create:polished_cut_andesite_stairs to registry ResourceKey[minecraft:root / minecraft:block]
[10Jan2026 17:51:05.646] [main/DEBUG] [com.tterrag.registrate.AbstractRegistrate/REGISTRATE.REGISTER]: Registered create:polished_cut_andesite_slab to registry ResourceKey[minecraft:root / minecraft:block]
[10Jan2026 17:51:05.649] [main/DEBUG] [com.tterrag.registrate.AbstractRegistrate/REGISTRATE.REGISTER]: Registered create:polished_cut_andesite_wall to registry ResourceKey[minecraft:root / minecraft:block]
[10Jan2026 17:51:05.649] [main/DEBUG] [com.tterrag.registrate.AbstractRegistrate/REGISTRATE.REGISTER]: Registered create:cut_andesite_bricks to registry ResourceKey[minecraft:root / minecraft:block]
[10Jan2026 17:51:05.649] [main/DEBUG] [com.tterrag.registrate.AbstractRegistrate/REGISTRATE.REGISTER]: Registered create:cut_andesite_brick_stairs to registry ResourceKey[minecraft:root / minecraft:block]
[10Jan2026 17:51:05.649] [main/DEBUG] [com.tterrag.registrate.AbstractRegistrate/REGISTRATE.REGISTER]: Registered create:cut_andesite_brick_slab to registry ResourceKey[minecraft:root / minecraft:block]
[10Jan2026 17:51:05.652] [main/DEBUG] [com.tterrag.registrate.AbstractRegistrate/REGISTRATE.REGISTER]: Registered create:cut_andesite_brick_wall to registry ResourceKey[minecraft:root / minecraft:block]
[10Jan2026 17:51:05.652] [main/DEBUG] [com.tterrag.registrate.AbstractRegistrate/REGISTRATE.REGISTER]: Registered create:small_andesite_bricks to registry ResourceKey[minecraft:root / minecraft:block]
[10Jan2026 17:51:05.652] [main/DEBUG] [com.tterrag.registrate.AbstractRegistrate/REGISTRATE.REGISTER]: Registered create:small_andesite_brick_stairs to registry ResourceKey[minecraft:root / minecraft:block]
[10Jan2026 17:51:05.652] [main/DEBUG] [com.tterrag.registrate.AbstractRegistrate/REGISTRATE.REGISTER]: Registered create:small_andesite_brick_slab to registry ResourceKey[minecraft:root / minecraft:block]
[10Jan2026 17:51:05.655] [main/DEBUG] [com.tterrag.registrate.AbstractRegistrate/REGISTRATE.REGISTER]: Registered create:small_andesite_brick_wall to registry ResourceKey[minecraft:root / minecraft:block]
[10Jan2026 17:51:05.655] [main/DEBUG] [com.tterrag.registrate.AbstractRegistrate/REGISTRATE.REGISTER]: Registered create:layered_andesite to registry ResourceKey[minecraft:root / minecraft:block]
[10Jan2026 17:51:05.655] [main/DEBUG] [com.tterrag.registrate.AbstractRegistrate/REGISTRATE.REGISTER]: Registered create:andesite_pillar to registry ResourceKey[minecraft:root / minecraft:block]
[10Jan2026 17:51:05.655] [main/DEBUG] [com.tterrag.registrate.AbstractRegistrate/REGISTRATE.REGISTER]: Registered create:cut_calcite to registry ResourceKey[minecraft:root / minecraft:block]
[10Jan2026 17:51:05.655] [main/DEBUG] [com.tterrag.registrate.AbstractRegistrate/REGISTRATE.REGISTER]: Registered create:cut_calcite_stairs to registry ResourceKey[minecraft:root / minecraft:block]
[10Jan2026 17:51:05.655] [main/DEBUG] [com.tterrag.registrate.AbstractRegistrate/REGISTRATE.REGISTER]: Registered create:cut_calcite_slab to registry ResourceKey[minecraft:root / minecraft:block]
[10Jan2026 17:51:05.663] [main/DEBUG] [com.tterrag.registrate.AbstractRegistrate/REGISTRATE.REGISTER]: Registered create:cut_calcite_wall to registry ResourceKey[minecraft:root / minecraft:block]
[10Jan2026 17:51:05.663] [main/DEBUG] [com.tterrag.registrate.AbstractRegistrate/REGISTRATE.REGISTER]: Registered create:polished_cut_calcite to registry ResourceKey[minecraft:root / minecraft:block]
[10Jan2026 17:51:05.664] [main/DEBUG] [com.tterrag.registrate.AbstractRegistrate/REGISTRATE.REGISTER]: Registered create:polished_cut_calcite_stairs to registry ResourceKey[minecraft:root / minecraft:block]
[10Jan2026 17:51:05.664] [main/DEBUG] [com.tterrag.registrate.AbstractRegistrate/REGISTRATE.REGISTER]: Registered create:polished_cut_calcite_slab to registry ResourceKey[minecraft:root / minecraft:block]
[10Jan2026 17:51:05.667] [main/DEBUG] [com.tterrag.registrate.AbstractRegistrate/REGISTRATE.REGISTER]: Registered create:polished_cut_calcite_wall to registry ResourceKey[minecraft:root / minecraft:block]
[10Jan2026 17:51:05.667] [main/DEBUG] [com.tterrag.registrate.AbstractRegistrate/REGISTRATE.REGISTER]: Registered create:cut_calcite_bricks to registry ResourceKey[minecraft:root / minecraft:block]
[10Jan2026 17:51:05.667] [main/DEBUG] [com.tterrag.registrate.AbstractRegistrate/REGISTRATE.REGISTER]: Registered create:cut_calcite_brick_stairs to registry ResourceKey[minecraft:root / minecraft:block]
[10Jan2026 17:51:05.667] [main/DEBUG] [com.tterrag.registrate.AbstractRegistrate/REGISTRATE.REGISTER]: Registered create:cut_calcite_brick_slab to registry ResourceKey[minecraft:root / minecraft:block]
[10Jan2026 17:51:05.670] [main/DEBUG] [com.tterrag.registrate.AbstractRegistrate/REGISTRATE.REGISTER]: Registered create:cut_calcite_brick_wall to registry ResourceKey[minecraft:root / minecraft:block]
[10Jan2026 17:51:05.670] [main/DEBUG] [com.tterrag.registrate.AbstractRegistrate/REGISTRATE.REGISTER]: Registered create:small_calcite_bricks to registry ResourceKey[minecraft:root / minecraft:block]
[10Jan2026 17:51:05.670] [main/DEBUG] [com.tterrag.registrate.AbstractRegistrate/REGISTRATE.REGISTER]: Registered create:small_calcite_brick_stairs to registry ResourceKey[minecraft:root / minecraft:block]
[10Jan2026 17:51:05.670] [main/DEBUG] [com.tterrag.registrate.AbstractRegistrate/REGISTRATE.REGISTER]: Registered create:small_calcite_brick_slab to registry ResourceKey[minecraft:root / minecraft:block]
[10Jan2026 17:51:05.673] [main/DEBUG] [com.tterrag.registrate.AbstractRegistrate/REGISTRATE.REGISTER]: Registered create:small_calcite_brick_wall to registry ResourceKey[minecraft:root / minecraft:block]
[10Jan2026 17:51:05.673] [main/DEBUG] [com.tterrag.registrate.AbstractRegistrate/REGISTRATE.REGISTER]: Registered create:layered_calcite to registry ResourceKey[minecraft:root / minecraft:block]
[10Jan2026 17:51:05.673] [main/DEBUG] [com.tterrag.registrate.AbstractRegistrate/REGISTRATE.REGISTER]: Registered create:calcite_pillar to registry ResourceKey[minecraft:root / minecraft:block]
[10Jan2026 17:51:05.673] [main/DEBUG] [com.tterrag.registrate.AbstractRegistrate/REGISTRATE.REGISTER]: Registered create:cut_dripstone to registry ResourceKey[minecraft:root / minecraft:block]
[10Jan2026 17:51:05.673] [main/DEBUG] [com.tterrag.registrate.AbstractRegistrate/REGISTRATE.REGISTER]: Registered create:cut_dripstone_stairs to registry ResourceKey[minecraft:root / minecraft:block]
[10Jan2026 17:51:05.674] [main/DEBUG] [com.tterrag.registrate.AbstractRegistrate/REGISTRATE.REGISTER]: Registered create:cut_dripstone_slab to registry ResourceKey[minecraft:root / minecraft:block]
[10Jan2026 17:51:05.677] [main/DEBUG] [com.tterrag.registrate.AbstractRegistrate/REGISTRATE.REGISTER]: Registered create:cut_dripstone_wall to registry ResourceKey[minecraft:root / minecraft:block]
[10Jan2026 17:51:05.677] [main/DEBUG] [com.tterrag.registrate.AbstractRegistrate/REGISTRATE.REGISTER]: Registered create:polished_cut_dripstone to registry ResourceKey[minecraft:root / minecraft:block]
[10Jan2026 17:51:05.677] [main/DEBUG] [com.tterrag.registrate.AbstractRegistrate/REGISTRATE.REGISTER]: Registered create:polished_cut_dripstone_stairs to registry ResourceKey[minecraft:root / minecraft:block]
[10Jan2026 17:51:05.677] [main/DEBUG] [com.tterrag.registrate.AbstractRegistrate/REGISTRATE.REGISTER]: Registered create:polished_cut_dripstone_slab to registry ResourceKey[minecraft:root / minecraft:block]
[10Jan2026 17:51:05.680] [main/DEBUG] [com.tterrag.registrate.AbstractRegistrate/REGISTRATE.REGISTER]: Registered create:polished_cut_dripstone_wall to registry ResourceKey[minecraft:root / minecraft:block]
[10Jan2026 17:51:05.680] [main/DEBUG] [com.tterrag.registrate.AbstractRegistrate/REGISTRATE.REGISTER]: Registered create:cut_dripstone_bricks to registry ResourceKey[minecraft:root / minecraft:block]
[10Jan2026 17:51:05.680] [main/DEBUG] [com.tterrag.registrate.AbstractRegistrate/REGISTRATE.REGISTER]: Registered create:cut_dripstone_brick_stairs to registry ResourceKey[minecraft:root / minecraft:block]
[10Jan2026 17:51:05.680] [main/DEBUG] [com.tterrag.registrate.AbstractRegistrate/REGISTRATE.REGISTER]: Registered create:cut_dripstone_brick_slab to registry ResourceKey[minecraft:root / minecraft:block]
[10Jan2026 17:51:05.683] [main/DEBUG] [com.tterrag.registrate.AbstractRegistrate/REGISTRATE.REGISTER]: Registered create:cut_dripstone_brick_wall to registry ResourceKey[minecraft:root / minecraft:block]
[10Jan2026 17:51:05.683] [main/DEBUG] [com.tterrag.registrate.AbstractRegistrate/REGISTRATE.REGISTER]: Registered create:small_dripstone_bricks to registry ResourceKey[minecraft:root / minecraft:block]
[10Jan2026 17:51:05.683] [main/DEBUG] [com.tterrag.registrate.AbstractRegistrate/REGISTRATE.REGISTER]: Registered create:small_dripstone_brick_stairs to registry ResourceKey[minecraft:root / minecraft:block]
[10Jan2026 17:51:05.683] [main/DEBUG] [com.tterrag.registrate.AbstractRegistrate/REGISTRATE.REGISTER]: Registered create:small_dripstone_brick_slab to registry ResourceKey[minecraft:root / minecraft:block]
[10Jan2026 17:51:05.687] [main/DEBUG] [com.tterrag.registrate.AbstractRegistrate/REGISTRATE.REGISTER]: Registered create:small_dripstone_brick_wall to registry ResourceKey[minecraft:root / minecraft:block]
[10Jan2026 17:51:05.687] [main/DEBUG] [com.tterrag.registrate.AbstractRegistrate/REGISTRATE.REGISTER]: Registered create:layered_dripstone to registry ResourceKey[minecraft:root / minecraft:block]
[10Jan2026 17:51:05.687] [main/DEBUG] [com.tterrag.registrate.AbstractRegistrate/REGISTRATE.REGISTER]: Registered create:dripstone_pillar to registry ResourceKey[minecraft:root / minecraft:block]
[10Jan2026 17:51:05.687] [main/DEBUG] [com.tterrag.registrate.AbstractRegistrate/REGISTRATE.REGISTER]: Registered create:cut_deepslate to registry ResourceKey[minecraft:root / minecraft:block]
[10Jan2026 17:51:05.687] [main/DEBUG] [com.tterrag.registrate.AbstractRegistrate/REGISTRATE.REGISTER]: Registered create:cut_deepslate_stairs to registry ResourceKey[minecraft:root / minecraft:block]
[10Jan2026 17:51:05.687] [main/DEBUG] [com.tterrag.registrate.AbstractRegistrate/REGISTRATE.REGISTER]: Registered create:cut_deepslate_slab to registry ResourceKey[minecraft:root / minecraft:block]
[10Jan2026 17:51:05.690] [main/DEBUG] [com.tterrag.registrate.AbstractRegistrate/REGISTRATE.REGISTER]: Registered create:cut_deepslate_wall to registry ResourceKey[minecraft:root / minecraft:block]
[10Jan2026 17:51:05.690] [main/DEBUG] [com.tterrag.registrate.AbstractRegistrate/REGISTRATE.REGISTER]: Registered create:polished_cut_deepslate to registry ResourceKey[minecraft:root / minecraft:block]
[10Jan2026 17:51:05.690] [main/DEBUG] [com.tterrag.registrate.AbstractRegistrate/REGISTRATE.REGISTER]: Registered create:polished_cut_deepslate_stairs to registry ResourceKey[minecraft:root / minecraft:block]
[10Jan2026 17:51:05.690] [main/DEBUG] [com.tterrag.registrate.AbstractRegistrate/REGISTRATE.REGISTER]: Registered create:polished_cut_deepslate_slab to registry ResourceKey[minecraft:root / minecraft:block]
[10Jan2026 17:51:05.693] [main/DEBUG] [com.tterrag.registrate.AbstractRegistrate/REGISTRATE.REGISTER]: Registered create:polished_cut_deepslate_wall to registry ResourceKey[minecraft:root / minecraft:block]
[10Jan2026 17:51:05.693] [main/DEBUG] [com.tterrag.registrate.AbstractRegistrate/REGISTRATE.REGISTER]: Registered create:cut_deepslate_bricks to registry ResourceKey[minecraft:root / minecraft:block]
[10Jan2026 17:51:05.693] [main/DEBUG] [com.tterrag.registrate.AbstractRegistrate/REGISTRATE.REGISTER]: Registered create:cut_deepslate_brick_stairs to registry ResourceKey[minecraft:root / minecraft:block]
[10Jan2026 17:51:05.693] [main/DEBUG] [com.tterrag.registrate.AbstractRegistrate/REGISTRATE.REGISTER]: Registered create:cut_deepslate_brick_slab to registry ResourceKey[minecraft:root / minecraft:block]
[10Jan2026 17:51:05.696] [main/DEBUG] [com.tterrag.registrate.AbstractRegistrate/REGISTRATE.REGISTER]: Registered create:cut_deepslate_brick_wall to registry ResourceKey[minecraft:root / minecraft:block]
[10Jan2026 17:51:05.696] [main/DEBUG] [com.tterrag.registrate.AbstractRegistrate/REGISTRATE.REGISTER]: Registered create:small_deepslate_bricks to registry ResourceKey[minecraft:root / minecraft:block]
[10Jan2026 17:51:05.696] [main/DEBUG] [com.tterrag.registrate.AbstractRegistrate/REGISTRATE.REGISTER]: Registered create:small_deepslate_brick_stairs to registry ResourceKey[minecraft:root / minecraft:block]
[10Jan2026 17:51:05.697] [main/DEBUG] [com.tterrag.registrate.AbstractRegistrate/REGISTRATE.REGISTER]: Registered create:small_deepslate_brick_slab to registry ResourceKey[minecraft:root / minecraft:block]
[10Jan2026 17:51:05.699] [main/DEBUG] [com.tterrag.registrate.AbstractRegistrate/REGISTRATE.REGISTER]: Registered create:small_deepslate_brick_wall to registry ResourceKey[minecraft:root / minecraft:block]
[10Jan2026 17:51:05.699] [main/DEBUG] [com.tterrag.registrate.AbstractRegistrate/REGISTRATE.REGISTER]: Registered create:layered_deepslate to registry ResourceKey[minecraft:root / minecraft:block]
[10Jan2026 17:51:05.699] [main/DEBUG] [com.tterrag.registrate.AbstractRegistrate/REGISTRATE.REGISTER]: Registered create:deepslate_pillar to registry ResourceKey[minecraft:root / minecraft:block]
[10Jan2026 17:51:05.699] [main/DEBUG] [com.tterrag.registrate.AbstractRegistrate/REGISTRATE.REGISTER]: Registered create:cut_tuff to registry ResourceKey[minecraft:root / minecraft:block]
[10Jan2026 17:51:05.700] [main/DEBUG] [com.tterrag.registrate.AbstractRegistrate/REGISTRATE.REGISTER]: Registered create:cut_tuff_stairs to registry ResourceKey[minecraft:root / minecraft:block]
[10Jan2026 17:51:05.700] [main/DEBUG] [com.tterrag.registrate.AbstractRegistrate/REGISTRATE.REGISTER]: Registered create:cut_tuff_slab to registry ResourceKey[minecraft:root / minecraft:block]
[10Jan2026 17:51:05.702] [main/DEBUG] [com.tterrag.registrate.AbstractRegistrate/REGISTRATE.REGISTER]: Registered create:cut_tuff_wall to registry ResourceKey[minecraft:root / minecraft:block]
[10Jan2026 17:51:05.703] [main/DEBUG] [com.tterrag.registrate.AbstractRegistrate/REGISTRATE.REGISTER]: Registered create:polished_cut_tuff to registry ResourceKey[minecraft:root / minecraft:block]
[10Jan2026 17:51:05.703] [main/DEBUG] [com.tterrag.registrate.AbstractRegistrate/REGISTRATE.REGISTER]: Registered create:polished_cut_tuff_stairs to registry ResourceKey[minecraft:root / minecraft:block]
[10Jan2026 17:51:05.703] [main/DEBUG] [com.tterrag.registrate.AbstractRegistrate/REGISTRATE.REGISTER]: Registered create:polished_cut_tuff_slab to registry ResourceKey[minecraft:root / minecraft:block]
[10Jan2026 17:51:05.706] [main/DEBUG] [com.tterrag.registrate.AbstractRegistrate/REGISTRATE.REGISTER]: Registered create:polished_cut_tuff_wall to registry ResourceKey[minecraft:root / minecraft:block]
[10Jan2026 17:51:05.706] [main/DEBUG] [com.tterrag.registrate.AbstractRegistrate/REGISTRATE.REGISTER]: Registered create:cut_tuff_bricks to registry ResourceKey[minecraft:root / minecraft:block]
[10Jan2026 17:51:05.706] [main/DEBUG] [com.tterrag.registrate.AbstractRegistrate/REGISTRATE.REGISTER]: Registered create:cut_tuff_brick_stairs to registry ResourceKey[minecraft:root / minecraft:block]
[10Jan2026 17:51:05.706] [main/DEBUG] [com.tterrag.registrate.AbstractRegistrate/REGISTRATE.REGISTER]: Registered create:cut_tuff_brick_slab to registry ResourceKey[minecraft:root / minecraft:block]
[10Jan2026 17:51:05.710] [main/DEBUG] [com.tterrag.registrate.AbstractRegistrate/REGISTRATE.REGISTER]: Registered create:cut_tuff_brick_wall to registry ResourceKey[minecraft:root / minecraft:block]
[10Jan2026 17:51:05.710] [main/DEBUG] [com.tterrag.registrate.AbstractRegistrate/REGISTRATE.REGISTER]: Registered create:small_tuff_bricks to registry ResourceKey[minecraft:root / minecraft:block]
[10Jan2026 17:51:05.711] [main/DEBUG] [com.tterrag.registrate.AbstractRegistrate/REGISTRATE.REGISTER]: Registered create:small_tuff_brick_stairs to registry ResourceKey[minecraft:root / minecraft:block]
[10Jan2026 17:51:05.711] [main/DEBUG] [com.tterrag.registrate.AbstractRegistrate/REGISTRATE.REGISTER]: Registered create:small_tuff_brick_slab to registry ResourceKey[minecraft:root / minecraft:block]
[10Jan2026 17:51:05.716] [main/DEBUG] [com.tterrag.registrate.AbstractRegistrate/REGISTRATE.REGISTER]: Registered create:small_tuff_brick_wall to registry ResourceKey[minecraft:root / minecraft:block]
[10Jan2026 17:51:05.716] [main/DEBUG] [com.tterrag.registrate.AbstractRegistrate/REGISTRATE.REGISTER]: Registered create:layered_tuff to registry ResourceKey[minecraft:root / minecraft:block]
[10Jan2026 17:51:05.716] [main/DEBUG] [com.tterrag.registrate.AbstractRegistrate/REGISTRATE.REGISTER]: Registered create:tuff_pillar to registry ResourceKey[minecraft:root / minecraft:block]
[10Jan2026 17:51:05.716] [main/DEBUG] [com.tterrag.registrate.AbstractRegistrate/REGISTRATE.REGISTER]: Registered create:asurine to registry ResourceKey[minecraft:root / minecraft:block]
[10Jan2026 17:51:05.716] [main/DEBUG] [com.tterrag.registrate.AbstractRegistrate/REGISTRATE.REGISTER]: Registered create:cut_asurine to registry ResourceKey[minecraft:root / minecraft:block]
[10Jan2026 17:51:05.717] [main/DEBUG] [com.tterrag.registrate.AbstractRegistrate/REGISTRATE.REGISTER]: Registered create:cut_asurine_stairs to registry ResourceKey[minecraft:root / minecraft:block]
[10Jan2026 17:51:05.717] [main/DEBUG] [com.tterrag.registrate.AbstractRegistrate/REGISTRATE.REGISTER]: Registered create:cut_asurine_slab to registry ResourceKey[minecraft:root / minecraft:block]
[10Jan2026 17:51:05.720] [main/DEBUG] [com.tterrag.registrate.AbstractRegistrate/REGISTRATE.REGISTER]: Registered create:cut_asurine_wall to registry ResourceKey[minecraft:root / minecraft:block]
[10Jan2026 17:51:05.720] [main/DEBUG] [com.tterrag.registrate.AbstractRegistrate/REGISTRATE.REGISTER]: Registered create:polished_cut_asurine to registry ResourceKey[minecraft:root / minecraft:block]
[10Jan2026 17:51:05.720] [main/DEBUG] [com.tterrag.registrate.AbstractRegistrate/REGISTRATE.REGISTER]: Registered create:polished_cut_asurine_stairs to registry ResourceKey[minecraft:root / minecraft:block]
[10Jan2026 17:51:05.720] [main/DEBUG] [com.tterrag.registrate.AbstractRegistrate/REGISTRATE.REGISTER]: Registered create:polished_cut_asurine_slab to registry ResourceKey[minecraft:root / minecraft:block]
[10Jan2026 17:51:05.723] [main/DEBUG] [com.tterrag.registrate.AbstractRegistrate/REGISTRATE.REGISTER]: Registered create:polished_cut_asurine_wall to registry ResourceKey[minecraft:root / minecraft:block]
[10Jan2026 17:51:05.723] [main/DEBUG] [com.tterrag.registrate.AbstractRegistrate/REGISTRATE.REGISTER]: Registered create:cut_asurine_bricks to registry ResourceKey[minecraft:root / minecraft:block]
[10Jan2026 17:51:05.723] [main/DEBUG] [com.tterrag.registrate.AbstractRegistrate/REGISTRATE.REGISTER]: Registered create:cut_asurine_brick_stairs to registry ResourceKey[minecraft:root / minecraft:block]
[10Jan2026 17:51:05.723] [main/DEBUG] [com.tterrag.registrate.AbstractRegistrate/REGISTRATE.REGISTER]: Registered create:cut_asurine_brick_slab to registry ResourceKey[minecraft:root / minecraft:block]
[10Jan2026 17:51:05.726] [main/DEBUG] [com.tterrag.registrate.AbstractRegistrate/REGISTRATE.REGISTER]: Registered create:cut_asurine_brick_wall to registry ResourceKey[minecraft:root / minecraft:block]
[10Jan2026 17:51:05.726] [main/DEBUG] [com.tterrag.registrate.AbstractRegistrate/REGISTRATE.REGISTER]: Registered create:small_asurine_bricks to registry ResourceKey[minecraft:root / minecraft:block]
[10Jan2026 17:51:05.726] [main/DEBUG] [com.tterrag.registrate.AbstractRegistrate/REGISTRATE.REGISTER]: Registered create:small_asurine_brick_stairs to registry ResourceKey[minecraft:root / minecraft:block]
[10Jan2026 17:51:05.726] [main/DEBUG] [com.tterrag.registrate.AbstractRegistrate/REGISTRATE.REGISTER]: Registered create:small_asurine_brick_slab to registry ResourceKey[minecraft:root / minecraft:block]
[10Jan2026 17:51:05.729] [main/DEBUG] [com.tterrag.registrate.AbstractRegistrate/REGISTRATE.REGISTER]: Registered create:small_asurine_brick_wall to registry ResourceKey[minecraft:root / minecraft:block]
[10Jan2026 17:51:05.729] [main/DEBUG] [com.tterrag.registrate.AbstractRegistrate/REGISTRATE.REGISTER]: Registered create:layered_asurine to registry ResourceKey[minecraft:root / minecraft:block]
[10Jan2026 17:51:05.730] [main/DEBUG] [com.tterrag.registrate.AbstractRegistrate/REGISTRATE.REGISTER]: Registered create:asurine_pillar to registry ResourceKey[minecraft:root / minecraft:block]
[10Jan2026 17:51:05.730] [main/DEBUG] [com.tterrag.registrate.AbstractRegistrate/REGISTRATE.REGISTER]: Registered create:crimsite to registry ResourceKey[minecraft:root / minecraft:block]
[10Jan2026 17:51:05.730] [main/DEBUG] [com.tterrag.registrate.AbstractRegistrate/REGISTRATE.REGISTER]: Registered create:cut_crimsite to registry ResourceKey[minecraft:root / minecraft:block]
[10Jan2026 17:51:05.730] [main/DEBUG] [com.tterrag.registrate.AbstractRegistrate/REGISTRATE.REGISTER]: Registered create:cut_crimsite_stairs to registry ResourceKey[minecraft:root / minecraft:block]
[10Jan2026 17:51:05.730] [main/DEBUG] [com.tterrag.registrate.AbstractRegistrate/REGISTRATE.REGISTER]: Registered create:cut_crimsite_slab to registry ResourceKey[minecraft:root / minecraft:block]
[10Jan2026 17:51:05.733] [main/DEBUG] [com.tterrag.registrate.AbstractRegistrate/REGISTRATE.REGISTER]: Registered create:cut_crimsite_wall to registry ResourceKey[minecraft:root / minecraft:block]
[10Jan2026 17:51:05.734] [main/DEBUG] [com.tterrag.registrate.AbstractRegistrate/REGISTRATE.REGISTER]: Registered create:polished_cut_crimsite to registry ResourceKey[minecraft:root / minecraft:block]
[10Jan2026 17:51:05.734] [main/DEBUG] [com.tterrag.registrate.AbstractRegistrate/REGISTRATE.REGISTER]: Registered create:polished_cut_crimsite_stairs to registry ResourceKey[minecraft:root / minecraft:block]
[10Jan2026 17:51:05.734] [main/DEBUG] [com.tterrag.registrate.AbstractRegistrate/REGISTRATE.REGISTER]: Registered create:polished_cut_crimsite_slab to registry ResourceKey[minecraft:root / minecraft:block]
[10Jan2026 17:51:05.737] [main/DEBUG] [com.tterrag.registrate.AbstractRegistrate/REGISTRATE.REGISTER]: Registered create:polished_cut_crimsite_wall to registry ResourceKey[minecraft:root / minecraft:block]
[10Jan2026 17:51:05.737] [main/DEBUG] [com.tterrag.registrate.AbstractRegistrate/REGISTRATE.REGISTER]: Registered create:cut_crimsite_bricks to registry ResourceKey[minecraft:root / minecraft:block]
[10Jan2026 17:51:05.737] [main/DEBUG] [com.tterrag.registrate.AbstractRegistrate/REGISTRATE.REGISTER]: Registered create:cut_crimsite_brick_stairs to registry ResourceKey[minecraft:root / minecraft:block]
[10Jan2026 17:51:05.737] [main/DEBUG] [com.tterrag.registrate.AbstractRegistrate/REGISTRATE.REGISTER]: Registered create:cut_crimsite_brick_slab to registry ResourceKey[minecraft:root / minecraft:block]
[10Jan2026 17:51:05.740] [main/DEBUG] [com.tterrag.registrate.AbstractRegistrate/REGISTRATE.REGISTER]: Registered create:cut_crimsite_brick_wall to registry ResourceKey[minecraft:root / minecraft:block]
[10Jan2026 17:51:05.740] [main/DEBUG] [com.tterrag.registrate.AbstractRegistrate/REGISTRATE.REGISTER]: Registered create:small_crimsite_bricks to registry ResourceKey[minecraft:root / minecraft:block]
[10Jan2026 17:51:05.740] [main/DEBUG] [com.tterrag.registrate.AbstractRegistrate/REGISTRATE.REGISTER]: Registered create:small_crimsite_brick_stairs to registry ResourceKey[minecraft:root / minecraft:block]
[10Jan2026 17:51:05.740] [main/DEBUG] [com.tterrag.registrate.AbstractRegistrate/REGISTRATE.REGISTER]: Registered create:small_crimsite_brick_slab to registry ResourceKey[minecraft:root / minecraft:block]
[10Jan2026 17:51:05.743] [main/DEBUG] [com.tterrag.registrate.AbstractRegistrate/REGISTRATE.REGISTER]: Registered create:small_crimsite_brick_wall to registry ResourceKey[minecraft:root / minecraft:block]
[10Jan2026 17:51:05.743] [main/DEBUG] [com.tterrag.registrate.AbstractRegistrate/REGISTRATE.REGISTER]: Registered create:layered_crimsite to registry ResourceKey[minecraft:root / minecraft:block]
[10Jan2026 17:51:05.743] [main/DEBUG] [com.tterrag.registrate.AbstractRegistrate/REGISTRATE.REGISTER]: Registered create:crimsite_pillar to registry ResourceKey[minecraft:root / minecraft:block]
[10Jan2026 17:51:05.743] [main/DEBUG] [com.tterrag.registrate.AbstractRegistrate/REGISTRATE.REGISTER]: Registered create:limestone to registry ResourceKey[minecraft:root / minecraft:block]
[10Jan2026 17:51:05.743] [main/DEBUG] [com.tterrag.registrate.AbstractRegistrate/REGISTRATE.REGISTER]: Registered create:cut_limestone to registry ResourceKey[minecraft:root / minecraft:block]
[10Jan2026 17:51:05.744] [main/DEBUG] [com.tterrag.registrate.AbstractRegistrate/REGISTRATE.REGISTER]: Registered create:cut_limestone_stairs to registry ResourceKey[minecraft:root / minecraft:block]
[10Jan2026 17:51:05.744] [main/DEBUG] [com.tterrag.registrate.AbstractRegistrate/REGISTRATE.REGISTER]: Registered create:cut_limestone_slab to registry ResourceKey[minecraft:root / minecraft:block]
[10Jan2026 17:51:05.746] [main/DEBUG] [com.tterrag.registrate.AbstractRegistrate/REGISTRATE.REGISTER]: Registered create:cut_limestone_wall to registry ResourceKey[minecraft:root / minecraft:block]
[10Jan2026 17:51:05.746] [main/DEBUG] [com.tterrag.registrate.AbstractRegistrate/REGISTRATE.REGISTER]: Registered create:polished_cut_limestone to registry ResourceKey[minecraft:root / minecraft:block]
[10Jan2026 17:51:05.746] [main/DEBUG] [com.tterrag.registrate.AbstractRegistrate/REGISTRATE.REGISTER]: Registered create:polished_cut_limestone_stairs to registry ResourceKey[minecraft:root / minecraft:block]
[10Jan2026 17:51:05.746] [main/DEBUG] [com.tterrag.registrate.AbstractRegistrate/REGISTRATE.REGISTER]: Registered create:polished_cut_limestone_slab to registry ResourceKey[minecraft:root / minecraft:block]
[10Jan2026 17:51:05.749] [main/DEBUG] [com.tterrag.registrate.AbstractRegistrate/REGISTRATE.REGISTER]: Registered create:polished_cut_limestone_wall to registry ResourceKey[minecraft:root / minecraft:block]
[10Jan2026 17:51:05.749] [main/DEBUG] [com.tterrag.registrate.AbstractRegistrate/REGISTRATE.REGISTER]: Registered create:cut_limestone_bricks to registry ResourceKey[minecraft:root / minecraft:block]
[10Jan2026 17:51:05.749] [main/DEBUG] [com.tterrag.registrate.AbstractRegistrate/REGISTRATE.REGISTER]: Registered create:cut_limestone_brick_stairs to registry ResourceKey[minecraft:root / minecraft:block]
[10Jan2026 17:51:05.749] [main/DEBUG] [com.tterrag.registrate.AbstractRegistrate/REGISTRATE.REGISTER]: Registered create:cut_limestone_brick_slab to registry ResourceKey[minecraft:root / minecraft:block]
[10Jan2026 17:51:05.752] [main/DEBUG] [com.tterrag.registrate.AbstractRegistrate/REGISTRATE.REGISTER]: Registered create:cut_limestone_brick_wall to registry ResourceKey[minecraft:root / minecraft:block]
[10Jan2026 17:51:05.752] [main/DEBUG] [com.tterrag.registrate.AbstractRegistrate/REGISTRATE.REGISTER]: Registered create:small_limestone_bricks to registry ResourceKey[minecraft:root / minecraft:block]
[10Jan2026 17:51:05.752] [main/DEBUG] [com.tterrag.registrate.AbstractRegistrate/REGISTRATE.REGISTER]: Registered create:small_limestone_brick_stairs to registry ResourceKey[minecraft:root / minecraft:block]
[10Jan2026 17:51:05.752] [main/DEBUG] [com.tterrag.registrate.AbstractRegistrate/REGISTRATE.REGISTER]: Registered create:small_limestone_brick_slab to registry ResourceKey[minecraft:root / minecraft:block]
[10Jan2026 17:51:05.755] [main/DEBUG] [com.tterrag.registrate.AbstractRegistrate/REGISTRATE.REGISTER]: Registered create:small_limestone_brick_wall to registry ResourceKey[minecraft:root / minecraft:block]
[10Jan2026 17:51:05.755] [main/DEBUG] [com.tterrag.registrate.AbstractRegistrate/REGISTRATE.REGISTER]: Registered create:layered_limestone to registry ResourceKey[minecraft:root / minecraft:block]
[10Jan2026 17:51:05.755] [main/DEBUG] [com.tterrag.registrate.AbstractRegistrate/REGISTRATE.REGISTER]: Registered create:limestone_pillar to registry ResourceKey[minecraft:root / minecraft:block]
[10Jan2026 17:51:05.755] [main/DEBUG] [com.tterrag.registrate.AbstractRegistrate/REGISTRATE.REGISTER]: Registered create:ochrum to registry ResourceKey[minecraft:root / minecraft:block]
[10Jan2026 17:51:05.756] [main/DEBUG] [com.tterrag.registrate.AbstractRegistrate/REGISTRATE.REGISTER]: Registered create:cut_ochrum to registry ResourceKey[minecraft:root / minecraft:block]
[10Jan2026 17:51:05.756] [main/DEBUG] [com.tterrag.registrate.AbstractRegistrate/REGISTRATE.REGISTER]: Registered create:cut_ochrum_stairs to registry ResourceKey[minecraft:root / minecraft:block]
[10Jan2026 17:51:05.756] [main/DEBUG] [com.tterrag.registrate.AbstractRegistrate/REGISTRATE.REGISTER]: Registered create:cut_ochrum_slab to registry ResourceKey[minecraft:root / minecraft:block]
[10Jan2026 17:51:05.758] [main/DEBUG] [com.tterrag.registrate.AbstractRegistrate/REGISTRATE.REGISTER]: Registered create:cut_ochrum_wall to registry ResourceKey[minecraft:root / minecraft:block]
[10Jan2026 17:51:05.758] [main/DEBUG] [com.tterrag.registrate.AbstractRegistrate/REGISTRATE.REGISTER]: Registered create:polished_cut_ochrum to registry ResourceKey[minecraft:root / minecraft:block]
[10Jan2026 17:51:05.759] [main/DEBUG] [com.tterrag.registrate.AbstractRegistrate/REGISTRATE.REGISTER]: Registered create:polished_cut_ochrum_stairs to registry ResourceKey[minecraft:root / minecraft:block]
[10Jan2026 17:51:05.759] [main/DEBUG] [com.tterrag.registrate.AbstractRegistrate/REGISTRATE.REGISTER]: Registered create:polished_cut_ochrum_slab to registry ResourceKey[minecraft:root / minecraft:block]
[10Jan2026 17:51:05.761] [main/DEBUG] [com.tterrag.registrate.AbstractRegistrate/REGISTRATE.REGISTER]: Registered create:polished_cut_ochrum_wall to registry ResourceKey[minecraft:root / minecraft:block]
[10Jan2026 17:51:05.762] [main/DEBUG] [com.tterrag.registrate.AbstractRegistrate/REGISTRATE.REGISTER]: Registered create:cut_ochrum_bricks to registry ResourceKey[minecraft:root / minecraft:block]
[10Jan2026 17:51:05.762] [main/DEBUG] [com.tterrag.registrate.AbstractRegistrate/REGISTRATE.REGISTER]: Registered create:cut_ochrum_brick_stairs to registry ResourceKey[minecraft:root / minecraft:block]
[10Jan2026 17:51:05.762] [main/DEBUG] [com.tterrag.registrate.AbstractRegistrate/REGISTRATE.REGISTER]: Registered create:cut_ochrum_brick_slab to registry ResourceKey[minecraft:root / minecraft:block]
[10Jan2026 17:51:05.765] [main/DEBUG] [com.tterrag.registrate.AbstractRegistrate/REGISTRATE.REGISTER]: Registered create:cut_ochrum_brick_wall to registry ResourceKey[minecraft:root / minecraft:block]
[10Jan2026 17:51:05.765] [main/DEBUG] [com.tterrag.registrate.AbstractRegistrate/REGISTRATE.REGISTER]: Registered create:small_ochrum_bricks to registry ResourceKey[minecraft:root / minecraft:block]
[10Jan2026 17:51:05.765] [main/DEBUG] [com.tterrag.registrate.AbstractRegistrate/REGISTRATE.REGISTER]: Registered create:small_ochrum_brick_stairs to registry ResourceKey[minecraft:root / minecraft:block]
[10Jan2026 17:51:05.765] [main/DEBUG] [com.tterrag.registrate.AbstractRegistrate/REGISTRATE.REGISTER]: Registered create:small_ochrum_brick_slab to registry ResourceKey[minecraft:root / minecraft:block]
[10Jan2026 17:51:05.768] [main/DEBUG] [com.tterrag.registrate.AbstractRegistrate/REGISTRATE.REGISTER]: Registered create:small_ochrum_brick_wall to registry ResourceKey[minecraft:root / minecraft:block]
[10Jan2026 17:51:05.768] [main/DEBUG] [com.tterrag.registrate.AbstractRegistrate/REGISTRATE.REGISTER]: Registered create:layered_ochrum to registry ResourceKey[minecraft:root / minecraft:block]
[10Jan2026 17:51:05.768] [main/DEBUG] [com.tterrag.registrate.AbstractRegistrate/REGISTRATE.REGISTER]: Registered create:ochrum_pillar to registry ResourceKey[minecraft:root / minecraft:block]
[10Jan2026 17:51:05.768] [main/DEBUG] [com.tterrag.registrate.AbstractRegistrate/REGISTRATE.REGISTER]: Registered create:scoria to registry ResourceKey[minecraft:root / minecraft:block]
[10Jan2026 17:51:05.768] [main/DEBUG] [com.tterrag.registrate.AbstractRegistrate/REGISTRATE.REGISTER]: Registered create:cut_scoria to registry ResourceKey[minecraft:root / minecraft:block]
[10Jan2026 17:51:05.769] [main/DEBUG] [com.tterrag.registrate.AbstractRegistrate/REGISTRATE.REGISTER]: Registered create:cut_scoria_stairs to registry ResourceKey[minecraft:root / minecraft:block]
[10Jan2026 17:51:05.769] [main/DEBUG] [com.tterrag.registrate.AbstractRegistrate/REGISTRATE.REGISTER]: Registered create:cut_scoria_slab to registry ResourceKey[minecraft:root / minecraft:block]
[10Jan2026 17:51:05.771] [main/DEBUG] [com.tterrag.registrate.AbstractRegistrate/REGISTRATE.REGISTER]: Registered create:cut_scoria_wall to registry ResourceKey[minecraft:root / minecraft:block]
[10Jan2026 17:51:05.771] [main/DEBUG] [com.tterrag.registrate.AbstractRegistrate/REGISTRATE.REGISTER]: Registered create:polished_cut_scoria to registry ResourceKey[minecraft:root / minecraft:block]
[10Jan2026 17:51:05.771] [main/DEBUG] [com.tterrag.registrate.AbstractRegistrate/REGISTRATE.REGISTER]: Registered create:polished_cut_scoria_stairs to registry ResourceKey[minecraft:root / minecraft:block]
[10Jan2026 17:51:05.771] [main/DEBUG] [com.tterrag.registrate.AbstractRegistrate/REGISTRATE.REGISTER]: Registered create:polished_cut_scoria_slab to registry ResourceKey[minecraft:root / minecraft:block]
[10Jan2026 17:51:05.775] [main/DEBUG] [com.tterrag.registrate.AbstractRegistrate/REGISTRATE.REGISTER]: Registered create:polished_cut_scoria_wall to registry ResourceKey[minecraft:root / minecraft:block]
[10Jan2026 17:51:05.775] [main/DEBUG] [com.tterrag.registrate.AbstractRegistrate/REGISTRATE.REGISTER]: Registered create:cut_scoria_bricks to registry ResourceKey[minecraft:root / minecraft:block]
[10Jan2026 17:51:05.775] [main/DEBUG] [com.tterrag.registrate.AbstractRegistrate/REGISTRATE.REGISTER]: Registered create:cut_scoria_brick_stairs to registry ResourceKey[minecraft:root / minecraft:block]
[10Jan2026 17:51:05.775] [main/DEBUG] [com.tterrag.registrate.AbstractRegistrate/REGISTRATE.REGISTER]: Registered create:cut_scoria_brick_slab to registry ResourceKey[minecraft:root / minecraft:block]
[10Jan2026 17:51:05.778] [main/DEBUG] [com.tterrag.registrate.AbstractRegistrate/REGISTRATE.REGISTER]: Registered create:cut_scoria_brick_wall to registry ResourceKey[minecraft:root / minecraft:block]
[10Jan2026 17:51:05.778] [main/DEBUG] [com.tterrag.registrate.AbstractRegistrate/REGISTRATE.REGISTER]: Registered create:small_scoria_bricks to registry ResourceKey[minecraft:root / minecraft:block]
[10Jan2026 17:51:05.779] [main/DEBUG] [com.tterrag.registrate.AbstractRegistrate/REGISTRATE.REGISTER]: Registered create:small_scoria_brick_stairs to registry ResourceKey[minecraft:root / minecraft:block]
[10Jan2026 17:51:05.779] [main/DEBUG] [com.tterrag.registrate.AbstractRegistrate/REGISTRATE.REGISTER]: Registered create:small_scoria_brick_slab to registry ResourceKey[minecraft:root / minecraft:block]
[10Jan2026 17:51:05.781] [main/DEBUG] [com.tterrag.registrate.AbstractRegistrate/REGISTRATE.REGISTER]: Registered create:small_scoria_brick_wall to registry ResourceKey[minecraft:root / minecraft:block]
[10Jan2026 17:51:05.781] [main/DEBUG] [com.tterrag.registrate.AbstractRegistrate/REGISTRATE.REGISTER]: Registered create:layered_scoria to registry ResourceKey[minecraft:root / minecraft:block]
[10Jan2026 17:51:05.782] [main/DEBUG] [com.tterrag.registrate.AbstractRegistrate/REGISTRATE.REGISTER]: Registered create:scoria_pillar to registry ResourceKey[minecraft:root / minecraft:block]
[10Jan2026 17:51:05.782] [main/DEBUG] [com.tterrag.registrate.AbstractRegistrate/REGISTRATE.REGISTER]: Registered create:scorchia to registry ResourceKey[minecraft:root / minecraft:block]
[10Jan2026 17:51:05.782] [main/DEBUG] [com.tterrag.registrate.AbstractRegistrate/REGISTRATE.REGISTER]: Registered create:cut_scorchia to registry ResourceKey[minecraft:root / minecraft:block]
[10Jan2026 17:51:05.782] [main/DEBUG] [com.tterrag.registrate.AbstractRegistrate/REGISTRATE.REGISTER]: Registered create:cut_scorchia_stairs to registry ResourceKey[minecraft:root / minecraft:block]
[10Jan2026 17:51:05.782] [main/DEBUG] [com.tterrag.registrate.AbstractRegistrate/REGISTRATE.REGISTER]: Registered create:cut_scorchia_slab to registry ResourceKey[minecraft:root / minecraft:block]
[10Jan2026 17:51:05.785] [main/DEBUG] [com.tterrag.registrate.AbstractRegistrate/REGISTRATE.REGISTER]: Registered create:cut_scorchia_wall to registry ResourceKey[minecraft:root / minecraft:block]
[10Jan2026 17:51:05.785] [main/DEBUG] [com.tterrag.registrate.AbstractRegistrate/REGISTRATE.REGISTER]: Registered create:polished_cut_scorchia to registry ResourceKey[minecraft:root / minecraft:block]
[10Jan2026 17:51:05.785] [main/DEBUG] [com.tterrag.registrate.AbstractRegistrate/REGISTRATE.REGISTER]: Registered create:polished_cut_scorchia_stairs to registry ResourceKey[minecraft:root / minecraft:block]
[10Jan2026 17:51:05.785] [main/DEBUG] [com.tterrag.registrate.AbstractRegistrate/REGISTRATE.REGISTER]: Registered create:polished_cut_scorchia_slab to registry ResourceKey[minecraft:root / minecraft:block]
[10Jan2026 17:51:05.789] [main/DEBUG] [com.tterrag.registrate.AbstractRegistrate/REGISTRATE.REGISTER]: Registered create:polished_cut_scorchia_wall to registry ResourceKey[minecraft:root / minecraft:block]
[10Jan2026 17:51:05.789] [main/DEBUG] [com.tterrag.registrate.AbstractRegistrate/REGISTRATE.REGISTER]: Registered create:cut_scorchia_bricks to registry ResourceKey[minecraft:root / minecraft:block]
[10Jan2026 17:51:05.789] [main/DEBUG] [com.tterrag.registrate.AbstractRegistrate/REGISTRATE.REGISTER]: Registered create:cut_scorchia_brick_stairs to registry ResourceKey[minecraft:root / minecraft:block]
[10Jan2026 17:51:05.789] [main/DEBUG] [com.tterrag.registrate.AbstractRegistrate/REGISTRATE.REGISTER]: Registered create:cut_scorchia_brick_slab to registry ResourceKey[minecraft:root / minecraft:block]
[10Jan2026 17:51:05.792] [main/DEBUG] [com.tterrag.registrate.AbstractRegistrate/REGISTRATE.REGISTER]: Registered create:cut_scorchia_brick_wall to registry ResourceKey[minecraft:root / minecraft:block]
[10Jan2026 17:51:05.792] [main/DEBUG] [com.tterrag.registrate.AbstractRegistrate/REGISTRATE.REGISTER]: Registered create:small_scorchia_bricks to registry ResourceKey[minecraft:root / minecraft:block]
[10Jan2026 17:51:05.792] [main/DEBUG] [com.tterrag.registrate.AbstractRegistrate/REGISTRATE.REGISTER]: Registered create:small_scorchia_brick_stairs to registry ResourceKey[minecraft:root / minecraft:block]
[10Jan2026 17:51:05.792] [main/DEBUG] [com.tterrag.registrate.AbstractRegistrate/REGISTRATE.REGISTER]: Registered create:small_scorchia_brick_slab to registry ResourceKey[minecraft:root / minecraft:block]
[10Jan2026 17:51:05.795] [main/DEBUG] [com.tterrag.registrate.AbstractRegistrate/REGISTRATE.REGISTER]: Registered create:small_scorchia_brick_wall to registry ResourceKey[minecraft:root / minecraft:block]
[10Jan2026 17:51:05.795] [main/DEBUG] [com.tterrag.registrate.AbstractRegistrate/REGISTRATE.REGISTER]: Registered create:layered_scorchia to registry ResourceKey[minecraft:root / minecraft:block]
[10Jan2026 17:51:05.795] [main/DEBUG] [com.tterrag.registrate.AbstractRegistrate/REGISTRATE.REGISTER]: Registered create:scorchia_pillar to registry ResourceKey[minecraft:root / minecraft:block]
[10Jan2026 17:51:05.795] [main/DEBUG] [com.tterrag.registrate.AbstractRegistrate/REGISTRATE.REGISTER]: Registered create:veridium to registry ResourceKey[minecraft:root / minecraft:block]
[10Jan2026 17:51:05.795] [main/DEBUG] [com.tterrag.registrate.AbstractRegistrate/REGISTRATE.REGISTER]: Registered create:cut_veridium to registry ResourceKey[minecraft:root / minecraft:block]
[10Jan2026 17:51:05.796] [main/DEBUG] [com.tterrag.registrate.AbstractRegistrate/REGISTRATE.REGISTER]: Registered create:cut_veridium_stairs to registry ResourceKey[minecraft:root / minecraft:block]
[10Jan2026 17:51:05.796] [main/DEBUG] [com.tterrag.registrate.AbstractRegistrate/REGISTRATE.REGISTER]: Registered create:cut_veridium_slab to registry ResourceKey[minecraft:root / minecraft:block]
[10Jan2026 17:51:05.806] [main/DEBUG] [com.tterrag.registrate.AbstractRegistrate/REGISTRATE.REGISTER]: Registered create:cut_veridium_wall to registry ResourceKey[minecraft:root / minecraft:block]
[10Jan2026 17:51:05.806] [main/DEBUG] [com.tterrag.registrate.AbstractRegistrate/REGISTRATE.REGISTER]: Registered create:polished_cut_veridium to registry ResourceKey[minecraft:root / minecraft:block]
[10Jan2026 17:51:05.807] [main/DEBUG] [com.tterrag.registrate.AbstractRegistrate/REGISTRATE.REGISTER]: Registered create:polished_cut_veridium_stairs to registry ResourceKey[minecraft:root / minecraft:block]
[10Jan2026 17:51:05.807] [main/DEBUG] [com.tterrag.registrate.AbstractRegistrate/REGISTRATE.REGISTER]: Registered create:polished_cut_veridium_slab to registry ResourceKey[minecraft:root / minecraft:block]
[10Jan2026 17:51:05.809] [main/DEBUG] [com.tterrag.registrate.AbstractRegistrate/REGISTRATE.REGISTER]: Registered create:polished_cut_veridium_wall to registry ResourceKey[minecraft:root / minecraft:block]
[10Jan2026 17:51:05.809] [main/DEBUG] [com.tterrag.registrate.AbstractRegistrate/REGISTRATE.REGISTER]: Registered create:cut_veridium_bricks to registry ResourceKey[minecraft:root / minecraft:block]
[10Jan2026 17:51:05.810] [main/DEBUG] [com.tterrag.registrate.AbstractRegistrate/REGISTRATE.REGISTER]: Registered create:cut_veridium_brick_stairs to registry ResourceKey[minecraft:root / minecraft:block]
[10Jan2026 17:51:05.810] [main/DEBUG] [com.tterrag.registrate.AbstractRegistrate/REGISTRATE.REGISTER]: Registered create:cut_veridium_brick_slab to registry ResourceKey[minecraft:root / minecraft:block]
[10Jan2026 17:51:05.812] [main/DEBUG] [com.tterrag.registrate.AbstractRegistrate/REGISTRATE.REGISTER]: Registered create:cut_veridium_brick_wall to registry ResourceKey[minecraft:root / minecraft:block]
[10Jan2026 17:51:05.812] [main/DEBUG] [com.tterrag.registrate.AbstractRegistrate/REGISTRATE.REGISTER]: Registered create:small_veridium_bricks to registry ResourceKey[minecraft:root / minecraft:block]
[10Jan2026 17:51:05.813] [main/DEBUG] [com.tterrag.registrate.AbstractRegistrate/REGISTRATE.REGISTER]: Registered create:small_veridium_brick_stairs to registry ResourceKey[minecraft:root / minecraft:block]
[10Jan2026 17:51:05.813] [main/DEBUG] [com.tterrag.registrate.AbstractRegistrate/REGISTRATE.REGISTER]: Registered create:small_veridium_brick_slab to registry ResourceKey[minecraft:root / minecraft:block]
[10Jan2026 17:51:05.815] [main/DEBUG] [com.tterrag.registrate.AbstractRegistrate/REGISTRATE.REGISTER]: Registered create:small_veridium_brick_wall to registry ResourceKey[minecraft:root / minecraft:block]
[10Jan2026 17:51:05.815] [main/DEBUG] [com.tterrag.registrate.AbstractRegistrate/REGISTRATE.REGISTER]: Registered create:layered_veridium to registry ResourceKey[minecraft:root / minecraft:block]
[10Jan2026 17:51:05.816] [main/DEBUG] [com.tterrag.registrate.AbstractRegistrate/REGISTRATE.REGISTER]: Registered create:veridium_pillar to registry ResourceKey[minecraft:root / minecraft:block]
[10Jan2026 17:51:05.816] [main/DEBUG] [net.minecraftforge.registries.GameData/REGISTRIES]: Applying holder lookups: minecraft:block
[10Jan2026 17:51:05.817] [main/DEBUG] [net.minecraftforge.registries.GameData/REGISTRIES]: Holder lookups applied: minecraft:block
[10Jan2026 17:51:05.818] [main/DEBUG] [net.minecraftforge.registries.GameData/REGISTRIES]: Applying holder lookups: minecraft:attribute
[10Jan2026 17:51:05.818] [main/DEBUG] [net.minecraftforge.registries.GameData/REGISTRIES]: Holder lookups applied: minecraft:attribute
[10Jan2026 17:51:05.819] [main/DEBUG] [net.minecraftforge.registries.GameData/REGISTRIES]: Applying holder lookups: minecraft:mob_effect
[10Jan2026 17:51:05.819] [main/DEBUG] [net.minecraftforge.registries.GameData/REGISTRIES]: Holder lookups applied: minecraft:mob_effect
[10Jan2026 17:51:05.833] [main/DEBUG] [net.minecraftforge.registries.GameData/REGISTRIES]: Applying holder lookups: minecraft:particle_type
[10Jan2026 17:51:05.834] [main/DEBUG] [net.minecraftforge.registries.GameData/REGISTRIES]: Holder lookups applied: minecraft:particle_type
[10Jan2026 17:51:05.834] [main/DEBUG] [com.tterrag.registrate.AbstractRegistrate/REGISTRATE.REGISTER]: Registering 699 known objects of type minecraft:item
[10Jan2026 17:51:05.836] [main/DEBUG] [com.tterrag.registrate.AbstractRegistrate/REGISTRATE.REGISTER]: Registered create:schematicannon to registry ResourceKey[minecraft:root / minecraft:item]
[10Jan2026 17:51:05.836] [main/DEBUG] [com.tterrag.registrate.AbstractRegistrate/REGISTRATE.REGISTER]: Registered create:schematic_table to registry ResourceKey[minecraft:root / minecraft:item]
[10Jan2026 17:51:05.836] [main/DEBUG] [com.tterrag.registrate.AbstractRegistrate/REGISTRATE.REGISTER]: Registered create:shaft to registry ResourceKey[minecraft:root / minecraft:item]
[10Jan2026 17:51:05.838] [main/DEBUG] [com.tterrag.registrate.AbstractRegistrate/REGISTRATE.REGISTER]: Registered create:cogwheel to registry ResourceKey[minecraft:root / minecraft:item]
[10Jan2026 17:51:05.838] [main/DEBUG] [com.tterrag.registrate.AbstractRegistrate/REGISTRATE.REGISTER]: Registered create:large_cogwheel to registry ResourceKey[minecraft:root / minecraft:item]
[10Jan2026 17:51:05.839] [main/DEBUG] [com.tterrag.registrate.AbstractRegistrate/REGISTRATE.REGISTER]: Registered create:andesite_encased_shaft to registry ResourceKey[minecraft:root / minecraft:item]
[10Jan2026 17:51:05.839] [main/DEBUG] [com.tterrag.registrate.AbstractRegistrate/REGISTRATE.REGISTER]: Registered create:brass_encased_shaft to registry ResourceKey[minecraft:root / minecraft:item]
[10Jan2026 17:51:05.839] [main/DEBUG] [com.tterrag.registrate.AbstractRegistrate/REGISTRATE.REGISTER]: Registered create:andesite_encased_cogwheel to registry ResourceKey[minecraft:root / minecraft:item]
[10Jan2026 17:51:05.839] [main/DEBUG] [com.tterrag.registrate.AbstractRegistrate/REGISTRATE.REGISTER]: Registered create:brass_encased_cogwheel to registry ResourceKey[minecraft:root / minecraft:item]
[10Jan2026 17:51:05.839] [main/DEBUG] [com.tterrag.registrate.AbstractRegistrate/REGISTRATE.REGISTER]: Registered create:andesite_encased_large_cogwheel to registry ResourceKey[minecraft:root / minecraft:item]
[10Jan2026 17:51:05.839] [main/DEBUG] [com.tterrag.registrate.AbstractRegistrate/REGISTRATE.REGISTER]: Registered create:brass_encased_large_cogwheel to registry ResourceKey[minecraft:root / minecraft:item]
[10Jan2026 17:51:05.839] [main/DEBUG] [com.tterrag.registrate.AbstractRegistrate/REGISTRATE.REGISTER]: Registered create:gearbox to registry ResourceKey[minecraft:root / minecraft:item]
[10Jan2026 17:51:05.839] [main/DEBUG] [com.tterrag.registrate.AbstractRegistrate/REGISTRATE.REGISTER]: Registered create:clutch to registry ResourceKey[minecraft:root / minecraft:item]
[10Jan2026 17:51:05.839] [main/DEBUG] [com.tterrag.registrate.AbstractRegistrate/REGISTRATE.REGISTER]: Registered create:gearshift to registry ResourceKey[minecraft:root / minecraft:item]
[10Jan2026 17:51:05.839] [main/DEBUG] [com.tterrag.registrate.AbstractRegistrate/REGISTRATE.REGISTER]: Registered create:encased_chain_drive to registry ResourceKey[minecraft:root / minecraft:item]
[10Jan2026 17:51:05.839] [main/DEBUG] [com.tterrag.registrate.AbstractRegistrate/REGISTRATE.REGISTER]: Registered create:adjustable_chain_gearshift to registry ResourceKey[minecraft:root / minecraft:item]
[10Jan2026 17:51:05.839] [main/DEBUG] [com.tterrag.registrate.AbstractRegistrate/REGISTRATE.REGISTER]: Registered create:chain_conveyor to registry ResourceKey[minecraft:root / minecraft:item]
[10Jan2026 17:51:05.839] [main/DEBUG] [com.tterrag.registrate.AbstractRegistrate/REGISTRATE.REGISTER]: Registered create:creative_motor to registry ResourceKey[minecraft:root / minecraft:item]
[10Jan2026 17:51:05.839] [main/DEBUG] [com.tterrag.registrate.AbstractRegistrate/REGISTRATE.REGISTER]: Registered create:water_wheel to registry ResourceKey[minecraft:root / minecraft:item]
[10Jan2026 17:51:05.839] [main/DEBUG] [com.tterrag.registrate.AbstractRegistrate/REGISTRATE.REGISTER]: Registered create:large_water_wheel to registry ResourceKey[minecraft:root / minecraft:item]
[10Jan2026 17:51:05.839] [main/DEBUG] [com.tterrag.registrate.AbstractRegistrate/REGISTRATE.REGISTER]: Registered create:encased_fan to registry ResourceKey[minecraft:root / minecraft:item]
[10Jan2026 17:51:05.839] [main/DEBUG] [com.tterrag.registrate.AbstractRegistrate/REGISTRATE.REGISTER]: Registered create:nozzle to registry ResourceKey[minecraft:root / minecraft:item]
[10Jan2026 17:51:05.839] [main/DEBUG] [com.tterrag.registrate.AbstractRegistrate/REGISTRATE.REGISTER]: Registered create:turntable to registry ResourceKey[minecraft:root / minecraft:item]
[10Jan2026 17:51:05.839] [main/DEBUG] [com.tterrag.registrate.AbstractRegistrate/REGISTRATE.REGISTER]: Registered create:hand_crank to registry ResourceKey[minecraft:root / minecraft:item]
[10Jan2026 17:51:05.839] [main/DEBUG] [com.tterrag.registrate.AbstractRegistrate/REGISTRATE.REGISTER]: Registered create:cuckoo_clock to registry ResourceKey[minecraft:root / minecraft:item]
[10Jan2026 17:51:05.839] [main/DEBUG] [com.tterrag.registrate.AbstractRegistrate/REGISTRATE.REGISTER]: Registered create:mysterious_cuckoo_clock to registry ResourceKey[minecraft:root / minecraft:item]
[10Jan2026 17:51:05.839] [main/DEBUG] [com.tterrag.registrate.AbstractRegistrate/REGISTRATE.REGISTER]: Registered create:millstone to registry ResourceKey[minecraft:root / minecraft:item]
[10Jan2026 17:51:05.839] [main/DEBUG] [com.tterrag.registrate.AbstractRegistrate/REGISTRATE.REGISTER]: Registered create:crushing_wheel to registry ResourceKey[minecraft:root / minecraft:item]
[10Jan2026 17:51:05.839] [main/DEBUG] [com.tterrag.registrate.AbstractRegistrate/REGISTRATE.REGISTER]: Registered create:mechanical_press to registry ResourceKey[minecraft:root / minecraft:item]
[10Jan2026 17:51:05.839] [main/DEBUG] [com.tterrag.registrate.AbstractRegistrate/REGISTRATE.REGISTER]: Registered create:mechanical_mixer to registry ResourceKey[minecraft:root / minecraft:item]
[10Jan2026 17:51:05.839] [main/DEBUG] [com.tterrag.registrate.AbstractRegistrate/REGISTRATE.REGISTER]: Registered create:basin to registry ResourceKey[minecraft:root / minecraft:item]
[10Jan2026 17:51:05.839] [main/DEBUG] [com.tterrag.registrate.AbstractRegistrate/REGISTRATE.REGISTER]: Registered create:blaze_burner to registry ResourceKey[minecraft:root / minecraft:item]
[10Jan2026 17:51:05.839] [main/DEBUG] [com.tterrag.registrate.AbstractRegistrate/REGISTRATE.REGISTER]: Registered create:depot to registry ResourceKey[minecraft:root / minecraft:item]
[10Jan2026 17:51:05.839] [main/DEBUG] [com.tterrag.registrate.AbstractRegistrate/REGISTRATE.REGISTER]: Registered create:weighted_ejector to registry ResourceKey[minecraft:root / minecraft:item]
[10Jan2026 17:51:05.839] [main/DEBUG] [com.tterrag.registrate.AbstractRegistrate/REGISTRATE.REGISTER]: Registered create:chute to registry ResourceKey[minecraft:root / minecraft:item]
[10Jan2026 17:51:05.839] [main/DEBUG] [com.tterrag.registrate.AbstractRegistrate/REGISTRATE.REGISTER]: Registered create:smart_chute to registry ResourceKey[minecraft:root / minecraft:item]
[10Jan2026 17:51:05.839] [main/DEBUG] [com.tterrag.registrate.AbstractRegistrate/REGISTRATE.REGISTER]: Registered create:speedometer to registry ResourceKey[minecraft:root / minecraft:item]
[10Jan2026 17:51:05.839] [main/DEBUG] [com.tterrag.registrate.AbstractRegistrate/REGISTRATE.REGISTER]: Registered create:stressometer to registry ResourceKey[minecraft:root / minecraft:item]
[10Jan2026 17:51:05.839] [main/DEBUG] [com.tterrag.registrate.AbstractRegistrate/REGISTRATE.REGISTER]: Registered create:wooden_bracket to registry ResourceKey[minecraft:root / minecraft:item]
[10Jan2026 17:51:05.839] [main/DEBUG] [com.tterrag.registrate.AbstractRegistrate/REGISTRATE.REGISTER]: Registered create:metal_bracket to registry ResourceKey[minecraft:root / minecraft:item]
[10Jan2026 17:51:05.839] [main/DEBUG] [com.tterrag.registrate.AbstractRegistrate/REGISTRATE.REGISTER]: Registered create:fluid_pipe to registry ResourceKey[minecraft:root / minecraft:item]
[10Jan2026 17:51:05.839] [main/DEBUG] [com.tterrag.registrate.AbstractRegistrate/REGISTRATE.REGISTER]: Registered create:mechanical_pump to registry ResourceKey[minecraft:root / minecraft:item]
[10Jan2026 17:51:05.839] [main/DEBUG] [com.tterrag.registrate.AbstractRegistrate/REGISTRATE.REGISTER]: Registered create:smart_fluid_pipe to registry ResourceKey[minecraft:root / minecraft:item]
[10Jan2026 17:51:05.839] [main/DEBUG] [com.tterrag.registrate.AbstractRegistrate/REGISTRATE.REGISTER]: Registered create:fluid_valve to registry ResourceKey[minecraft:root / minecraft:item]
[10Jan2026 17:51:05.839] [main/DEBUG] [com.tterrag.registrate.AbstractRegistrate/REGISTRATE.REGISTER]: Registered create:copper_valve_handle to registry ResourceKey[minecraft:root / minecraft:item]
[10Jan2026 17:51:05.839] [main/DEBUG] [com.tterrag.registrate.AbstractRegistrate/REGISTRATE.REGISTER]: Registered create:white_valve_handle to registry ResourceKey[minecraft:root / minecraft:item]
[10Jan2026 17:51:05.839] [main/DEBUG] [com.tterrag.registrate.AbstractRegistrate/REGISTRATE.REGISTER]: Registered create:orange_valve_handle to registry ResourceKey[minecraft:root / minecraft:item]
[10Jan2026 17:51:05.840] [main/DEBUG] [com.tterrag.registrate.AbstractRegistrate/REGISTRATE.REGISTER]: Registered create:magenta_valve_handle to registry ResourceKey[minecraft:root / minecraft:item]
[10Jan2026 17:51:05.840] [main/DEBUG] [com.tterrag.registrate.AbstractRegistrate/REGISTRATE.REGISTER]: Registered create:light_blue_valve_handle to registry ResourceKey[minecraft:root / minecraft:item]
[10Jan2026 17:51:05.840] [main/DEBUG] [com.tterrag.registrate.AbstractRegistrate/REGISTRATE.REGISTER]: Registered create:yellow_valve_handle to registry ResourceKey[minecraft:root / minecraft:item]
[10Jan2026 17:51:05.840] [main/DEBUG] [com.tterrag.registrate.AbstractRegistrate/REGISTRATE.REGISTER]: Registered create:lime_valve_handle to registry ResourceKey[minecraft:root / minecraft:item]
[10Jan2026 17:51:05.840] [main/DEBUG] [com.tterrag.registrate.AbstractRegistrate/REGISTRATE.REGISTER]: Registered create:pink_valve_handle to registry ResourceKey[minecraft:root / minecraft:item]
[10Jan2026 17:51:05.840] [main/DEBUG] [com.tterrag.registrate.AbstractRegistrate/REGISTRATE.REGISTER]: Registered create:gray_valve_handle to registry ResourceKey[minecraft:root / minecraft:item]
[10Jan2026 17:51:05.840] [main/DEBUG] [com.tterrag.registrate.AbstractRegistrate/REGISTRATE.REGISTER]: Registered create:light_gray_valve_handle to registry ResourceKey[minecraft:root / minecraft:item]
[10Jan2026 17:51:05.840] [main/DEBUG] [com.tterrag.registrate.AbstractRegistrate/REGISTRATE.REGISTER]: Registered create:cyan_valve_handle to registry ResourceKey[minecraft:root / minecraft:item]
[10Jan2026 17:51:05.840] [main/DEBUG] [com.tterrag.registrate.AbstractRegistrate/REGISTRATE.REGISTER]: Registered create:purple_valve_handle to registry ResourceKey[minecraft:root / minecraft:item]
[10Jan2026 17:51:05.840] [main/DEBUG] [com.tterrag.registrate.AbstractRegistrate/REGISTRATE.REGISTER]: Registered create:blue_valve_handle to registry ResourceKey[minecraft:root / minecraft:item]
[10Jan2026 17:51:05.840] [main/DEBUG] [com.tterrag.registrate.AbstractRegistrate/REGISTRATE.REGISTER]: Registered create:brown_valve_handle to registry ResourceKey[minecraft:root / minecraft:item]
[10Jan2026 17:51:05.840] [main/DEBUG] [com.tterrag.registrate.AbstractRegistrate/REGISTRATE.REGISTER]: Registered create:green_valve_handle to registry ResourceKey[minecraft:root / minecraft:item]
[10Jan2026 17:51:05.840] [main/DEBUG] [com.tterrag.registrate.AbstractRegistrate/REGISTRATE.REGISTER]: Registered create:red_valve_handle to registry ResourceKey[minecraft:root / minecraft:item]
[10Jan2026 17:51:05.840] [main/DEBUG] [com.tterrag.registrate.AbstractRegistrate/REGISTRATE.REGISTER]: Registered create:black_valve_handle to registry ResourceKey[minecraft:root / minecraft:item]
[10Jan2026 17:51:05.840] [main/DEBUG] [com.tterrag.registrate.AbstractRegistrate/REGISTRATE.REGISTER]: Registered create:fluid_tank to registry ResourceKey[minecraft:root / minecraft:item]
[10Jan2026 17:51:05.840] [main/DEBUG] [com.tterrag.registrate.AbstractRegistrate/REGISTRATE.REGISTER]: Registered create:creative_fluid_tank to registry ResourceKey[minecraft:root / minecraft:item]
[10Jan2026 17:51:05.840] [main/DEBUG] [com.tterrag.registrate.AbstractRegistrate/REGISTRATE.REGISTER]: Registered create:hose_pulley to registry ResourceKey[minecraft:root / minecraft:item]
[10Jan2026 17:51:05.840] [main/DEBUG] [com.tterrag.registrate.AbstractRegistrate/REGISTRATE.REGISTER]: Registered create:item_drain to registry ResourceKey[minecraft:root / minecraft:item]
[10Jan2026 17:51:05.840] [main/DEBUG] [com.tterrag.registrate.AbstractRegistrate/REGISTRATE.REGISTER]: Registered create:spout to registry ResourceKey[minecraft:root / minecraft:item]
[10Jan2026 17:51:05.840] [main/DEBUG] [com.tterrag.registrate.AbstractRegistrate/REGISTRATE.REGISTER]: Registered create:portable_fluid_interface to registry ResourceKey[minecraft:root / minecraft:item]
[10Jan2026 17:51:05.840] [main/DEBUG] [com.tterrag.registrate.AbstractRegistrate/REGISTRATE.REGISTER]: Registered create:steam_engine to registry ResourceKey[minecraft:root / minecraft:item]
[10Jan2026 17:51:05.840] [main/DEBUG] [com.tterrag.registrate.AbstractRegistrate/REGISTRATE.REGISTER]: Registered create:steam_whistle to registry ResourceKey[minecraft:root / minecraft:item]
[10Jan2026 17:51:05.840] [main/DEBUG] [com.tterrag.registrate.AbstractRegistrate/REGISTRATE.REGISTER]: Registered create:mechanical_piston to registry ResourceKey[minecraft:root / minecraft:item]
[10Jan2026 17:51:05.840] [main/DEBUG] [com.tterrag.registrate.AbstractRegistrate/REGISTRATE.REGISTER]: Registered create:sticky_mechanical_piston to registry ResourceKey[minecraft:root / minecraft:item]
[10Jan2026 17:51:05.840] [main/DEBUG] [com.tterrag.registrate.AbstractRegistrate/REGISTRATE.REGISTER]: Registered create:piston_extension_pole to registry ResourceKey[minecraft:root / minecraft:item]
[10Jan2026 17:51:05.840] [main/DEBUG] [com.tterrag.registrate.AbstractRegistrate/REGISTRATE.REGISTER]: Registered create:gantry_carriage to registry ResourceKey[minecraft:root / minecraft:item]
[10Jan2026 17:51:05.840] [main/DEBUG] [com.tterrag.registrate.AbstractRegistrate/REGISTRATE.REGISTER]: Registered create:gantry_shaft to registry ResourceKey[minecraft:root / minecraft:item]
[10Jan2026 17:51:05.840] [main/DEBUG] [com.tterrag.registrate.AbstractRegistrate/REGISTRATE.REGISTER]: Registered create:windmill_bearing to registry ResourceKey[minecraft:root / minecraft:item]
[10Jan2026 17:51:05.840] [main/DEBUG] [com.tterrag.registrate.AbstractRegistrate/REGISTRATE.REGISTER]: Registered create:mechanical_bearing to registry ResourceKey[minecraft:root / minecraft:item]
[10Jan2026 17:51:05.840] [main/DEBUG] [com.tterrag.registrate.AbstractRegistrate/REGISTRATE.REGISTER]: Registered create:clockwork_bearing to registry ResourceKey[minecraft:root / minecraft:item]
[10Jan2026 17:51:05.841] [main/DEBUG] [com.tterrag.registrate.AbstractRegistrate/REGISTRATE.REGISTER]: Registered create:rope_pulley to registry ResourceKey[minecraft:root / minecraft:item]
[10Jan2026 17:51:05.841] [main/DEBUG] [com.tterrag.registrate.AbstractRegistrate/REGISTRATE.REGISTER]: Registered create:elevator_pulley to registry ResourceKey[minecraft:root / minecraft:item]
[10Jan2026 17:51:05.841] [main/DEBUG] [com.tterrag.registrate.AbstractRegistrate/REGISTRATE.REGISTER]: Registered create:cart_assembler to registry ResourceKey[minecraft:root / minecraft:item]
[10Jan2026 17:51:05.841] [main/DEBUG] [com.tterrag.registrate.AbstractRegistrate/REGISTRATE.REGISTER]: Registered create:controller_rail to registry ResourceKey[minecraft:root / minecraft:item]
[10Jan2026 17:51:05.841] [main/DEBUG] [com.tterrag.registrate.AbstractRegistrate/REGISTRATE.REGISTER]: Registered create:linear_chassis to registry ResourceKey[minecraft:root / minecraft:item]
[10Jan2026 17:51:05.841] [main/DEBUG] [com.tterrag.registrate.AbstractRegistrate/REGISTRATE.REGISTER]: Registered create:secondary_linear_chassis to registry ResourceKey[minecraft:root / minecraft:item]
[10Jan2026 17:51:05.841] [main/DEBUG] [com.tterrag.registrate.AbstractRegistrate/REGISTRATE.REGISTER]: Registered create:radial_chassis to registry ResourceKey[minecraft:root / minecraft:item]
[10Jan2026 17:51:05.841] [main/DEBUG] [com.tterrag.registrate.AbstractRegistrate/REGISTRATE.REGISTER]: Registered create:sticker to registry ResourceKey[minecraft:root / minecraft:item]
[10Jan2026 17:51:05.841] [main/DEBUG] [com.tterrag.registrate.AbstractRegistrate/REGISTRATE.REGISTER]: Registered create:contraption_controls to registry ResourceKey[minecraft:root / minecraft:item]
[10Jan2026 17:51:05.841] [main/DEBUG] [com.tterrag.registrate.AbstractRegistrate/REGISTRATE.REGISTER]: Registered create:mechanical_drill to registry ResourceKey[minecraft:root / minecraft:item]
[10Jan2026 17:51:05.841] [main/DEBUG] [com.tterrag.registrate.AbstractRegistrate/REGISTRATE.REGISTER]: Registered create:mechanical_saw to registry ResourceKey[minecraft:root / minecraft:item]
[10Jan2026 17:51:05.841] [main/DEBUG] [com.tterrag.registrate.AbstractRegistrate/REGISTRATE.REGISTER]: Registered create:deployer to registry ResourceKey[minecraft:root / minecraft:item]
[10Jan2026 17:51:05.841] [main/DEBUG] [com.tterrag.registrate.AbstractRegistrate/REGISTRATE.REGISTER]: Registered create:portable_storage_interface to registry ResourceKey[minecraft:root / minecraft:item]
[10Jan2026 17:51:05.841] [main/DEBUG] [com.tterrag.registrate.AbstractRegistrate/REGISTRATE.REGISTER]: Registered create:redstone_contact to registry ResourceKey[minecraft:root / minecraft:item]
[10Jan2026 17:51:05.841] [main/DEBUG] [com.tterrag.registrate.AbstractRegistrate/REGISTRATE.REGISTER]: Registered create:elevator_contact to registry ResourceKey[minecraft:root / minecraft:item]
[10Jan2026 17:51:05.841] [main/DEBUG] [com.tterrag.registrate.AbstractRegistrate/REGISTRATE.REGISTER]: Registered create:mechanical_harvester to registry ResourceKey[minecraft:root / minecraft:item]
[10Jan2026 17:51:05.841] [main/DEBUG] [com.tterrag.registrate.AbstractRegistrate/REGISTRATE.REGISTER]: Registered create:mechanical_plough to registry ResourceKey[minecraft:root / minecraft:item]
[10Jan2026 17:51:05.841] [main/DEBUG] [com.tterrag.registrate.AbstractRegistrate/REGISTRATE.REGISTER]: Registered create:mechanical_roller to registry ResourceKey[minecraft:root / minecraft:item]
[10Jan2026 17:51:05.841] [main/DEBUG] [com.tterrag.registrate.AbstractRegistrate/REGISTRATE.REGISTER]: Registered create:sail_frame to registry ResourceKey[minecraft:root / minecraft:item]
[10Jan2026 17:51:05.841] [main/DEBUG] [com.tterrag.registrate.AbstractRegistrate/REGISTRATE.REGISTER]: Registered create:white_sail to registry ResourceKey[minecraft:root / minecraft:item]
[10Jan2026 17:51:05.841] [main/DEBUG] [com.tterrag.registrate.AbstractRegistrate/REGISTRATE.REGISTER]: Registered create:andesite_casing to registry ResourceKey[minecraft:root / minecraft:item]
[10Jan2026 17:51:05.841] [main/DEBUG] [com.tterrag.registrate.AbstractRegistrate/REGISTRATE.REGISTER]: Registered create:brass_casing to registry ResourceKey[minecraft:root / minecraft:item]
[10Jan2026 17:51:05.841] [main/DEBUG] [com.tterrag.registrate.AbstractRegistrate/REGISTRATE.REGISTER]: Registered create:copper_casing to registry ResourceKey[minecraft:root / minecraft:item]
[10Jan2026 17:51:05.841] [main/DEBUG] [com.tterrag.registrate.AbstractRegistrate/REGISTRATE.REGISTER]: Registered create:shadow_steel_casing to registry ResourceKey[minecraft:root / minecraft:item]
[10Jan2026 17:51:05.841] [main/DEBUG] [com.tterrag.registrate.AbstractRegistrate/REGISTRATE.REGISTER]: Registered create:refined_radiance_casing to registry ResourceKey[minecraft:root / minecraft:item]
[10Jan2026 17:51:05.841] [main/DEBUG] [com.tterrag.registrate.AbstractRegistrate/REGISTRATE.REGISTER]: Registered create:mechanical_crafter to registry ResourceKey[minecraft:root / minecraft:item]
[10Jan2026 17:51:05.841] [main/DEBUG] [com.tterrag.registrate.AbstractRegistrate/REGISTRATE.REGISTER]: Registered create:sequenced_gearshift to registry ResourceKey[minecraft:root / minecraft:item]
[10Jan2026 17:51:05.841] [main/DEBUG] [com.tterrag.registrate.AbstractRegistrate/REGISTRATE.REGISTER]: Registered create:flywheel to registry ResourceKey[minecraft:root / minecraft:item]
[10Jan2026 17:51:05.841] [main/DEBUG] [com.tterrag.registrate.AbstractRegistrate/REGISTRATE.REGISTER]: Registered create:rotation_speed_controller to registry ResourceKey[minecraft:root / minecraft:item]
[10Jan2026 17:51:05.841] [main/DEBUG] [com.tterrag.registrate.AbstractRegistrate/REGISTRATE.REGISTER]: Registered create:mechanical_arm to registry ResourceKey[minecraft:root / minecraft:item]
[10Jan2026 17:51:05.841] [main/DEBUG] [com.tterrag.registrate.AbstractRegistrate/REGISTRATE.REGISTER]: Registered create:track to registry ResourceKey[minecraft:root / minecraft:item]
[10Jan2026 17:51:05.841] [main/DEBUG] [com.tterrag.registrate.AbstractRegistrate/REGISTRATE.REGISTER]: Registered create:railway_casing to registry ResourceKey[minecraft:root / minecraft:item]
[10Jan2026 17:51:05.841] [main/DEBUG] [com.tterrag.registrate.AbstractRegistrate/REGISTRATE.REGISTER]: Registered create:track_station to registry ResourceKey[minecraft:root / minecraft:item]
[10Jan2026 17:51:05.842] [main/DEBUG] [com.tterrag.registrate.AbstractRegistrate/REGISTRATE.REGISTER]: Registered create:track_signal to registry ResourceKey[minecraft:root / minecraft:item]
[10Jan2026 17:51:05.842] [main/DEBUG] [com.tterrag.registrate.AbstractRegistrate/REGISTRATE.REGISTER]: Registered create:track_observer to registry ResourceKey[minecraft:root / minecraft:item]
[10Jan2026 17:51:05.842] [main/DEBUG] [com.tterrag.registrate.AbstractRegistrate/REGISTRATE.REGISTER]: Registered create:controls to registry ResourceKey[minecraft:root / minecraft:item]
[10Jan2026 17:51:05.842] [main/DEBUG] [com.tterrag.registrate.AbstractRegistrate/REGISTRATE.REGISTER]: Registered create:andesite_funnel to registry ResourceKey[minecraft:root / minecraft:item]
[10Jan2026 17:51:05.842] [main/DEBUG] [com.tterrag.registrate.AbstractRegistrate/REGISTRATE.REGISTER]: Registered create:brass_funnel to registry ResourceKey[minecraft:root / minecraft:item]
[10Jan2026 17:51:05.842] [main/DEBUG] [com.tterrag.registrate.AbstractRegistrate/REGISTRATE.REGISTER]: Registered create:andesite_tunnel to registry ResourceKey[minecraft:root / minecraft:item]
[10Jan2026 17:51:05.842] [main/DEBUG] [com.tterrag.registrate.AbstractRegistrate/REGISTRATE.REGISTER]: Registered create:brass_tunnel to registry ResourceKey[minecraft:root / minecraft:item]
[10Jan2026 17:51:05.842] [main/DEBUG] [com.tterrag.registrate.AbstractRegistrate/REGISTRATE.REGISTER]: Registered create:content_observer to registry ResourceKey[minecraft:root / minecraft:item]
[10Jan2026 17:51:05.842] [main/DEBUG] [com.tterrag.registrate.AbstractRegistrate/REGISTRATE.REGISTER]: Registered create:stockpile_switch to registry ResourceKey[minecraft:root / minecraft:item]
[10Jan2026 17:51:05.842] [main/DEBUG] [com.tterrag.registrate.AbstractRegistrate/REGISTRATE.REGISTER]: Registered create:creative_crate to registry ResourceKey[minecraft:root / minecraft:item]
[10Jan2026 17:51:05.842] [main/DEBUG] [com.tterrag.registrate.AbstractRegistrate/REGISTRATE.REGISTER]: Registered create:item_vault to registry ResourceKey[minecraft:root / minecraft:item]
[10Jan2026 17:51:05.842] [main/DEBUG] [com.tterrag.registrate.AbstractRegistrate/REGISTRATE.REGISTER]: Registered create:item_hatch to registry ResourceKey[minecraft:root / minecraft:item]
[10Jan2026 17:51:05.842] [main/DEBUG] [com.tterrag.registrate.AbstractRegistrate/REGISTRATE.REGISTER]: Registered create:packager to registry ResourceKey[minecraft:root / minecraft:item]
[10Jan2026 17:51:05.842] [main/DEBUG] [com.tterrag.registrate.AbstractRegistrate/REGISTRATE.REGISTER]: Registered create:repackager to registry ResourceKey[minecraft:root / minecraft:item]
[10Jan2026 17:51:05.842] [main/DEBUG] [com.tterrag.registrate.AbstractRegistrate/REGISTRATE.REGISTER]: Registered create:package_frogport to registry ResourceKey[minecraft:root / minecraft:item]
[10Jan2026 17:51:05.842] [main/DEBUG] [com.tterrag.registrate.AbstractRegistrate/REGISTRATE.REGISTER]: Registered create:white_postbox to registry ResourceKey[minecraft:root / minecraft:item]
[10Jan2026 17:51:05.842] [main/DEBUG] [com.tterrag.registrate.AbstractRegistrate/REGISTRATE.REGISTER]: Registered create:orange_postbox to registry ResourceKey[minecraft:root / minecraft:item]
[10Jan2026 17:51:05.842] [main/DEBUG] [com.tterrag.registrate.AbstractRegistrate/REGISTRATE.REGISTER]: Registered create:magenta_postbox to registry ResourceKey[minecraft:root / minecraft:item]
[10Jan2026 17:51:05.842] [main/DEBUG] [com.tterrag.registrate.AbstractRegistrate/REGISTRATE.REGISTER]: Registered create:light_blue_postbox to registry ResourceKey[minecraft:root / minecraft:item]
[10Jan2026 17:51:05.842] [main/DEBUG] [com.tterrag.registrate.AbstractRegistrate/REGISTRATE.REGISTER]: Registered create:yellow_postbox to registry ResourceKey[minecraft:root / minecraft:item]
[10Jan2026 17:51:05.842] [main/DEBUG] [com.tterrag.registrate.AbstractRegistrate/REGISTRATE.REGISTER]: Registered create:lime_postbox to registry ResourceKey[minecraft:root / minecraft:item]
[10Jan2026 17:51:05.842] [main/DEBUG] [com.tterrag.registrate.AbstractRegistrate/REGISTRATE.REGISTER]: Registered create:pink_postbox to registry ResourceKey[minecraft:root / minecraft:item]
[10Jan2026 17:51:05.842] [main/DEBUG] [com.tterrag.registrate.AbstractRegistrate/REGISTRATE.REGISTER]: Registered create:gray_postbox to registry ResourceKey[minecraft:root / minecraft:item]
[10Jan2026 17:51:05.842] [main/DEBUG] [com.tterrag.registrate.AbstractRegistrate/REGISTRATE.REGISTER]: Registered create:light_gray_postbox to registry ResourceKey[minecraft:root / minecraft:item]
[10Jan2026 17:51:05.842] [main/DEBUG] [com.tterrag.registrate.AbstractRegistrate/REGISTRATE.REGISTER]: Registered create:cyan_postbox to registry ResourceKey[minecraft:root / minecraft:item]
[10Jan2026 17:51:05.842] [main/DEBUG] [com.tterrag.registrate.AbstractRegistrate/REGISTRATE.REGISTER]: Registered create:purple_postbox to registry ResourceKey[minecraft:root / minecraft:item]
[10Jan2026 17:51:05.842] [main/DEBUG] [com.tterrag.registrate.AbstractRegistrate/REGISTRATE.REGISTER]: Registered create:blue_postbox to registry ResourceKey[minecraft:root / minecraft:item]
[10Jan2026 17:51:05.842] [main/DEBUG] [com.tterrag.registrate.AbstractRegistrate/REGISTRATE.REGISTER]: Registered create:brown_postbox to registry ResourceKey[minecraft:root / minecraft:item]
[10Jan2026 17:51:05.842] [main/DEBUG] [com.tterrag.registrate.AbstractRegistrate/REGISTRATE.REGISTER]: Registered create:green_postbox to registry ResourceKey[minecraft:root / minecraft:item]
[10Jan2026 17:51:05.842] [main/DEBUG] [com.tterrag.registrate.AbstractRegistrate/REGISTRATE.REGISTER]: Registered create:red_postbox to registry ResourceKey[minecraft:root / minecraft:item]
[10Jan2026 17:51:05.842] [main/DEBUG] [com.tterrag.registrate.AbstractRegistrate/REGISTRATE.REGISTER]: Registered create:black_postbox to registry ResourceKey[minecraft:root / minecraft:item]
[10Jan2026 17:51:05.842] [main/DEBUG] [com.tterrag.registrate.AbstractRegistrate/REGISTRATE.REGISTER]: Registered create:stock_link to registry ResourceKey[minecraft:root / minecraft:item]
[10Jan2026 17:51:05.842] [main/DEBUG] [com.tterrag.registrate.AbstractRegistrate/REGISTRATE.REGISTER]: Registered create:stock_ticker to registry ResourceKey[minecraft:root / minecraft:item]
[10Jan2026 17:51:05.842] [main/DEBUG] [com.tterrag.registrate.AbstractRegistrate/REGISTRATE.REGISTER]: Registered create:redstone_requester to registry ResourceKey[minecraft:root / minecraft:item]
[10Jan2026 17:51:05.842] [main/DEBUG] [com.tterrag.registrate.AbstractRegistrate/REGISTRATE.REGISTER]: Registered create:factory_gauge to registry ResourceKey[minecraft:root / minecraft:item]
[10Jan2026 17:51:05.842] [main/DEBUG] [com.tterrag.registrate.AbstractRegistrate/REGISTRATE.REGISTER]: Registered create:white_table_cloth to registry ResourceKey[minecraft:root / minecraft:item]
[10Jan2026 17:51:05.842] [main/DEBUG] [com.tterrag.registrate.AbstractRegistrate/REGISTRATE.REGISTER]: Registered create:orange_table_cloth to registry ResourceKey[minecraft:root / minecraft:item]
[10Jan2026 17:51:05.842] [main/DEBUG] [com.tterrag.registrate.AbstractRegistrate/REGISTRATE.REGISTER]: Registered create:magenta_table_cloth to registry ResourceKey[minecraft:root / minecraft:item]
[10Jan2026 17:51:05.842] [main/DEBUG] [com.tterrag.registrate.AbstractRegistrate/REGISTRATE.REGISTER]: Registered create:light_blue_table_cloth to registry ResourceKey[minecraft:root / minecraft:item]
[10Jan2026 17:51:05.842] [main/DEBUG] [com.tterrag.registrate.AbstractRegistrate/REGISTRATE.REGISTER]: Registered create:yellow_table_cloth to registry ResourceKey[minecraft:root / minecraft:item]
[10Jan2026 17:51:05.842] [main/DEBUG] [com.tterrag.registrate.AbstractRegistrate/REGISTRATE.REGISTER]: Registered create:lime_table_cloth to registry ResourceKey[minecraft:root / minecraft:item]
[10Jan2026 17:51:05.842] [main/DEBUG] [com.tterrag.registrate.AbstractRegistrate/REGISTRATE.REGISTER]: Registered create:pink_table_cloth to registry ResourceKey[minecraft:root / minecraft:item]
[10Jan2026 17:51:05.842] [main/DEBUG] [com.tterrag.registrate.AbstractRegistrate/REGISTRATE.REGISTER]: Registered create:gray_table_cloth to registry ResourceKey[minecraft:root / minecraft:item]
[10Jan2026 17:51:05.842] [main/DEBUG] [com.tterrag.registrate.AbstractRegistrate/REGISTRATE.REGISTER]: Registered create:light_gray_table_cloth to registry ResourceKey[minecraft:root / minecraft:item]
[10Jan2026 17:51:05.842] [main/DEBUG] [com.tterrag.registrate.AbstractRegistrate/REGISTRATE.REGISTER]: Registered create:cyan_table_cloth to registry ResourceKey[minecraft:root / minecraft:item]
[10Jan2026 17:51:05.842] [main/DEBUG] [com.tterrag.registrate.AbstractRegistrate/REGISTRATE.REGISTER]: Registered create:purple_table_cloth to registry ResourceKey[minecraft:root / minecraft:item]
[10Jan2026 17:51:05.842] [main/DEBUG] [com.tterrag.registrate.AbstractRegistrate/REGISTRATE.REGISTER]: Registered create:blue_table_cloth to registry ResourceKey[minecraft:root / minecraft:item]
[10Jan2026 17:51:05.842] [main/DEBUG] [com.tterrag.registrate.AbstractRegistrate/REGISTRATE.REGISTER]: Registered create:brown_table_cloth to registry ResourceKey[minecraft:root / minecraft:item]
[10Jan2026 17:51:05.842] [main/DEBUG] [com.tterrag.registrate.AbstractRegistrate/REGISTRATE.REGISTER]: Registered create:green_table_cloth to registry ResourceKey[minecraft:root / minecraft:item]
[10Jan2026 17:51:05.842] [main/DEBUG] [com.tterrag.registrate.AbstractRegistrate/REGISTRATE.REGISTER]: Registered create:red_table_cloth to registry ResourceKey[minecraft:root / minecraft:item]
[10Jan2026 17:51:05.842] [main/DEBUG] [com.tterrag.registrate.AbstractRegistrate/REGISTRATE.REGISTER]: Registered create:black_table_cloth to registry ResourceKey[minecraft:root / minecraft:item]
[10Jan2026 17:51:05.842] [main/DEBUG] [com.tterrag.registrate.AbstractRegistrate/REGISTRATE.REGISTER]: Registered create:andesite_table_cloth to registry ResourceKey[minecraft:root / minecraft:item]
[10Jan2026 17:51:05.842] [main/DEBUG] [com.tterrag.registrate.AbstractRegistrate/REGISTRATE.REGISTER]: Registered create:brass_table_cloth to registry ResourceKey[minecraft:root / minecraft:item]
[10Jan2026 17:51:05.842] [main/DEBUG] [com.tterrag.registrate.AbstractRegistrate/REGISTRATE.REGISTER]: Registered create:copper_table_cloth to registry ResourceKey[minecraft:root / minecraft:item]
[10Jan2026 17:51:05.842] [main/DEBUG] [com.tterrag.registrate.AbstractRegistrate/REGISTRATE.REGISTER]: Registered create:display_link to registry ResourceKey[minecraft:root / minecraft:item]
[10Jan2026 17:51:05.842] [main/DEBUG] [com.tterrag.registrate.AbstractRegistrate/REGISTRATE.REGISTER]: Registered create:display_board to registry ResourceKey[minecraft:root / minecraft:item]
[10Jan2026 17:51:05.842] [main/DEBUG] [com.tterrag.registrate.AbstractRegistrate/REGISTRATE.REGISTER]: Registered create:nixie_tube to registry ResourceKey[minecraft:root / minecraft:item]
[10Jan2026 17:51:05.842] [main/DEBUG] [com.tterrag.registrate.AbstractRegistrate/REGISTRATE.REGISTER]: Registered create:rose_quartz_lamp to registry ResourceKey[minecraft:root / minecraft:item]
[10Jan2026 17:51:05.842] [main/DEBUG] [com.tterrag.registrate.AbstractRegistrate/REGISTRATE.REGISTER]: Registered create:redstone_link to registry ResourceKey[minecraft:root / minecraft:item]
[10Jan2026 17:51:05.842] [main/DEBUG] [com.tterrag.registrate.AbstractRegistrate/REGISTRATE.REGISTER]: Registered create:analog_lever to registry ResourceKey[minecraft:root / minecraft:item]
[10Jan2026 17:51:05.842] [main/DEBUG] [com.tterrag.registrate.AbstractRegistrate/REGISTRATE.REGISTER]: Registered create:placard to registry ResourceKey[minecraft:root / minecraft:item]
[10Jan2026 17:51:05.842] [main/DEBUG] [com.tterrag.registrate.AbstractRegistrate/REGISTRATE.REGISTER]: Registered create:pulse_repeater to registry ResourceKey[minecraft:root / minecraft:item]
[10Jan2026 17:51:05.842] [main/DEBUG] [com.tterrag.registrate.AbstractRegistrate/REGISTRATE.REGISTER]: Registered create:pulse_extender to registry ResourceKey[minecraft:root / minecraft:item]
[10Jan2026 17:51:05.842] [main/DEBUG] [com.tterrag.registrate.AbstractRegistrate/REGISTRATE.REGISTER]: Registered create:pulse_timer to registry ResourceKey[minecraft:root / minecraft:item]
[10Jan2026 17:51:05.843] [main/DEBUG] [com.tterrag.registrate.AbstractRegistrate/REGISTRATE.REGISTER]: Registered create:powered_latch to registry ResourceKey[minecraft:root / minecraft:item]
[10Jan2026 17:51:05.843] [main/DEBUG] [com.tterrag.registrate.AbstractRegistrate/REGISTRATE.REGISTER]: Registered create:powered_toggle_latch to registry ResourceKey[minecraft:root / minecraft:item]
[10Jan2026 17:51:05.843] [main/DEBUG] [com.tterrag.registrate.AbstractRegistrate/REGISTRATE.REGISTER]: Registered create:wheat_flour to registry ResourceKey[minecraft:root / minecraft:item]
[10Jan2026 17:51:05.843] [main/DEBUG] [com.tterrag.registrate.AbstractRegistrate/REGISTRATE.REGISTER]: Registered create:dough to registry ResourceKey[minecraft:root / minecraft:item]
[10Jan2026 17:51:05.843] [main/DEBUG] [com.tterrag.registrate.AbstractRegistrate/REGISTRATE.REGISTER]: Registered create:cinder_flour to registry ResourceKey[minecraft:root / minecraft:item]
[10Jan2026 17:51:05.843] [main/DEBUG] [com.tterrag.registrate.AbstractRegistrate/REGISTRATE.REGISTER]: Registered create:rose_quartz to registry ResourceKey[minecraft:root / minecraft:item]
[10Jan2026 17:51:05.843] [main/DEBUG] [com.tterrag.registrate.AbstractRegistrate/REGISTRATE.REGISTER]: Registered create:polished_rose_quartz to registry ResourceKey[minecraft:root / minecraft:item]
[10Jan2026 17:51:05.843] [main/DEBUG] [com.tterrag.registrate.AbstractRegistrate/REGISTRATE.REGISTER]: Registered create:powdered_obsidian to registry ResourceKey[minecraft:root / minecraft:item]
[10Jan2026 17:51:05.843] [main/DEBUG] [com.tterrag.registrate.AbstractRegistrate/REGISTRATE.REGISTER]: Registered create:sturdy_sheet to registry ResourceKey[minecraft:root / minecraft:item]
[10Jan2026 17:51:05.843] [main/DEBUG] [com.tterrag.registrate.AbstractRegistrate/REGISTRATE.REGISTER]: Registered create:propeller to registry ResourceKey[minecraft:root / minecraft:item]
[10Jan2026 17:51:05.843] [main/DEBUG] [com.tterrag.registrate.AbstractRegistrate/REGISTRATE.REGISTER]: Registered create:whisk to registry ResourceKey[minecraft:root / minecraft:item]
[10Jan2026 17:51:05.843] [main/DEBUG] [com.tterrag.registrate.AbstractRegistrate/REGISTRATE.REGISTER]: Registered create:brass_hand to registry ResourceKey[minecraft:root / minecraft:item]
[10Jan2026 17:51:05.843] [main/DEBUG] [com.tterrag.registrate.AbstractRegistrate/REGISTRATE.REGISTER]: Registered create:crafter_slot_cover to registry ResourceKey[minecraft:root / minecraft:item]
[10Jan2026 17:51:05.843] [main/DEBUG] [com.tterrag.registrate.AbstractRegistrate/REGISTRATE.REGISTER]: Registered create:electron_tube to registry ResourceKey[minecraft:root / minecraft:item]
[10Jan2026 17:51:05.843] [main/DEBUG] [com.tterrag.registrate.AbstractRegistrate/REGISTRATE.REGISTER]: Registered create:transmitter to registry ResourceKey[minecraft:root / minecraft:item]
[10Jan2026 17:51:05.843] [main/DEBUG] [com.tterrag.registrate.AbstractRegistrate/REGISTRATE.REGISTER]: Registered create:pulp to registry ResourceKey[minecraft:root / minecraft:item]
[10Jan2026 17:51:05.843] [main/DEBUG] [com.tterrag.registrate.AbstractRegistrate/REGISTRATE.REGISTER]: Registered create:cardboard to registry ResourceKey[minecraft:root / minecraft:item]
[10Jan2026 17:51:05.843] [main/DEBUG] [com.tterrag.registrate.AbstractRegistrate/REGISTRATE.REGISTER]: Registered create:incomplete_precision_mechanism to registry ResourceKey[minecraft:root / minecraft:item]
[10Jan2026 17:51:05.843] [main/DEBUG] [com.tterrag.registrate.AbstractRegistrate/REGISTRATE.REGISTER]: Registered create:unprocessed_obsidian_sheet to registry ResourceKey[minecraft:root / minecraft:item]
[10Jan2026 17:51:05.843] [main/DEBUG] [com.tterrag.registrate.AbstractRegistrate/REGISTRATE.REGISTER]: Registered create:incomplete_track to registry ResourceKey[minecraft:root / minecraft:item]
[10Jan2026 17:51:05.843] [main/DEBUG] [com.tterrag.registrate.AbstractRegistrate/REGISTRATE.REGISTER]: Registered create:precision_mechanism to registry ResourceKey[minecraft:root / minecraft:item]
[10Jan2026 17:51:05.843] [main/DEBUG] [com.tterrag.registrate.AbstractRegistrate/REGISTRATE.REGISTER]: Registered create:blaze_cake_base to registry ResourceKey[minecraft:root / minecraft:item]
[10Jan2026 17:51:05.843] [main/DEBUG] [com.tterrag.registrate.AbstractRegistrate/REGISTRATE.REGISTER]: Registered create:blaze_cake to registry ResourceKey[minecraft:root / minecraft:item]
[10Jan2026 17:51:05.843] [main/DEBUG] [com.tterrag.registrate.AbstractRegistrate/REGISTRATE.REGISTER]: Registered create:creative_blaze_cake to registry ResourceKey[minecraft:root / minecraft:item]
[10Jan2026 17:51:05.843] [main/DEBUG] [com.tterrag.registrate.AbstractRegistrate/REGISTRATE.REGISTER]: Registered create:bar_of_chocolate to registry ResourceKey[minecraft:root / minecraft:item]
[10Jan2026 17:51:05.843] [main/DEBUG] [com.tterrag.registrate.AbstractRegistrate/REGISTRATE.REGISTER]: Registered create:sweet_roll to registry ResourceKey[minecraft:root / minecraft:item]
[10Jan2026 17:51:05.843] [main/DEBUG] [com.tterrag.registrate.AbstractRegistrate/REGISTRATE.REGISTER]: Registered create:chocolate_glazed_berries to registry ResourceKey[minecraft:root / minecraft:item]
[10Jan2026 17:51:05.843] [main/DEBUG] [com.tterrag.registrate.AbstractRegistrate/REGISTRATE.REGISTER]: Registered create:honeyed_apple to registry ResourceKey[minecraft:root / minecraft:item]
[10Jan2026 17:51:05.843] [main/DEBUG] [com.tterrag.registrate.AbstractRegistrate/REGISTRATE.REGISTER]: Registered create:builders_tea to registry ResourceKey[minecraft:root / minecraft:item]
[10Jan2026 17:51:05.844] [main/DEBUG] [com.tterrag.registrate.AbstractRegistrate/REGISTRATE.REGISTER]: Registered create:cardboard_sword to registry ResourceKey[minecraft:root / minecraft:item]
[10Jan2026 17:51:05.844] [main/DEBUG] [com.tterrag.registrate.AbstractRegistrate/REGISTRATE.REGISTER]: Registered create:raw_zinc to registry ResourceKey[minecraft:root / minecraft:item]
[10Jan2026 17:51:05.844] [main/DEBUG] [com.tterrag.registrate.AbstractRegistrate/REGISTRATE.REGISTER]: Registered create:andesite_alloy to registry ResourceKey[minecraft:root / minecraft:item]
[10Jan2026 17:51:05.844] [main/DEBUG] [com.tterrag.registrate.AbstractRegistrate/REGISTRATE.REGISTER]: Registered create:zinc_ingot to registry ResourceKey[minecraft:root / minecraft:item]
[10Jan2026 17:51:05.844] [main/DEBUG] [com.tterrag.registrate.AbstractRegistrate/REGISTRATE.REGISTER]: Registered create:brass_ingot to registry ResourceKey[minecraft:root / minecraft:item]
[10Jan2026 17:51:05.844] [main/DEBUG] [com.tterrag.registrate.AbstractRegistrate/REGISTRATE.REGISTER]: Registered create:chromatic_compound to registry ResourceKey[minecraft:root / minecraft:item]
[10Jan2026 17:51:05.844] [main/DEBUG] [com.tterrag.registrate.AbstractRegistrate/REGISTRATE.REGISTER]: Registered create:shadow_steel to registry ResourceKey[minecraft:root / minecraft:item]
[10Jan2026 17:51:05.844] [main/DEBUG] [com.tterrag.registrate.AbstractRegistrate/REGISTRATE.REGISTER]: Registered create:refined_radiance to registry ResourceKey[minecraft:root / minecraft:item]
[10Jan2026 17:51:05.844] [main/DEBUG] [com.tterrag.registrate.AbstractRegistrate/REGISTRATE.REGISTER]: Registered create:copper_nugget to registry ResourceKey[minecraft:root / minecraft:item]
[10Jan2026 17:51:05.844] [main/DEBUG] [com.tterrag.registrate.AbstractRegistrate/REGISTRATE.REGISTER]: Registered create:zinc_nugget to registry ResourceKey[minecraft:root / minecraft:item]
[10Jan2026 17:51:05.844] [main/DEBUG] [com.tterrag.registrate.AbstractRegistrate/REGISTRATE.REGISTER]: Registered create:brass_nugget to registry ResourceKey[minecraft:root / minecraft:item]
[10Jan2026 17:51:05.844] [main/DEBUG] [com.tterrag.registrate.AbstractRegistrate/REGISTRATE.REGISTER]: Registered create:experience_nugget to registry ResourceKey[minecraft:root / minecraft:item]
[10Jan2026 17:51:05.844] [main/DEBUG] [com.tterrag.registrate.AbstractRegistrate/REGISTRATE.REGISTER]: Registered create:copper_sheet to registry ResourceKey[minecraft:root / minecraft:item]
[10Jan2026 17:51:05.844] [main/DEBUG] [com.tterrag.registrate.AbstractRegistrate/REGISTRATE.REGISTER]: Registered create:brass_sheet to registry ResourceKey[minecraft:root / minecraft:item]
[10Jan2026 17:51:05.844] [main/DEBUG] [com.tterrag.registrate.AbstractRegistrate/REGISTRATE.REGISTER]: Registered create:iron_sheet to registry ResourceKey[minecraft:root / minecraft:item]
[10Jan2026 17:51:05.844] [main/DEBUG] [com.tterrag.registrate.AbstractRegistrate/REGISTRATE.REGISTER]: Registered create:golden_sheet to registry ResourceKey[minecraft:root / minecraft:item]
[10Jan2026 17:51:05.844] [main/DEBUG] [com.tterrag.registrate.AbstractRegistrate/REGISTRATE.REGISTER]: Registered create:crushed_raw_iron to registry ResourceKey[minecraft:root / minecraft:item]
[10Jan2026 17:51:05.844] [main/DEBUG] [com.tterrag.registrate.AbstractRegistrate/REGISTRATE.REGISTER]: Registered create:crushed_raw_gold to registry ResourceKey[minecraft:root / minecraft:item]
[10Jan2026 17:51:05.844] [main/DEBUG] [com.tterrag.registrate.AbstractRegistrate/REGISTRATE.REGISTER]: Registered create:crushed_raw_copper to registry ResourceKey[minecraft:root / minecraft:item]
[10Jan2026 17:51:05.844] [main/DEBUG] [com.tterrag.registrate.AbstractRegistrate/REGISTRATE.REGISTER]: Registered create:crushed_raw_zinc to registry ResourceKey[minecraft:root / minecraft:item]
[10Jan2026 17:51:05.844] [main/DEBUG] [com.tterrag.registrate.AbstractRegistrate/REGISTRATE.REGISTER]: Registered create:crushed_raw_osmium to registry ResourceKey[minecraft:root / minecraft:item]
[10Jan2026 17:51:05.844] [main/DEBUG] [com.tterrag.registrate.AbstractRegistrate/REGISTRATE.REGISTER]: Registered create:crushed_raw_platinum to registry ResourceKey[minecraft:root / minecraft:item]
[10Jan2026 17:51:05.844] [main/DEBUG] [com.tterrag.registrate.AbstractRegistrate/REGISTRATE.REGISTER]: Registered create:crushed_raw_silver to registry ResourceKey[minecraft:root / minecraft:item]
[10Jan2026 17:51:05.844] [main/DEBUG] [com.tterrag.registrate.AbstractRegistrate/REGISTRATE.REGISTER]: Registered create:crushed_raw_tin to registry ResourceKey[minecraft:root / minecraft:item]
[10Jan2026 17:51:05.844] [main/DEBUG] [com.tterrag.registrate.AbstractRegistrate/REGISTRATE.REGISTER]: Registered create:crushed_raw_lead to registry ResourceKey[minecraft:root / minecraft:item]
[10Jan2026 17:51:05.844] [main/DEBUG] [com.tterrag.registrate.AbstractRegistrate/REGISTRATE.REGISTER]: Registered create:crushed_raw_quicksilver to registry ResourceKey[minecraft:root / minecraft:item]
[10Jan2026 17:51:05.844] [main/DEBUG] [com.tterrag.registrate.AbstractRegistrate/REGISTRATE.REGISTER]: Registered create:crushed_raw_aluminum to registry ResourceKey[minecraft:root / minecraft:item]
[10Jan2026 17:51:05.844] [main/DEBUG] [com.tterrag.registrate.AbstractRegistrate/REGISTRATE.REGISTER]: Registered create:crushed_raw_uranium to registry ResourceKey[minecraft:root / minecraft:item]
[10Jan2026 17:51:05.844] [main/DEBUG] [com.tterrag.registrate.AbstractRegistrate/REGISTRATE.REGISTER]: Registered create:crushed_raw_nickel to registry ResourceKey[minecraft:root / minecraft:item]
[10Jan2026 17:51:05.844] [main/DEBUG] [com.tterrag.registrate.AbstractRegistrate/REGISTRATE.REGISTER]: Registered create:belt_connector to registry ResourceKey[minecraft:root / minecraft:item]
[10Jan2026 17:51:05.844] [main/DEBUG] [com.tterrag.registrate.AbstractRegistrate/REGISTRATE.REGISTER]: Registered create:vertical_gearbox to registry ResourceKey[minecraft:root / minecraft:item]
[10Jan2026 17:51:05.844] [main/DEBUG] [com.tterrag.registrate.AbstractRegistrate/REGISTRATE.REGISTER]: Registered create:empty_blaze_burner to registry ResourceKey[minecraft:root / minecraft:item]
[10Jan2026 17:51:05.845] [main/DEBUG] [com.tterrag.registrate.AbstractRegistrate/REGISTRATE.REGISTER]: Registered create:goggles to registry ResourceKey[minecraft:root / minecraft:item]
[10Jan2026 17:51:05.845] [main/DEBUG] [com.tterrag.registrate.AbstractRegistrate/REGISTRATE.REGISTER]: Registered create:super_glue to registry ResourceKey[minecraft:root / minecraft:item]
[10Jan2026 17:51:05.845] [main/DEBUG] [com.tterrag.registrate.AbstractRegistrate/REGISTRATE.REGISTER]: Registered create:minecart_coupling to registry ResourceKey[minecraft:root / minecraft:item]
[10Jan2026 17:51:05.845] [main/DEBUG] [com.tterrag.registrate.AbstractRegistrate/REGISTRATE.REGISTER]: Registered create:crafting_blueprint to registry ResourceKey[minecraft:root / minecraft:item]
[10Jan2026 17:51:05.845] [main/DEBUG] [com.tterrag.registrate.AbstractRegistrate/REGISTRATE.REGISTER]: Registered create:copper_backtank_placeable to registry ResourceKey[minecraft:root / minecraft:item]
[10Jan2026 17:51:05.845] [main/DEBUG] [com.tterrag.registrate.AbstractRegistrate/REGISTRATE.REGISTER]: Registered create:netherite_backtank_placeable to registry ResourceKey[minecraft:root / minecraft:item]
[10Jan2026 17:51:05.846] [main/DEBUG] [com.tterrag.registrate.AbstractRegistrate/REGISTRATE.REGISTER]: Registered create:copper_backtank to registry ResourceKey[minecraft:root / minecraft:item]
[10Jan2026 17:51:05.847] [main/DEBUG] [mixin/]: Mixing client.HumanoidModelMixin from create.mixins.json into net.minecraft.client.model.HumanoidModel
[10Jan2026 17:51:05.851] [main/DEBUG] [mixin/]: Mixing accessor.AgeableListModelAccessor from create.mixins.json into net.minecraft.client.model.AgeableListModel
[10Jan2026 17:51:05.856] [main/DEBUG] [com.tterrag.registrate.AbstractRegistrate/REGISTRATE.REGISTER]: Registered create:netherite_backtank to registry ResourceKey[minecraft:root / minecraft:item]
[10Jan2026 17:51:05.856] [main/DEBUG] [com.tterrag.registrate.AbstractRegistrate/REGISTRATE.REGISTER]: Registered create:copper_diving_helmet to registry ResourceKey[minecraft:root / minecraft:item]
[10Jan2026 17:51:05.856] [main/DEBUG] [com.tterrag.registrate.AbstractRegistrate/REGISTRATE.REGISTER]: Registered create:netherite_diving_helmet to registry ResourceKey[minecraft:root / minecraft:item]
[10Jan2026 17:51:05.856] [main/DEBUG] [com.tterrag.registrate.AbstractRegistrate/REGISTRATE.REGISTER]: Registered create:copper_diving_boots to registry ResourceKey[minecraft:root / minecraft:item]
[10Jan2026 17:51:05.856] [main/DEBUG] [com.tterrag.registrate.AbstractRegistrate/REGISTRATE.REGISTER]: Registered create:netherite_diving_boots to registry ResourceKey[minecraft:root / minecraft:item]
[10Jan2026 17:51:05.856] [main/DEBUG] [com.tterrag.registrate.AbstractRegistrate/REGISTRATE.REGISTER]: Registered create:cardboard_helmet to registry ResourceKey[minecraft:root / minecraft:item]
[10Jan2026 17:51:05.856] [main/DEBUG] [com.tterrag.registrate.AbstractRegistrate/REGISTRATE.REGISTER]: Registered create:cardboard_chestplate to registry ResourceKey[minecraft:root / minecraft:item]
[10Jan2026 17:51:05.856] [main/DEBUG] [com.tterrag.registrate.AbstractRegistrate/REGISTRATE.REGISTER]: Registered create:cardboard_leggings to registry ResourceKey[minecraft:root / minecraft:item]
[10Jan2026 17:51:05.856] [main/DEBUG] [com.tterrag.registrate.AbstractRegistrate/REGISTRATE.REGISTER]: Registered create:cardboard_boots to registry ResourceKey[minecraft:root / minecraft:item]
[10Jan2026 17:51:05.856] [main/DEBUG] [com.tterrag.registrate.AbstractRegistrate/REGISTRATE.REGISTER]: Registered create:sand_paper to registry ResourceKey[minecraft:root / minecraft:item]
[10Jan2026 17:51:05.857] [main/DEBUG] [com.tterrag.registrate.AbstractRegistrate/REGISTRATE.REGISTER]: Registered create:red_sand_paper to registry ResourceKey[minecraft:root / minecraft:item]
[10Jan2026 17:51:05.857] [main/DEBUG] [com.tterrag.registrate.AbstractRegistrate/REGISTRATE.REGISTER]: Registered create:wrench to registry ResourceKey[minecraft:root / minecraft:item]
[10Jan2026 17:51:05.857] [main/DEBUG] [com.tterrag.registrate.AbstractRegistrate/REGISTRATE.REGISTER]: Registered create:minecart_contraption to registry ResourceKey[minecraft:root / minecraft:item]
[10Jan2026 17:51:05.857] [main/DEBUG] [com.tterrag.registrate.AbstractRegistrate/REGISTRATE.REGISTER]: Registered create:furnace_minecart_contraption to registry ResourceKey[minecraft:root / minecraft:item]
[10Jan2026 17:51:05.857] [main/DEBUG] [com.tterrag.registrate.AbstractRegistrate/REGISTRATE.REGISTER]: Registered create:chest_minecart_contraption to registry ResourceKey[minecraft:root / minecraft:item]
[10Jan2026 17:51:05.857] [main/DEBUG] [com.tterrag.registrate.AbstractRegistrate/REGISTRATE.REGISTER]: Registered create:linked_controller to registry ResourceKey[minecraft:root / minecraft:item]
[10Jan2026 17:51:05.857] [main/DEBUG] [com.tterrag.registrate.AbstractRegistrate/REGISTRATE.REGISTER]: Registered create:potato_cannon to registry ResourceKey[minecraft:root / minecraft:item]
[10Jan2026 17:51:05.857] [main/DEBUG] [com.tterrag.registrate.AbstractRegistrate/REGISTRATE.REGISTER]: Registered create:extendo_grip to registry ResourceKey[minecraft:root / minecraft:item]
[10Jan2026 17:51:05.857] [main/DEBUG] [com.tterrag.registrate.AbstractRegistrate/REGISTRATE.REGISTER]: Registered create:wand_of_symmetry to registry ResourceKey[minecraft:root / minecraft:item]
[10Jan2026 17:51:05.857] [main/DEBUG] [com.tterrag.registrate.AbstractRegistrate/REGISTRATE.REGISTER]: Registered create:handheld_worldshaper to registry ResourceKey[minecraft:root / minecraft:item]
[10Jan2026 17:51:05.857] [main/DEBUG] [com.tterrag.registrate.AbstractRegistrate/REGISTRATE.REGISTER]: Registered create:tree_fertilizer to registry ResourceKey[minecraft:root / minecraft:item]
[10Jan2026 17:51:05.858] [main/DEBUG] [com.tterrag.registrate.AbstractRegistrate/REGISTRATE.REGISTER]: Registered create:cardboard_package_12x12 to registry ResourceKey[minecraft:root / minecraft:item]
[10Jan2026 17:51:05.858] [main/DEBUG] [com.tterrag.registrate.AbstractRegistrate/REGISTRATE.REGISTER]: Registered create:cardboard_package_10x12 to registry ResourceKey[minecraft:root / minecraft:item]
[10Jan2026 17:51:05.858] [main/DEBUG] [com.tterrag.registrate.AbstractRegistrate/REGISTRATE.REGISTER]: Registered create:cardboard_package_10x8 to registry ResourceKey[minecraft:root / minecraft:item]
[10Jan2026 17:51:05.858] [main/DEBUG] [com.tterrag.registrate.AbstractRegistrate/REGISTRATE.REGISTER]: Registered create:cardboard_package_12x10 to registry ResourceKey[minecraft:root / minecraft:item]
[10Jan2026 17:51:05.858] [main/DEBUG] [com.tterrag.registrate.AbstractRegistrate/REGISTRATE.REGISTER]: Registered create:rare_creeper_package to registry ResourceKey[minecraft:root / minecraft:item]
[10Jan2026 17:51:05.858] [main/DEBUG] [com.tterrag.registrate.AbstractRegistrate/REGISTRATE.REGISTER]: Registered create:rare_darcy_package to registry ResourceKey[minecraft:root / minecraft:item]
[10Jan2026 17:51:05.858] [main/DEBUG] [com.tterrag.registrate.AbstractRegistrate/REGISTRATE.REGISTER]: Registered create:rare_evan_package to registry ResourceKey[minecraft:root / minecraft:item]
[10Jan2026 17:51:05.858] [main/DEBUG] [com.tterrag.registrate.AbstractRegistrate/REGISTRATE.REGISTER]: Registered create:rare_jinx_package to registry ResourceKey[minecraft:root / minecraft:item]
[10Jan2026 17:51:05.858] [main/DEBUG] [com.tterrag.registrate.AbstractRegistrate/REGISTRATE.REGISTER]: Registered create:rare_kryppers_package to registry ResourceKey[minecraft:root / minecraft:item]
[10Jan2026 17:51:05.858] [main/DEBUG] [com.tterrag.registrate.AbstractRegistrate/REGISTRATE.REGISTER]: Registered create:rare_simi_package to registry ResourceKey[minecraft:root / minecraft:item]
[10Jan2026 17:51:05.858] [main/DEBUG] [com.tterrag.registrate.AbstractRegistrate/REGISTRATE.REGISTER]: Registered create:rare_starlotte_package to registry ResourceKey[minecraft:root / minecraft:item]
[10Jan2026 17:51:05.858] [main/DEBUG] [com.tterrag.registrate.AbstractRegistrate/REGISTRATE.REGISTER]: Registered create:rare_thunder_package to registry ResourceKey[minecraft:root / minecraft:item]
[10Jan2026 17:51:05.858] [main/DEBUG] [com.tterrag.registrate.AbstractRegistrate/REGISTRATE.REGISTER]: Registered create:rare_up_package to registry ResourceKey[minecraft:root / minecraft:item]
[10Jan2026 17:51:05.858] [main/DEBUG] [com.tterrag.registrate.AbstractRegistrate/REGISTRATE.REGISTER]: Registered create:rare_vector_package to registry ResourceKey[minecraft:root / minecraft:item]
[10Jan2026 17:51:05.859] [main/DEBUG] [com.tterrag.registrate.AbstractRegistrate/REGISTRATE.REGISTER]: Registered create:filter to registry ResourceKey[minecraft:root / minecraft:item]
[10Jan2026 17:51:05.860] [main/DEBUG] [com.tterrag.registrate.AbstractRegistrate/REGISTRATE.REGISTER]: Registered create:attribute_filter to registry ResourceKey[minecraft:root / minecraft:item]
[10Jan2026 17:51:05.860] [main/DEBUG] [com.tterrag.registrate.AbstractRegistrate/REGISTRATE.REGISTER]: Registered create:package_filter to registry ResourceKey[minecraft:root / minecraft:item]
[10Jan2026 17:51:05.860] [main/DEBUG] [com.tterrag.registrate.AbstractRegistrate/REGISTRATE.REGISTER]: Registered create:schedule to registry ResourceKey[minecraft:root / minecraft:item]
[10Jan2026 17:51:05.860] [main/DEBUG] [com.tterrag.registrate.AbstractRegistrate/REGISTRATE.REGISTER]: Registered create:shopping_list to registry ResourceKey[minecraft:root / minecraft:item]
[10Jan2026 17:51:05.860] [main/DEBUG] [com.tterrag.registrate.AbstractRegistrate/REGISTRATE.REGISTER]: Registered create:empty_schematic to registry ResourceKey[minecraft:root / minecraft:item]
[10Jan2026 17:51:05.860] [main/DEBUG] [com.tterrag.registrate.AbstractRegistrate/REGISTRATE.REGISTER]: Registered create:schematic_and_quill to registry ResourceKey[minecraft:root / minecraft:item]
[10Jan2026 17:51:05.860] [main/DEBUG] [com.tterrag.registrate.AbstractRegistrate/REGISTRATE.REGISTER]: Registered create:schematic to registry ResourceKey[minecraft:root / minecraft:item]
[10Jan2026 17:51:05.860] [main/DEBUG] [com.tterrag.registrate.AbstractRegistrate/REGISTRATE.REGISTER]: Registered create:peculiar_bell to registry ResourceKey[minecraft:root / minecraft:item]
[10Jan2026 17:51:05.860] [main/DEBUG] [com.tterrag.registrate.AbstractRegistrate/REGISTRATE.REGISTER]: Registered create:haunted_bell to registry ResourceKey[minecraft:root / minecraft:item]
[10Jan2026 17:51:05.860] [main/DEBUG] [com.tterrag.registrate.AbstractRegistrate/REGISTRATE.REGISTER]: Registered create:desk_bell to registry ResourceKey[minecraft:root / minecraft:item]
[10Jan2026 17:51:05.860] [main/DEBUG] [com.tterrag.registrate.AbstractRegistrate/REGISTRATE.REGISTER]: Registered create:white_toolbox to registry ResourceKey[minecraft:root / minecraft:item]
[10Jan2026 17:51:05.860] [main/DEBUG] [com.tterrag.registrate.AbstractRegistrate/REGISTRATE.REGISTER]: Registered create:orange_toolbox to registry ResourceKey[minecraft:root / minecraft:item]
[10Jan2026 17:51:05.860] [main/DEBUG] [com.tterrag.registrate.AbstractRegistrate/REGISTRATE.REGISTER]: Registered create:magenta_toolbox to registry ResourceKey[minecraft:root / minecraft:item]
[10Jan2026 17:51:05.860] [main/DEBUG] [com.tterrag.registrate.AbstractRegistrate/REGISTRATE.REGISTER]: Registered create:light_blue_toolbox to registry ResourceKey[minecraft:root / minecraft:item]
[10Jan2026 17:51:05.860] [main/DEBUG] [com.tterrag.registrate.AbstractRegistrate/REGISTRATE.REGISTER]: Registered create:yellow_toolbox to registry ResourceKey[minecraft:root / minecraft:item]
[10Jan2026 17:51:05.860] [main/DEBUG] [com.tterrag.registrate.AbstractRegistrate/REGISTRATE.REGISTER]: Registered create:lime_toolbox to registry ResourceKey[minecraft:root / minecraft:item]
[10Jan2026 17:51:05.860] [main/DEBUG] [com.tterrag.registrate.AbstractRegistrate/REGISTRATE.REGISTER]: Registered create:pink_toolbox to registry ResourceKey[minecraft:root / minecraft:item]
[10Jan2026 17:51:05.860] [main/DEBUG] [com.tterrag.registrate.AbstractRegistrate/REGISTRATE.REGISTER]: Registered create:gray_toolbox to registry ResourceKey[minecraft:root / minecraft:item]
[10Jan2026 17:51:05.860] [main/DEBUG] [com.tterrag.registrate.AbstractRegistrate/REGISTRATE.REGISTER]: Registered create:light_gray_toolbox to registry ResourceKey[minecraft:root / minecraft:item]
[10Jan2026 17:51:05.860] [main/DEBUG] [com.tterrag.registrate.AbstractRegistrate/REGISTRATE.REGISTER]: Registered create:cyan_toolbox to registry ResourceKey[minecraft:root / minecraft:item]
[10Jan2026 17:51:05.860] [main/DEBUG] [com.tterrag.registrate.AbstractRegistrate/REGISTRATE.REGISTER]: Registered create:purple_toolbox to registry ResourceKey[minecraft:root / minecraft:item]
[10Jan2026 17:51:05.860] [main/DEBUG] [com.tterrag.registrate.AbstractRegistrate/REGISTRATE.REGISTER]: Registered create:blue_toolbox to registry ResourceKey[minecraft:root / minecraft:item]
[10Jan2026 17:51:05.861] [main/DEBUG] [com.tterrag.registrate.AbstractRegistrate/REGISTRATE.REGISTER]: Registered create:brown_toolbox to registry ResourceKey[minecraft:root / minecraft:item]
[10Jan2026 17:51:05.861] [main/DEBUG] [com.tterrag.registrate.AbstractRegistrate/REGISTRATE.REGISTER]: Registered create:green_toolbox to registry ResourceKey[minecraft:root / minecraft:item]
[10Jan2026 17:51:05.861] [main/DEBUG] [com.tterrag.registrate.AbstractRegistrate/REGISTRATE.REGISTER]: Registered create:red_toolbox to registry ResourceKey[minecraft:root / minecraft:item]
[10Jan2026 17:51:05.861] [main/DEBUG] [com.tterrag.registrate.AbstractRegistrate/REGISTRATE.REGISTER]: Registered create:black_toolbox to registry ResourceKey[minecraft:root / minecraft:item]
[10Jan2026 17:51:05.866] [main/DEBUG] [mixin/]: Mixing accessor.ItemModelGeneratorsAccessor from create.mixins.json into net.minecraft.data.models.ItemModelGenerators
[10Jan2026 17:51:05.866] [main/DEBUG] [mixin/]: Renaming @Accessor method create$getGENERATED_TRIM_MODELS()Ljava/util/List; to create$getGENERATED_TRIM_MODELS_$md$c52229$0 in create.mixins.json:accessor.ItemModelGeneratorsAccessor
[10Jan2026 17:51:05.875] [main/DEBUG] [com.tterrag.registrate.AbstractRegistrate/REGISTRATE.REGISTER]: Registered create:clipboard to registry ResourceKey[minecraft:root / minecraft:item]
[10Jan2026 17:51:05.875] [main/DEBUG] [com.tterrag.registrate.AbstractRegistrate/REGISTRATE.REGISTER]: Registered create:andesite_ladder to registry ResourceKey[minecraft:root / minecraft:item]
[10Jan2026 17:51:05.875] [main/DEBUG] [com.tterrag.registrate.AbstractRegistrate/REGISTRATE.REGISTER]: Registered create:brass_ladder to registry ResourceKey[minecraft:root / minecraft:item]
[10Jan2026 17:51:05.875] [main/DEBUG] [com.tterrag.registrate.AbstractRegistrate/REGISTRATE.REGISTER]: Registered create:copper_ladder to registry ResourceKey[minecraft:root / minecraft:item]
[10Jan2026 17:51:05.875] [main/DEBUG] [com.tterrag.registrate.AbstractRegistrate/REGISTRATE.REGISTER]: Registered create:andesite_bars to registry ResourceKey[minecraft:root / minecraft:item]
[10Jan2026 17:51:05.875] [main/DEBUG] [com.tterrag.registrate.AbstractRegistrate/REGISTRATE.REGISTER]: Registered create:brass_bars to registry ResourceKey[minecraft:root / minecraft:item]
[10Jan2026 17:51:05.875] [main/DEBUG] [com.tterrag.registrate.AbstractRegistrate/REGISTRATE.REGISTER]: Registered create:copper_bars to registry ResourceKey[minecraft:root / minecraft:item]
[10Jan2026 17:51:05.875] [main/DEBUG] [com.tterrag.registrate.AbstractRegistrate/REGISTRATE.REGISTER]: Registered create:andesite_scaffolding to registry ResourceKey[minecraft:root / minecraft:item]
[10Jan2026 17:51:05.875] [main/DEBUG] [com.tterrag.registrate.AbstractRegistrate/REGISTRATE.REGISTER]: Registered create:brass_scaffolding to registry ResourceKey[minecraft:root / minecraft:item]
[10Jan2026 17:51:05.875] [main/DEBUG] [com.tterrag.registrate.AbstractRegistrate/REGISTRATE.REGISTER]: Registered create:copper_scaffolding to registry ResourceKey[minecraft:root / minecraft:item]
[10Jan2026 17:51:05.875] [main/DEBUG] [com.tterrag.registrate.AbstractRegistrate/REGISTRATE.REGISTER]: Registered create:metal_girder to registry ResourceKey[minecraft:root / minecraft:item]
[10Jan2026 17:51:05.875] [main/DEBUG] [com.tterrag.registrate.AbstractRegistrate/REGISTRATE.REGISTER]: Registered create:copycat_step to registry ResourceKey[minecraft:root / minecraft:item]
[10Jan2026 17:51:05.875] [main/DEBUG] [com.tterrag.registrate.AbstractRegistrate/REGISTRATE.REGISTER]: Registered create:copycat_panel to registry ResourceKey[minecraft:root / minecraft:item]
[10Jan2026 17:51:05.875] [main/DEBUG] [com.tterrag.registrate.AbstractRegistrate/REGISTRATE.REGISTER]: Registered create:white_seat to registry ResourceKey[minecraft:root / minecraft:item]
[10Jan2026 17:51:05.875] [main/DEBUG] [com.tterrag.registrate.AbstractRegistrate/REGISTRATE.REGISTER]: Registered create:orange_seat to registry ResourceKey[minecraft:root / minecraft:item]
[10Jan2026 17:51:05.875] [main/DEBUG] [com.tterrag.registrate.AbstractRegistrate/REGISTRATE.REGISTER]: Registered create:magenta_seat to registry ResourceKey[minecraft:root / minecraft:item]
[10Jan2026 17:51:05.875] [main/DEBUG] [com.tterrag.registrate.AbstractRegistrate/REGISTRATE.REGISTER]: Registered create:light_blue_seat to registry ResourceKey[minecraft:root / minecraft:item]
[10Jan2026 17:51:05.875] [main/DEBUG] [com.tterrag.registrate.AbstractRegistrate/REGISTRATE.REGISTER]: Registered create:yellow_seat to registry ResourceKey[minecraft:root / minecraft:item]
[10Jan2026 17:51:05.875] [main/DEBUG] [com.tterrag.registrate.AbstractRegistrate/REGISTRATE.REGISTER]: Registered create:lime_seat to registry ResourceKey[minecraft:root / minecraft:item]
[10Jan2026 17:51:05.875] [main/DEBUG] [com.tterrag.registrate.AbstractRegistrate/REGISTRATE.REGISTER]: Registered create:pink_seat to registry ResourceKey[minecraft:root / minecraft:item]
[10Jan2026 17:51:05.875] [main/DEBUG] [com.tterrag.registrate.AbstractRegistrate/REGISTRATE.REGISTER]: Registered create:gray_seat to registry ResourceKey[minecraft:root / minecraft:item]
[10Jan2026 17:51:05.875] [main/DEBUG] [com.tterrag.registrate.AbstractRegistrate/REGISTRATE.REGISTER]: Registered create:light_gray_seat to registry ResourceKey[minecraft:root / minecraft:item]
[10Jan2026 17:51:05.875] [main/DEBUG] [com.tterrag.registrate.AbstractRegistrate/REGISTRATE.REGISTER]: Registered create:cyan_seat to registry ResourceKey[minecraft:root / minecraft:item]
[10Jan2026 17:51:05.875] [main/DEBUG] [com.tterrag.registrate.AbstractRegistrate/REGISTRATE.REGISTER]: Registered create:purple_seat to registry ResourceKey[minecraft:root / minecraft:item]
[10Jan2026 17:51:05.875] [main/DEBUG] [com.tterrag.registrate.AbstractRegistrate/REGISTRATE.REGISTER]: Registered create:blue_seat to registry ResourceKey[minecraft:root / minecraft:item]
[10Jan2026 17:51:05.875] [main/DEBUG] [com.tterrag.registrate.AbstractRegistrate/REGISTRATE.REGISTER]: Registered create:brown_seat to registry ResourceKey[minecraft:root / minecraft:item]
[10Jan2026 17:51:05.875] [main/DEBUG] [com.tterrag.registrate.AbstractRegistrate/REGISTRATE.REGISTER]: Registered create:green_seat to registry ResourceKey[minecraft:root / minecraft:item]
[10Jan2026 17:51:05.875] [main/DEBUG] [com.tterrag.registrate.AbstractRegistrate/REGISTRATE.REGISTER]: Registered create:red_seat to registry ResourceKey[minecraft:root / minecraft:item]
[10Jan2026 17:51:05.875] [main/DEBUG] [com.tterrag.registrate.AbstractRegistrate/REGISTRATE.REGISTER]: Registered create:black_seat to registry ResourceKey[minecraft:root / minecraft:item]
[10Jan2026 17:51:05.875] [main/DEBUG] [com.tterrag.registrate.AbstractRegistrate/REGISTRATE.REGISTER]: Registered create:andesite_door to registry ResourceKey[minecraft:root / minecraft:item]
[10Jan2026 17:51:05.875] [main/DEBUG] [com.tterrag.registrate.AbstractRegistrate/REGISTRATE.REGISTER]: Registered create:brass_door to registry ResourceKey[minecraft:root / minecraft:item]
[10Jan2026 17:51:05.875] [main/DEBUG] [com.tterrag.registrate.AbstractRegistrate/REGISTRATE.REGISTER]: Registered create:copper_door to registry ResourceKey[minecraft:root / minecraft:item]
[10Jan2026 17:51:05.875] [main/DEBUG] [com.tterrag.registrate.AbstractRegistrate/REGISTRATE.REGISTER]: Registered create:train_door to registry ResourceKey[minecraft:root / minecraft:item]
[10Jan2026 17:51:05.875] [main/DEBUG] [com.tterrag.registrate.AbstractRegistrate/REGISTRATE.REGISTER]: Registered create:train_trapdoor to registry ResourceKey[minecraft:root / minecraft:item]
[10Jan2026 17:51:05.875] [main/DEBUG] [com.tterrag.registrate.AbstractRegistrate/REGISTRATE.REGISTER]: Registered create:framed_glass_door to registry ResourceKey[minecraft:root / minecraft:item]
[10Jan2026 17:51:05.875] [main/DEBUG] [com.tterrag.registrate.AbstractRegistrate/REGISTRATE.REGISTER]: Registered create:framed_glass_trapdoor to registry ResourceKey[minecraft:root / minecraft:item]
[10Jan2026 17:51:05.875] [main/DEBUG] [com.tterrag.registrate.AbstractRegistrate/REGISTRATE.REGISTER]: Registered create:zinc_ore to registry ResourceKey[minecraft:root / minecraft:item]
[10Jan2026 17:51:05.875] [main/DEBUG] [com.tterrag.registrate.AbstractRegistrate/REGISTRATE.REGISTER]: Registered create:deepslate_zinc_ore to registry ResourceKey[minecraft:root / minecraft:item]
[10Jan2026 17:51:05.875] [main/DEBUG] [com.tterrag.registrate.AbstractRegistrate/REGISTRATE.REGISTER]: Registered create:raw_zinc_block to registry ResourceKey[minecraft:root / minecraft:item]
[10Jan2026 17:51:05.875] [main/DEBUG] [com.tterrag.registrate.AbstractRegistrate/REGISTRATE.REGISTER]: Registered create:zinc_block to registry ResourceKey[minecraft:root / minecraft:item]
[10Jan2026 17:51:05.875] [main/DEBUG] [com.tterrag.registrate.AbstractRegistrate/REGISTRATE.REGISTER]: Registered create:andesite_alloy_block to registry ResourceKey[minecraft:root / minecraft:item]
[10Jan2026 17:51:05.875] [main/DEBUG] [com.tterrag.registrate.AbstractRegistrate/REGISTRATE.REGISTER]: Registered create:industrial_iron_block to registry ResourceKey[minecraft:root / minecraft:item]
[10Jan2026 17:51:05.875] [main/DEBUG] [com.tterrag.registrate.AbstractRegistrate/REGISTRATE.REGISTER]: Registered create:weathered_iron_block to registry ResourceKey[minecraft:root / minecraft:item]
[10Jan2026 17:51:05.875] [main/DEBUG] [com.tterrag.registrate.AbstractRegistrate/REGISTRATE.REGISTER]: Registered create:brass_block to registry ResourceKey[minecraft:root / minecraft:item]
[10Jan2026 17:51:05.875] [main/DEBUG] [com.tterrag.registrate.AbstractRegistrate/REGISTRATE.REGISTER]: Registered create:cardboard_block to registry ResourceKey[minecraft:root / minecraft:item]
[10Jan2026 17:51:05.875] [main/DEBUG] [com.tterrag.registrate.AbstractRegistrate/REGISTRATE.REGISTER]: Registered create:bound_cardboard_block to registry ResourceKey[minecraft:root / minecraft:item]
[10Jan2026 17:51:05.875] [main/DEBUG] [com.tterrag.registrate.AbstractRegistrate/REGISTRATE.REGISTER]: Registered create:experience_block to registry ResourceKey[minecraft:root / minecraft:item]
[10Jan2026 17:51:05.875] [main/DEBUG] [com.tterrag.registrate.AbstractRegistrate/REGISTRATE.REGISTER]: Registered create:rose_quartz_block to registry ResourceKey[minecraft:root / minecraft:item]
[10Jan2026 17:51:05.875] [main/DEBUG] [com.tterrag.registrate.AbstractRegistrate/REGISTRATE.REGISTER]: Registered create:rose_quartz_tiles to registry ResourceKey[minecraft:root / minecraft:item]
[10Jan2026 17:51:05.875] [main/DEBUG] [com.tterrag.registrate.AbstractRegistrate/REGISTRATE.REGISTER]: Registered create:small_rose_quartz_tiles to registry ResourceKey[minecraft:root / minecraft:item]
[10Jan2026 17:51:05.875] [main/DEBUG] [com.tterrag.registrate.AbstractRegistrate/REGISTRATE.REGISTER]: Registered create:copper_shingles to registry ResourceKey[minecraft:root / minecraft:item]
[10Jan2026 17:51:05.875] [main/DEBUG] [com.tterrag.registrate.AbstractRegistrate/REGISTRATE.REGISTER]: Registered create:exposed_copper_shingles to registry ResourceKey[minecraft:root / minecraft:item]
[10Jan2026 17:51:05.875] [main/DEBUG] [com.tterrag.registrate.AbstractRegistrate/REGISTRATE.REGISTER]: Registered create:weathered_copper_shingles to registry ResourceKey[minecraft:root / minecraft:item]
[10Jan2026 17:51:05.875] [main/DEBUG] [com.tterrag.registrate.AbstractRegistrate/REGISTRATE.REGISTER]: Registered create:oxidized_copper_shingles to registry ResourceKey[minecraft:root / minecraft:item]
[10Jan2026 17:51:05.875] [main/DEBUG] [com.tterrag.registrate.AbstractRegistrate/REGISTRATE.REGISTER]: Registered create:copper_shingle_slab to registry ResourceKey[minecraft:root / minecraft:item]
[10Jan2026 17:51:05.875] [main/DEBUG] [com.tterrag.registrate.AbstractRegistrate/REGISTRATE.REGISTER]: Registered create:exposed_copper_shingle_slab to registry ResourceKey[minecraft:root / minecraft:item]
[10Jan2026 17:51:05.875] [main/DEBUG] [com.tterrag.registrate.AbstractRegistrate/REGISTRATE.REGISTER]: Registered create:weathered_copper_shingle_slab to registry ResourceKey[minecraft:root / minecraft:item]
[10Jan2026 17:51:05.875] [main/DEBUG] [com.tterrag.registrate.AbstractRegistrate/REGISTRATE.REGISTER]: Registered create:oxidized_copper_shingle_slab to registry ResourceKey[minecraft:root / minecraft:item]
[10Jan2026 17:51:05.875] [main/DEBUG] [com.tterrag.registrate.AbstractRegistrate/REGISTRATE.REGISTER]: Registered create:copper_shingle_stairs to registry ResourceKey[minecraft:root / minecraft:item]
[10Jan2026 17:51:05.875] [main/DEBUG] [com.tterrag.registrate.AbstractRegistrate/REGISTRATE.REGISTER]: Registered create:exposed_copper_shingle_stairs to registry ResourceKey[minecraft:root / minecraft:item]
[10Jan2026 17:51:05.876] [main/DEBUG] [com.tterrag.registrate.AbstractRegistrate/REGISTRATE.REGISTER]: Registered create:weathered_copper_shingle_stairs to registry ResourceKey[minecraft:root / minecraft:item]
[10Jan2026 17:51:05.876] [main/DEBUG] [com.tterrag.registrate.AbstractRegistrate/REGISTRATE.REGISTER]: Registered create:oxidized_copper_shingle_stairs to registry ResourceKey[minecraft:root / minecraft:item]
[10Jan2026 17:51:05.876] [main/DEBUG] [com.tterrag.registrate.AbstractRegistrate/REGISTRATE.REGISTER]: Registered create:waxed_copper_shingles to registry ResourceKey[minecraft:root / minecraft:item]
[10Jan2026 17:51:05.876] [main/DEBUG] [com.tterrag.registrate.AbstractRegistrate/REGISTRATE.REGISTER]: Registered create:waxed_exposed_copper_shingles to registry ResourceKey[minecraft:root / minecraft:item]
[10Jan2026 17:51:05.876] [main/DEBUG] [com.tterrag.registrate.AbstractRegistrate/REGISTRATE.REGISTER]: Registered create:waxed_weathered_copper_shingles to registry ResourceKey[minecraft:root / minecraft:item]
[10Jan2026 17:51:05.876] [main/DEBUG] [com.tterrag.registrate.AbstractRegistrate/REGISTRATE.REGISTER]: Registered create:waxed_oxidized_copper_shingles to registry ResourceKey[minecraft:root / minecraft:item]
[10Jan2026 17:51:05.876] [main/DEBUG] [com.tterrag.registrate.AbstractRegistrate/REGISTRATE.REGISTER]: Registered create:waxed_copper_shingle_slab to registry ResourceKey[minecraft:root / minecraft:item]
[10Jan2026 17:51:05.876] [main/DEBUG] [com.tterrag.registrate.AbstractRegistrate/REGISTRATE.REGISTER]: Registered create:waxed_exposed_copper_shingle_slab to registry ResourceKey[minecraft:root / minecraft:item]
[10Jan2026 17:51:05.876] [main/DEBUG] [com.tterrag.registrate.AbstractRegistrate/REGISTRATE.REGISTER]: Registered create:waxed_weathered_copper_shingle_slab to registry ResourceKey[minecraft:root / minecraft:item]
[10Jan2026 17:51:05.876] [main/DEBUG] [com.tterrag.registrate.AbstractRegistrate/REGISTRATE.REGISTER]: Registered create:waxed_oxidized_copper_shingle_slab to registry ResourceKey[minecraft:root / minecraft:item]
[10Jan2026 17:51:05.876] [main/DEBUG] [com.tterrag.registrate.AbstractRegistrate/REGISTRATE.REGISTER]: Registered create:waxed_copper_shingle_stairs to registry ResourceKey[minecraft:root / minecraft:item]
[10Jan2026 17:51:05.876] [main/DEBUG] [com.tterrag.registrate.AbstractRegistrate/REGISTRATE.REGISTER]: Registered create:waxed_exposed_copper_shingle_stairs to registry ResourceKey[minecraft:root / minecraft:item]
[10Jan2026 17:51:05.876] [main/DEBUG] [com.tterrag.registrate.AbstractRegistrate/REGISTRATE.REGISTER]: Registered create:waxed_weathered_copper_shingle_stairs to registry ResourceKey[minecraft:root / minecraft:item]
[10Jan2026 17:51:05.876] [main/DEBUG] [com.tterrag.registrate.AbstractRegistrate/REGISTRATE.REGISTER]: Registered create:waxed_oxidized_copper_shingle_stairs to registry ResourceKey[minecraft:root / minecraft:item]
[10Jan2026 17:51:05.876] [main/DEBUG] [com.tterrag.registrate.AbstractRegistrate/REGISTRATE.REGISTER]: Registered create:copper_tiles to registry ResourceKey[minecraft:root / minecraft:item]
[10Jan2026 17:51:05.876] [main/DEBUG] [com.tterrag.registrate.AbstractRegistrate/REGISTRATE.REGISTER]: Registered create:exposed_copper_tiles to registry ResourceKey[minecraft:root / minecraft:item]
[10Jan2026 17:51:05.876] [main/DEBUG] [com.tterrag.registrate.AbstractRegistrate/REGISTRATE.REGISTER]: Registered create:weathered_copper_tiles to registry ResourceKey[minecraft:root / minecraft:item]
[10Jan2026 17:51:05.876] [main/DEBUG] [com.tterrag.registrate.AbstractRegistrate/REGISTRATE.REGISTER]: Registered create:oxidized_copper_tiles to registry ResourceKey[minecraft:root / minecraft:item]
[10Jan2026 17:51:05.876] [main/DEBUG] [com.tterrag.registrate.AbstractRegistrate/REGISTRATE.REGISTER]: Registered create:copper_tile_slab to registry ResourceKey[minecraft:root / minecraft:item]
[10Jan2026 17:51:05.876] [main/DEBUG] [com.tterrag.registrate.AbstractRegistrate/REGISTRATE.REGISTER]: Registered create:exposed_copper_tile_slab to registry ResourceKey[minecraft:root / minecraft:item]
[10Jan2026 17:51:05.876] [main/DEBUG] [com.tterrag.registrate.AbstractRegistrate/REGISTRATE.REGISTER]: Registered create:weathered_copper_tile_slab to registry ResourceKey[minecraft:root / minecraft:item]
[10Jan2026 17:51:05.876] [main/DEBUG] [com.tterrag.registrate.AbstractRegistrate/REGISTRATE.REGISTER]: Registered create:oxidized_copper_tile_slab to registry ResourceKey[minecraft:root / minecraft:item]
[10Jan2026 17:51:05.876] [main/DEBUG] [com.tterrag.registrate.AbstractRegistrate/REGISTRATE.REGISTER]: Registered create:copper_tile_stairs to registry ResourceKey[minecraft:root / minecraft:item]
[10Jan2026 17:51:05.876] [main/DEBUG] [com.tterrag.registrate.AbstractRegistrate/REGISTRATE.REGISTER]: Registered create:exposed_copper_tile_stairs to registry ResourceKey[minecraft:root / minecraft:item]
[10Jan2026 17:51:05.876] [main/DEBUG] [com.tterrag.registrate.AbstractRegistrate/REGISTRATE.REGISTER]: Registered create:weathered_copper_tile_stairs to registry ResourceKey[minecraft:root / minecraft:item]
[10Jan2026 17:51:05.876] [main/DEBUG] [com.tterrag.registrate.AbstractRegistrate/REGISTRATE.REGISTER]: Registered create:oxidized_copper_tile_stairs to registry ResourceKey[minecraft:root / minecraft:item]
[10Jan2026 17:51:05.876] [main/DEBUG] [com.tterrag.registrate.AbstractRegistrate/REGISTRATE.REGISTER]: Registered create:waxed_copper_tiles to registry ResourceKey[minecraft:root / minecraft:item]
[10Jan2026 17:51:05.876] [main/DEBUG] [com.tterrag.registrate.AbstractRegistrate/REGISTRATE.REGISTER]: Registered create:waxed_exposed_copper_tiles to registry ResourceKey[minecraft:root / minecraft:item]
[10Jan2026 17:51:05.876] [main/DEBUG] [com.tterrag.registrate.AbstractRegistrate/REGISTRATE.REGISTER]: Registered create:waxed_weathered_copper_tiles to registry ResourceKey[minecraft:root / minecraft:item]
[10Jan2026 17:51:05.876] [main/DEBUG] [com.tterrag.registrate.AbstractRegistrate/REGISTRATE.REGISTER]: Registered create:waxed_oxidized_copper_tiles to registry ResourceKey[minecraft:root / minecraft:item]
[10Jan2026 17:51:05.876] [main/DEBUG] [com.tterrag.registrate.AbstractRegistrate/REGISTRATE.REGISTER]: Registered create:waxed_copper_tile_slab to registry ResourceKey[minecraft:root / minecraft:item]
[10Jan2026 17:51:05.876] [main/DEBUG] [com.tterrag.registrate.AbstractRegistrate/REGISTRATE.REGISTER]: Registered create:waxed_exposed_copper_tile_slab to registry ResourceKey[minecraft:root / minecraft:item]
[10Jan2026 17:51:05.876] [main/DEBUG] [com.tterrag.registrate.AbstractRegistrate/REGISTRATE.REGISTER]: Registered create:waxed_weathered_copper_tile_slab to registry ResourceKey[minecraft:root / minecraft:item]
[10Jan2026 17:51:05.876] [main/DEBUG] [com.tterrag.registrate.AbstractRegistrate/REGISTRATE.REGISTER]: Registered create:waxed_oxidized_copper_tile_slab to registry ResourceKey[minecraft:root / minecraft:item]
[10Jan2026 17:51:05.876] [main/DEBUG] [com.tterrag.registrate.AbstractRegistrate/REGISTRATE.REGISTER]: Registered create:waxed_copper_tile_stairs to registry ResourceKey[minecraft:root / minecraft:item]
[10Jan2026 17:51:05.876] [main/DEBUG] [com.tterrag.registrate.AbstractRegistrate/REGISTRATE.REGISTER]: Registered create:waxed_exposed_copper_tile_stairs to registry ResourceKey[minecraft:root / minecraft:item]
[10Jan2026 17:51:05.876] [main/DEBUG] [com.tterrag.registrate.AbstractRegistrate/REGISTRATE.REGISTER]: Registered create:waxed_weathered_copper_tile_stairs to registry ResourceKey[minecraft:root / minecraft:item]
[10Jan2026 17:51:05.876] [main/DEBUG] [com.tterrag.registrate.AbstractRegistrate/REGISTRATE.REGISTER]: Registered create:waxed_oxidized_copper_tile_stairs to registry ResourceKey[minecraft:root / minecraft:item]
[10Jan2026 17:51:05.876] [main/DEBUG] [com.tterrag.registrate.AbstractRegistrate/REGISTRATE.REGISTER]: Registered create:honey_bucket to registry ResourceKey[minecraft:root / minecraft:item]
[10Jan2026 17:51:05.876] [main/DEBUG] [com.tterrag.registrate.AbstractRegistrate/REGISTRATE.REGISTER]: Registered create:chocolate_bucket to registry ResourceKey[minecraft:root / minecraft:item]
[10Jan2026 17:51:05.876] [main/DEBUG] [com.tterrag.registrate.AbstractRegistrate/REGISTRATE.REGISTER]: Registered create:tiled_glass to registry ResourceKey[minecraft:root / minecraft:item]
[10Jan2026 17:51:05.876] [main/DEBUG] [com.tterrag.registrate.AbstractRegistrate/REGISTRATE.REGISTER]: Registered create:framed_glass to registry ResourceKey[minecraft:root / minecraft:item]
[10Jan2026 17:51:05.876] [main/DEBUG] [com.tterrag.registrate.AbstractRegistrate/REGISTRATE.REGISTER]: Registered create:horizontal_framed_glass to registry ResourceKey[minecraft:root / minecraft:item]
[10Jan2026 17:51:05.876] [main/DEBUG] [com.tterrag.registrate.AbstractRegistrate/REGISTRATE.REGISTER]: Registered create:vertical_framed_glass to registry ResourceKey[minecraft:root / minecraft:item]
[10Jan2026 17:51:05.876] [main/DEBUG] [com.tterrag.registrate.AbstractRegistrate/REGISTRATE.REGISTER]: Registered create:tiled_glass_pane to registry ResourceKey[minecraft:root / minecraft:item]
[10Jan2026 17:51:05.876] [main/DEBUG] [com.tterrag.registrate.AbstractRegistrate/REGISTRATE.REGISTER]: Registered create:framed_glass_pane to registry ResourceKey[minecraft:root / minecraft:item]
[10Jan2026 17:51:05.876] [main/DEBUG] [com.tterrag.registrate.AbstractRegistrate/REGISTRATE.REGISTER]: Registered create:horizontal_framed_glass_pane to registry ResourceKey[minecraft:root / minecraft:item]
[10Jan2026 17:51:05.876] [main/DEBUG] [com.tterrag.registrate.AbstractRegistrate/REGISTRATE.REGISTER]: Registered create:vertical_framed_glass_pane to registry ResourceKey[minecraft:root / minecraft:item]
[10Jan2026 17:51:05.876] [main/DEBUG] [com.tterrag.registrate.AbstractRegistrate/REGISTRATE.REGISTER]: Registered create:oak_window to registry ResourceKey[minecraft:root / minecraft:item]
[10Jan2026 17:51:05.876] [main/DEBUG] [com.tterrag.registrate.AbstractRegistrate/REGISTRATE.REGISTER]: Registered create:spruce_window to registry ResourceKey[minecraft:root / minecraft:item]
[10Jan2026 17:51:05.876] [main/DEBUG] [com.tterrag.registrate.AbstractRegistrate/REGISTRATE.REGISTER]: Registered create:birch_window to registry ResourceKey[minecraft:root / minecraft:item]
[10Jan2026 17:51:05.876] [main/DEBUG] [com.tterrag.registrate.AbstractRegistrate/REGISTRATE.REGISTER]: Registered create:jungle_window to registry ResourceKey[minecraft:root / minecraft:item]
[10Jan2026 17:51:05.876] [main/DEBUG] [com.tterrag.registrate.AbstractRegistrate/REGISTRATE.REGISTER]: Registered create:acacia_window to registry ResourceKey[minecraft:root / minecraft:item]
[10Jan2026 17:51:05.876] [main/DEBUG] [com.tterrag.registrate.AbstractRegistrate/REGISTRATE.REGISTER]: Registered create:dark_oak_window to registry ResourceKey[minecraft:root / minecraft:item]
[10Jan2026 17:51:05.876] [main/DEBUG] [com.tterrag.registrate.AbstractRegistrate/REGISTRATE.REGISTER]: Registered create:mangrove_window to registry ResourceKey[minecraft:root / minecraft:item]
[10Jan2026 17:51:05.876] [main/DEBUG] [com.tterrag.registrate.AbstractRegistrate/REGISTRATE.REGISTER]: Registered create:crimson_window to registry ResourceKey[minecraft:root / minecraft:item]
[10Jan2026 17:51:05.876] [main/DEBUG] [com.tterrag.registrate.AbstractRegistrate/REGISTRATE.REGISTER]: Registered create:warped_window to registry ResourceKey[minecraft:root / minecraft:item]
[10Jan2026 17:51:05.876] [main/DEBUG] [com.tterrag.registrate.AbstractRegistrate/REGISTRATE.REGISTER]: Registered create:cherry_window to registry ResourceKey[minecraft:root / minecraft:item]
[10Jan2026 17:51:05.876] [main/DEBUG] [com.tterrag.registrate.AbstractRegistrate/REGISTRATE.REGISTER]: Registered create:bamboo_window to registry ResourceKey[minecraft:root / minecraft:item]
[10Jan2026 17:51:05.876] [main/DEBUG] [com.tterrag.registrate.AbstractRegistrate/REGISTRATE.REGISTER]: Registered create:ornate_iron_window to registry ResourceKey[minecraft:root / minecraft:item]
[10Jan2026 17:51:05.877] [main/DEBUG] [com.tterrag.registrate.AbstractRegistrate/REGISTRATE.REGISTER]: Registered create:industrial_iron_window to registry ResourceKey[minecraft:root / minecraft:item]
[10Jan2026 17:51:05.877] [main/DEBUG] [com.tterrag.registrate.AbstractRegistrate/REGISTRATE.REGISTER]: Registered create:weathered_iron_window to registry ResourceKey[minecraft:root / minecraft:item]
[10Jan2026 17:51:05.877] [main/DEBUG] [com.tterrag.registrate.AbstractRegistrate/REGISTRATE.REGISTER]: Registered create:oak_window_pane to registry ResourceKey[minecraft:root / minecraft:item]
[10Jan2026 17:51:05.877] [main/DEBUG] [com.tterrag.registrate.AbstractRegistrate/REGISTRATE.REGISTER]: Registered create:spruce_window_pane to registry ResourceKey[minecraft:root / minecraft:item]
[10Jan2026 17:51:05.877] [main/DEBUG] [com.tterrag.registrate.AbstractRegistrate/REGISTRATE.REGISTER]: Registered create:birch_window_pane to registry ResourceKey[minecraft:root / minecraft:item]
[10Jan2026 17:51:05.877] [main/DEBUG] [com.tterrag.registrate.AbstractRegistrate/REGISTRATE.REGISTER]: Registered create:jungle_window_pane to registry ResourceKey[minecraft:root / minecraft:item]
[10Jan2026 17:51:05.877] [main/DEBUG] [com.tterrag.registrate.AbstractRegistrate/REGISTRATE.REGISTER]: Registered create:acacia_window_pane to registry ResourceKey[minecraft:root / minecraft:item]
[10Jan2026 17:51:05.877] [main/DEBUG] [com.tterrag.registrate.AbstractRegistrate/REGISTRATE.REGISTER]: Registered create:dark_oak_window_pane to registry ResourceKey[minecraft:root / minecraft:item]
[10Jan2026 17:51:05.877] [main/DEBUG] [com.tterrag.registrate.AbstractRegistrate/REGISTRATE.REGISTER]: Registered create:mangrove_window_pane to registry ResourceKey[minecraft:root / minecraft:item]
[10Jan2026 17:51:05.877] [main/DEBUG] [com.tterrag.registrate.AbstractRegistrate/REGISTRATE.REGISTER]: Registered create:crimson_window_pane to registry ResourceKey[minecraft:root / minecraft:item]
[10Jan2026 17:51:05.877] [main/DEBUG] [com.tterrag.registrate.AbstractRegistrate/REGISTRATE.REGISTER]: Registered create:warped_window_pane to registry ResourceKey[minecraft:root / minecraft:item]
[10Jan2026 17:51:05.877] [main/DEBUG] [com.tterrag.registrate.AbstractRegistrate/REGISTRATE.REGISTER]: Registered create:cherry_window_pane to registry ResourceKey[minecraft:root / minecraft:item]
[10Jan2026 17:51:05.877] [main/DEBUG] [com.tterrag.registrate.AbstractRegistrate/REGISTRATE.REGISTER]: Registered create:bamboo_window_pane to registry ResourceKey[minecraft:root / minecraft:item]
[10Jan2026 17:51:05.877] [main/DEBUG] [com.tterrag.registrate.AbstractRegistrate/REGISTRATE.REGISTER]: Registered create:ornate_iron_window_pane to registry ResourceKey[minecraft:root / minecraft:item]
[10Jan2026 17:51:05.877] [main/DEBUG] [com.tterrag.registrate.AbstractRegistrate/REGISTRATE.REGISTER]: Registered create:industrial_iron_window_pane to registry ResourceKey[minecraft:root / minecraft:item]
[10Jan2026 17:51:05.877] [main/DEBUG] [com.tterrag.registrate.AbstractRegistrate/REGISTRATE.REGISTER]: Registered create:weathered_iron_window_pane to registry ResourceKey[minecraft:root / minecraft:item]
[10Jan2026 17:51:05.877] [main/DEBUG] [com.tterrag.registrate.AbstractRegistrate/REGISTRATE.REGISTER]: Registered create:cut_granite to registry ResourceKey[minecraft:root / minecraft:item]
[10Jan2026 17:51:05.877] [main/DEBUG] [com.tterrag.registrate.AbstractRegistrate/REGISTRATE.REGISTER]: Registered create:cut_granite_stairs to registry ResourceKey[minecraft:root / minecraft:item]
[10Jan2026 17:51:05.877] [main/DEBUG] [com.tterrag.registrate.AbstractRegistrate/REGISTRATE.REGISTER]: Registered create:cut_granite_slab to registry ResourceKey[minecraft:root / minecraft:item]
[10Jan2026 17:51:05.877] [main/DEBUG] [com.tterrag.registrate.AbstractRegistrate/REGISTRATE.REGISTER]: Registered create:cut_granite_wall to registry ResourceKey[minecraft:root / minecraft:item]
[10Jan2026 17:51:05.877] [main/DEBUG] [com.tterrag.registrate.AbstractRegistrate/REGISTRATE.REGISTER]: Registered create:polished_cut_granite to registry ResourceKey[minecraft:root / minecraft:item]
[10Jan2026 17:51:05.877] [main/DEBUG] [com.tterrag.registrate.AbstractRegistrate/REGISTRATE.REGISTER]: Registered create:polished_cut_granite_stairs to registry ResourceKey[minecraft:root / minecraft:item]
[10Jan2026 17:51:05.877] [main/DEBUG] [com.tterrag.registrate.AbstractRegistrate/REGISTRATE.REGISTER]: Registered create:polished_cut_granite_slab to registry ResourceKey[minecraft:root / minecraft:item]
[10Jan2026 17:51:05.877] [main/DEBUG] [com.tterrag.registrate.AbstractRegistrate/REGISTRATE.REGISTER]: Registered create:polished_cut_granite_wall to registry ResourceKey[minecraft:root / minecraft:item]
[10Jan2026 17:51:05.877] [main/DEBUG] [com.tterrag.registrate.AbstractRegistrate/REGISTRATE.REGISTER]: Registered create:cut_granite_bricks to registry ResourceKey[minecraft:root / minecraft:item]
[10Jan2026 17:51:05.877] [main/DEBUG] [com.tterrag.registrate.AbstractRegistrate/REGISTRATE.REGISTER]: Registered create:cut_granite_brick_stairs to registry ResourceKey[minecraft:root / minecraft:item]
[10Jan2026 17:51:05.877] [main/DEBUG] [com.tterrag.registrate.AbstractRegistrate/REGISTRATE.REGISTER]: Registered create:cut_granite_brick_slab to registry ResourceKey[minecraft:root / minecraft:item]
[10Jan2026 17:51:05.877] [main/DEBUG] [com.tterrag.registrate.AbstractRegistrate/REGISTRATE.REGISTER]: Registered create:cut_granite_brick_wall to registry ResourceKey[minecraft:root / minecraft:item]
[10Jan2026 17:51:05.877] [main/DEBUG] [com.tterrag.registrate.AbstractRegistrate/REGISTRATE.REGISTER]: Registered create:small_granite_bricks to registry ResourceKey[minecraft:root / minecraft:item]
[10Jan2026 17:51:05.877] [main/DEBUG] [com.tterrag.registrate.AbstractRegistrate/REGISTRATE.REGISTER]: Registered create:small_granite_brick_stairs to registry ResourceKey[minecraft:root / minecraft:item]
[10Jan2026 17:51:05.877] [main/DEBUG] [com.tterrag.registrate.AbstractRegistrate/REGISTRATE.REGISTER]: Registered create:small_granite_brick_slab to registry ResourceKey[minecraft:root / minecraft:item]
[10Jan2026 17:51:05.877] [main/DEBUG] [com.tterrag.registrate.AbstractRegistrate/REGISTRATE.REGISTER]: Registered create:small_granite_brick_wall to registry ResourceKey[minecraft:root / minecraft:item]
[10Jan2026 17:51:05.877] [main/DEBUG] [com.tterrag.registrate.AbstractRegistrate/REGISTRATE.REGISTER]: Registered create:layered_granite to registry ResourceKey[minecraft:root / minecraft:item]
[10Jan2026 17:51:05.877] [main/DEBUG] [com.tterrag.registrate.AbstractRegistrate/REGISTRATE.REGISTER]: Registered create:granite_pillar to registry ResourceKey[minecraft:root / minecraft:item]
[10Jan2026 17:51:05.877] [main/DEBUG] [com.tterrag.registrate.AbstractRegistrate/REGISTRATE.REGISTER]: Registered create:cut_diorite to registry ResourceKey[minecraft:root / minecraft:item]
[10Jan2026 17:51:05.877] [main/DEBUG] [com.tterrag.registrate.AbstractRegistrate/REGISTRATE.REGISTER]: Registered create:cut_diorite_stairs to registry ResourceKey[minecraft:root / minecraft:item]
[10Jan2026 17:51:05.877] [main/DEBUG] [com.tterrag.registrate.AbstractRegistrate/REGISTRATE.REGISTER]: Registered create:cut_diorite_slab to registry ResourceKey[minecraft:root / minecraft:item]
[10Jan2026 17:51:05.877] [main/DEBUG] [com.tterrag.registrate.AbstractRegistrate/REGISTRATE.REGISTER]: Registered create:cut_diorite_wall to registry ResourceKey[minecraft:root / minecraft:item]
[10Jan2026 17:51:05.877] [main/DEBUG] [com.tterrag.registrate.AbstractRegistrate/REGISTRATE.REGISTER]: Registered create:polished_cut_diorite to registry ResourceKey[minecraft:root / minecraft:item]
[10Jan2026 17:51:05.877] [main/DEBUG] [com.tterrag.registrate.AbstractRegistrate/REGISTRATE.REGISTER]: Registered create:polished_cut_diorite_stairs to registry ResourceKey[minecraft:root / minecraft:item]
[10Jan2026 17:51:05.877] [main/DEBUG] [com.tterrag.registrate.AbstractRegistrate/REGISTRATE.REGISTER]: Registered create:polished_cut_diorite_slab to registry ResourceKey[minecraft:root / minecraft:item]
[10Jan2026 17:51:05.877] [main/DEBUG] [com.tterrag.registrate.AbstractRegistrate/REGISTRATE.REGISTER]: Registered create:polished_cut_diorite_wall to registry ResourceKey[minecraft:root / minecraft:item]
[10Jan2026 17:51:05.877] [main/DEBUG] [com.tterrag.registrate.AbstractRegistrate/REGISTRATE.REGISTER]: Registered create:cut_diorite_bricks to registry ResourceKey[minecraft:root / minecraft:item]
[10Jan2026 17:51:05.877] [main/DEBUG] [com.tterrag.registrate.AbstractRegistrate/REGISTRATE.REGISTER]: Registered create:cut_diorite_brick_stairs to registry ResourceKey[minecraft:root / minecraft:item]
[10Jan2026 17:51:05.877] [main/DEBUG] [com.tterrag.registrate.AbstractRegistrate/REGISTRATE.REGISTER]: Registered create:cut_diorite_brick_slab to registry ResourceKey[minecraft:root / minecraft:item]
[10Jan2026 17:51:05.877] [main/DEBUG] [com.tterrag.registrate.AbstractRegistrate/REGISTRATE.REGISTER]: Registered create:cut_diorite_brick_wall to registry ResourceKey[minecraft:root / minecraft:item]
[10Jan2026 17:51:05.877] [main/DEBUG] [com.tterrag.registrate.AbstractRegistrate/REGISTRATE.REGISTER]: Registered create:small_diorite_bricks to registry ResourceKey[minecraft:root / minecraft:item]
[10Jan2026 17:51:05.877] [main/DEBUG] [com.tterrag.registrate.AbstractRegistrate/REGISTRATE.REGISTER]: Registered create:small_diorite_brick_stairs to registry ResourceKey[minecraft:root / minecraft:item]
[10Jan2026 17:51:05.877] [main/DEBUG] [com.tterrag.registrate.AbstractRegistrate/REGISTRATE.REGISTER]: Registered create:small_diorite_brick_slab to registry ResourceKey[minecraft:root / minecraft:item]
[10Jan2026 17:51:05.877] [main/DEBUG] [com.tterrag.registrate.AbstractRegistrate/REGISTRATE.REGISTER]: Registered create:small_diorite_brick_wall to registry ResourceKey[minecraft:root / minecraft:item]
[10Jan2026 17:51:05.877] [main/DEBUG] [com.tterrag.registrate.AbstractRegistrate/REGISTRATE.REGISTER]: Registered create:layered_diorite to registry ResourceKey[minecraft:root / minecraft:item]
[10Jan2026 17:51:05.877] [main/DEBUG] [com.tterrag.registrate.AbstractRegistrate/REGISTRATE.REGISTER]: Registered create:diorite_pillar to registry ResourceKey[minecraft:root / minecraft:item]
[10Jan2026 17:51:05.877] [main/DEBUG] [com.tterrag.registrate.AbstractRegistrate/REGISTRATE.REGISTER]: Registered create:cut_andesite to registry ResourceKey[minecraft:root / minecraft:item]
[10Jan2026 17:51:05.877] [main/DEBUG] [com.tterrag.registrate.AbstractRegistrate/REGISTRATE.REGISTER]: Registered create:cut_andesite_stairs to registry ResourceKey[minecraft:root / minecraft:item]
[10Jan2026 17:51:05.877] [main/DEBUG] [com.tterrag.registrate.AbstractRegistrate/REGISTRATE.REGISTER]: Registered create:cut_andesite_slab to registry ResourceKey[minecraft:root / minecraft:item]
[10Jan2026 17:51:05.877] [main/DEBUG] [com.tterrag.registrate.AbstractRegistrate/REGISTRATE.REGISTER]: Registered create:cut_andesite_wall to registry ResourceKey[minecraft:root / minecraft:item]
[10Jan2026 17:51:05.877] [main/DEBUG] [com.tterrag.registrate.AbstractRegistrate/REGISTRATE.REGISTER]: Registered create:polished_cut_andesite to registry ResourceKey[minecraft:root / minecraft:item]
[10Jan2026 17:51:05.877] [main/DEBUG] [com.tterrag.registrate.AbstractRegistrate/REGISTRATE.REGISTER]: Registered create:polished_cut_andesite_stairs to registry ResourceKey[minecraft:root / minecraft:item]
[10Jan2026 17:51:05.877] [main/DEBUG] [com.tterrag.registrate.AbstractRegistrate/REGISTRATE.REGISTER]: Registered create:polished_cut_andesite_slab to registry ResourceKey[minecraft:root / minecraft:item]
[10Jan2026 17:51:05.877] [main/DEBUG] [com.tterrag.registrate.AbstractRegistrate/REGISTRATE.REGISTER]: Registered create:polished_cut_andesite_wall to registry ResourceKey[minecraft:root / minecraft:item]
[10Jan2026 17:51:05.877] [main/DEBUG] [com.tterrag.registrate.AbstractRegistrate/REGISTRATE.REGISTER]: Registered create:cut_andesite_bricks to registry ResourceKey[minecraft:root / minecraft:item]
[10Jan2026 17:51:05.877] [main/DEBUG] [com.tterrag.registrate.AbstractRegistrate/REGISTRATE.REGISTER]: Registered create:cut_andesite_brick_stairs to registry ResourceKey[minecraft:root / minecraft:item]
[10Jan2026 17:51:05.877] [main/DEBUG] [com.tterrag.registrate.AbstractRegistrate/REGISTRATE.REGISTER]: Registered create:cut_andesite_brick_slab to registry ResourceKey[minecraft:root / minecraft:item]
[10Jan2026 17:51:05.877] [main/DEBUG] [com.tterrag.registrate.AbstractRegistrate/REGISTRATE.REGISTER]: Registered create:cut_andesite_brick_wall to registry ResourceKey[minecraft:root / minecraft:item]
[10Jan2026 17:51:05.877] [main/DEBUG] [com.tterrag.registrate.AbstractRegistrate/REGISTRATE.REGISTER]: Registered create:small_andesite_bricks to registry ResourceKey[minecraft:root / minecraft:item]
[10Jan2026 17:51:05.877] [main/DEBUG] [com.tterrag.registrate.AbstractRegistrate/REGISTRATE.REGISTER]: Registered create:small_andesite_brick_stairs to registry ResourceKey[minecraft:root / minecraft:item]
[10Jan2026 17:51:05.877] [main/DEBUG] [com.tterrag.registrate.AbstractRegistrate/REGISTRATE.REGISTER]: Registered create:small_andesite_brick_slab to registry ResourceKey[minecraft:root / minecraft:item]
[10Jan2026 17:51:05.877] [main/DEBUG] [com.tterrag.registrate.AbstractRegistrate/REGISTRATE.REGISTER]: Registered create:small_andesite_brick_wall to registry ResourceKey[minecraft:root / minecraft:item]
[10Jan2026 17:51:05.877] [main/DEBUG] [com.tterrag.registrate.AbstractRegistrate/REGISTRATE.REGISTER]: Registered create:layered_andesite to registry ResourceKey[minecraft:root / minecraft:item]
[10Jan2026 17:51:05.877] [main/DEBUG] [com.tterrag.registrate.AbstractRegistrate/REGISTRATE.REGISTER]: Registered create:andesite_pillar to registry ResourceKey[minecraft:root / minecraft:item]
[10Jan2026 17:51:05.877] [main/DEBUG] [com.tterrag.registrate.AbstractRegistrate/REGISTRATE.REGISTER]: Registered create:cut_calcite to registry ResourceKey[minecraft:root / minecraft:item]
[10Jan2026 17:51:05.877] [main/DEBUG] [com.tterrag.registrate.AbstractRegistrate/REGISTRATE.REGISTER]: Registered create:cut_calcite_stairs to registry ResourceKey[minecraft:root / minecraft:item]
[10Jan2026 17:51:05.877] [main/DEBUG] [com.tterrag.registrate.AbstractRegistrate/REGISTRATE.REGISTER]: Registered create:cut_calcite_slab to registry ResourceKey[minecraft:root / minecraft:item]
[10Jan2026 17:51:05.877] [main/DEBUG] [com.tterrag.registrate.AbstractRegistrate/REGISTRATE.REGISTER]: Registered create:cut_calcite_wall to registry ResourceKey[minecraft:root / minecraft:item]
[10Jan2026 17:51:05.877] [main/DEBUG] [com.tterrag.registrate.AbstractRegistrate/REGISTRATE.REGISTER]: Registered create:polished_cut_calcite to registry ResourceKey[minecraft:root / minecraft:item]
[10Jan2026 17:51:05.877] [main/DEBUG] [com.tterrag.registrate.AbstractRegistrate/REGISTRATE.REGISTER]: Registered create:polished_cut_calcite_stairs to registry ResourceKey[minecraft:root / minecraft:item]
[10Jan2026 17:51:05.877] [main/DEBUG] [com.tterrag.registrate.AbstractRegistrate/REGISTRATE.REGISTER]: Registered create:polished_cut_calcite_slab to registry ResourceKey[minecraft:root / minecraft:item]
[10Jan2026 17:51:05.877] [main/DEBUG] [com.tterrag.registrate.AbstractRegistrate/REGISTRATE.REGISTER]: Registered create:polished_cut_calcite_wall to registry ResourceKey[minecraft:root / minecraft:item]
[10Jan2026 17:51:05.877] [main/DEBUG] [com.tterrag.registrate.AbstractRegistrate/REGISTRATE.REGISTER]: Registered create:cut_calcite_bricks to registry ResourceKey[minecraft:root / minecraft:item]
[10Jan2026 17:51:05.877] [main/DEBUG] [com.tterrag.registrate.AbstractRegistrate/REGISTRATE.REGISTER]: Registered create:cut_calcite_brick_stairs to registry ResourceKey[minecraft:root / minecraft:item]
[10Jan2026 17:51:05.877] [main/DEBUG] [com.tterrag.registrate.AbstractRegistrate/REGISTRATE.REGISTER]: Registered create:cut_calcite_brick_slab to registry ResourceKey[minecraft:root / minecraft:item]
[10Jan2026 17:51:05.877] [main/DEBUG] [com.tterrag.registrate.AbstractRegistrate/REGISTRATE.REGISTER]: Registered create:cut_calcite_brick_wall to registry ResourceKey[minecraft:root / minecraft:item]
[10Jan2026 17:51:05.878] [main/DEBUG] [com.tterrag.registrate.AbstractRegistrate/REGISTRATE.REGISTER]: Registered create:small_calcite_bricks to registry ResourceKey[minecraft:root / minecraft:item]
[10Jan2026 17:51:05.878] [main/DEBUG] [com.tterrag.registrate.AbstractRegistrate/REGISTRATE.REGISTER]: Registered create:small_calcite_brick_stairs to registry ResourceKey[minecraft:root / minecraft:item]
[10Jan2026 17:51:05.878] [main/DEBUG] [com.tterrag.registrate.AbstractRegistrate/REGISTRATE.REGISTER]: Registered create:small_calcite_brick_slab to registry ResourceKey[minecraft:root / minecraft:item]
[10Jan2026 17:51:05.878] [main/DEBUG] [com.tterrag.registrate.AbstractRegistrate/REGISTRATE.REGISTER]: Registered create:small_calcite_brick_wall to registry ResourceKey[minecraft:root / minecraft:item]
[10Jan2026 17:51:05.878] [main/DEBUG] [com.tterrag.registrate.AbstractRegistrate/REGISTRATE.REGISTER]: Registered create:layered_calcite to registry ResourceKey[minecraft:root / minecraft:item]
[10Jan2026 17:51:05.878] [main/DEBUG] [com.tterrag.registrate.AbstractRegistrate/REGISTRATE.REGISTER]: Registered create:calcite_pillar to registry ResourceKey[minecraft:root / minecraft:item]
[10Jan2026 17:51:05.878] [main/DEBUG] [com.tterrag.registrate.AbstractRegistrate/REGISTRATE.REGISTER]: Registered create:cut_dripstone to registry ResourceKey[minecraft:root / minecraft:item]
[10Jan2026 17:51:05.878] [main/DEBUG] [com.tterrag.registrate.AbstractRegistrate/REGISTRATE.REGISTER]: Registered create:cut_dripstone_stairs to registry ResourceKey[minecraft:root / minecraft:item]
[10Jan2026 17:51:05.878] [main/DEBUG] [com.tterrag.registrate.AbstractRegistrate/REGISTRATE.REGISTER]: Registered create:cut_dripstone_slab to registry ResourceKey[minecraft:root / minecraft:item]
[10Jan2026 17:51:05.878] [main/DEBUG] [com.tterrag.registrate.AbstractRegistrate/REGISTRATE.REGISTER]: Registered create:cut_dripstone_wall to registry ResourceKey[minecraft:root / minecraft:item]
[10Jan2026 17:51:05.878] [main/DEBUG] [com.tterrag.registrate.AbstractRegistrate/REGISTRATE.REGISTER]: Registered create:polished_cut_dripstone to registry ResourceKey[minecraft:root / minecraft:item]
[10Jan2026 17:51:05.878] [main/DEBUG] [com.tterrag.registrate.AbstractRegistrate/REGISTRATE.REGISTER]: Registered create:polished_cut_dripstone_stairs to registry ResourceKey[minecraft:root / minecraft:item]
[10Jan2026 17:51:05.878] [main/DEBUG] [com.tterrag.registrate.AbstractRegistrate/REGISTRATE.REGISTER]: Registered create:polished_cut_dripstone_slab to registry ResourceKey[minecraft:root / minecraft:item]
[10Jan2026 17:51:05.878] [main/DEBUG] [com.tterrag.registrate.AbstractRegistrate/REGISTRATE.REGISTER]: Registered create:polished_cut_dripstone_wall to registry ResourceKey[minecraft:root / minecraft:item]
[10Jan2026 17:51:05.878] [main/DEBUG] [com.tterrag.registrate.AbstractRegistrate/REGISTRATE.REGISTER]: Registered create:cut_dripstone_bricks to registry ResourceKey[minecraft:root / minecraft:item]
[10Jan2026 17:51:05.878] [main/DEBUG] [com.tterrag.registrate.AbstractRegistrate/REGISTRATE.REGISTER]: Registered create:cut_dripstone_brick_stairs to registry ResourceKey[minecraft:root / minecraft:item]
[10Jan2026 17:51:05.878] [main/DEBUG] [com.tterrag.registrate.AbstractRegistrate/REGISTRATE.REGISTER]: Registered create:cut_dripstone_brick_slab to registry ResourceKey[minecraft:root / minecraft:item]
[10Jan2026 17:51:05.878] [main/DEBUG] [com.tterrag.registrate.AbstractRegistrate/REGISTRATE.REGISTER]: Registered create:cut_dripstone_brick_wall to registry ResourceKey[minecraft:root / minecraft:item]
[10Jan2026 17:51:05.878] [main/DEBUG] [com.tterrag.registrate.AbstractRegistrate/REGISTRATE.REGISTER]: Registered create:small_dripstone_bricks to registry ResourceKey[minecraft:root / minecraft:item]
[10Jan2026 17:51:05.878] [main/DEBUG] [com.tterrag.registrate.AbstractRegistrate/REGISTRATE.REGISTER]: Registered create:small_dripstone_brick_stairs to registry ResourceKey[minecraft:root / minecraft:item]
[10Jan2026 17:51:05.878] [main/DEBUG] [com.tterrag.registrate.AbstractRegistrate/REGISTRATE.REGISTER]: Registered create:small_dripstone_brick_slab to registry ResourceKey[minecraft:root / minecraft:item]
[10Jan2026 17:51:05.878] [main/DEBUG] [com.tterrag.registrate.AbstractRegistrate/REGISTRATE.REGISTER]: Registered create:small_dripstone_brick_wall to registry ResourceKey[minecraft:root / minecraft:item]
[10Jan2026 17:51:05.878] [main/DEBUG] [com.tterrag.registrate.AbstractRegistrate/REGISTRATE.REGISTER]: Registered create:layered_dripstone to registry ResourceKey[minecraft:root / minecraft:item]
[10Jan2026 17:51:05.878] [main/DEBUG] [com.tterrag.registrate.AbstractRegistrate/REGISTRATE.REGISTER]: Registered create:dripstone_pillar to registry ResourceKey[minecraft:root / minecraft:item]
[10Jan2026 17:51:05.878] [main/DEBUG] [com.tterrag.registrate.AbstractRegistrate/REGISTRATE.REGISTER]: Registered create:cut_deepslate to registry ResourceKey[minecraft:root / minecraft:item]
[10Jan2026 17:51:05.878] [main/DEBUG] [com.tterrag.registrate.AbstractRegistrate/REGISTRATE.REGISTER]: Registered create:cut_deepslate_stairs to registry ResourceKey[minecraft:root / minecraft:item]
[10Jan2026 17:51:05.878] [main/DEBUG] [com.tterrag.registrate.AbstractRegistrate/REGISTRATE.REGISTER]: Registered create:cut_deepslate_slab to registry ResourceKey[minecraft:root / minecraft:item]
[10Jan2026 17:51:05.878] [main/DEBUG] [com.tterrag.registrate.AbstractRegistrate/REGISTRATE.REGISTER]: Registered create:cut_deepslate_wall to registry ResourceKey[minecraft:root / minecraft:item]
[10Jan2026 17:51:05.878] [main/DEBUG] [com.tterrag.registrate.AbstractRegistrate/REGISTRATE.REGISTER]: Registered create:polished_cut_deepslate to registry ResourceKey[minecraft:root / minecraft:item]
[10Jan2026 17:51:05.878] [main/DEBUG] [com.tterrag.registrate.AbstractRegistrate/REGISTRATE.REGISTER]: Registered create:polished_cut_deepslate_stairs to registry ResourceKey[minecraft:root / minecraft:item]
[10Jan2026 17:51:05.878] [main/DEBUG] [com.tterrag.registrate.AbstractRegistrate/REGISTRATE.REGISTER]: Registered create:polished_cut_deepslate_slab to registry ResourceKey[minecraft:root / minecraft:item]
[10Jan2026 17:51:05.878] [main/DEBUG] [com.tterrag.registrate.AbstractRegistrate/REGISTRATE.REGISTER]: Registered create:polished_cut_deepslate_wall to registry ResourceKey[minecraft:root / minecraft:item]
[10Jan2026 17:51:05.878] [main/DEBUG] [com.tterrag.registrate.AbstractRegistrate/REGISTRATE.REGISTER]: Registered create:cut_deepslate_bricks to registry ResourceKey[minecraft:root / minecraft:item]
[10Jan2026 17:51:05.878] [main/DEBUG] [com.tterrag.registrate.AbstractRegistrate/REGISTRATE.REGISTER]: Registered create:cut_deepslate_brick_stairs to registry ResourceKey[minecraft:root / minecraft:item]
[10Jan2026 17:51:05.878] [main/DEBUG] [com.tterrag.registrate.AbstractRegistrate/REGISTRATE.REGISTER]: Registered create:cut_deepslate_brick_slab to registry ResourceKey[minecraft:root / minecraft:item]
[10Jan2026 17:51:05.878] [main/DEBUG] [com.tterrag.registrate.AbstractRegistrate/REGISTRATE.REGISTER]: Registered create:cut_deepslate_brick_wall to registry ResourceKey[minecraft:root / minecraft:item]
[10Jan2026 17:51:05.878] [main/DEBUG] [com.tterrag.registrate.AbstractRegistrate/REGISTRATE.REGISTER]: Registered create:small_deepslate_bricks to registry ResourceKey[minecraft:root / minecraft:item]
[10Jan2026 17:51:05.878] [main/DEBUG] [com.tterrag.registrate.AbstractRegistrate/REGISTRATE.REGISTER]: Registered create:small_deepslate_brick_stairs to registry ResourceKey[minecraft:root / minecraft:item]
[10Jan2026 17:51:05.878] [main/DEBUG] [com.tterrag.registrate.AbstractRegistrate/REGISTRATE.REGISTER]: Registered create:small_deepslate_brick_slab to registry ResourceKey[minecraft:root / minecraft:item]
[10Jan2026 17:51:05.878] [main/DEBUG] [com.tterrag.registrate.AbstractRegistrate/REGISTRATE.REGISTER]: Registered create:small_deepslate_brick_wall to registry ResourceKey[minecraft:root / minecraft:item]
[10Jan2026 17:51:05.878] [main/DEBUG] [com.tterrag.registrate.AbstractRegistrate/REGISTRATE.REGISTER]: Registered create:layered_deepslate to registry ResourceKey[minecraft:root / minecraft:item]
[10Jan2026 17:51:05.878] [main/DEBUG] [com.tterrag.registrate.AbstractRegistrate/REGISTRATE.REGISTER]: Registered create:deepslate_pillar to registry ResourceKey[minecraft:root / minecraft:item]
[10Jan2026 17:51:05.878] [main/DEBUG] [com.tterrag.registrate.AbstractRegistrate/REGISTRATE.REGISTER]: Registered create:cut_tuff to registry ResourceKey[minecraft:root / minecraft:item]
[10Jan2026 17:51:05.878] [main/DEBUG] [com.tterrag.registrate.AbstractRegistrate/REGISTRATE.REGISTER]: Registered create:cut_tuff_stairs to registry ResourceKey[minecraft:root / minecraft:item]
[10Jan2026 17:51:05.878] [main/DEBUG] [com.tterrag.registrate.AbstractRegistrate/REGISTRATE.REGISTER]: Registered create:cut_tuff_slab to registry ResourceKey[minecraft:root / minecraft:item]
[10Jan2026 17:51:05.878] [main/DEBUG] [com.tterrag.registrate.AbstractRegistrate/REGISTRATE.REGISTER]: Registered create:cut_tuff_wall to registry ResourceKey[minecraft:root / minecraft:item]
[10Jan2026 17:51:05.878] [main/DEBUG] [com.tterrag.registrate.AbstractRegistrate/REGISTRATE.REGISTER]: Registered create:polished_cut_tuff to registry ResourceKey[minecraft:root / minecraft:item]
[10Jan2026 17:51:05.878] [main/DEBUG] [com.tterrag.registrate.AbstractRegistrate/REGISTRATE.REGISTER]: Registered create:polished_cut_tuff_stairs to registry ResourceKey[minecraft:root / minecraft:item]
[10Jan2026 17:51:05.878] [main/DEBUG] [com.tterrag.registrate.AbstractRegistrate/REGISTRATE.REGISTER]: Registered create:polished_cut_tuff_slab to registry ResourceKey[minecraft:root / minecraft:item]
[10Jan2026 17:51:05.878] [main/DEBUG] [com.tterrag.registrate.AbstractRegistrate/REGISTRATE.REGISTER]: Registered create:polished_cut_tuff_wall to registry ResourceKey[minecraft:root / minecraft:item]
[10Jan2026 17:51:05.878] [main/DEBUG] [com.tterrag.registrate.AbstractRegistrate/REGISTRATE.REGISTER]: Registered create:cut_tuff_bricks to registry ResourceKey[minecraft:root / minecraft:item]
[10Jan2026 17:51:05.878] [main/DEBUG] [com.tterrag.registrate.AbstractRegistrate/REGISTRATE.REGISTER]: Registered create:cut_tuff_brick_stairs to registry ResourceKey[minecraft:root / minecraft:item]
[10Jan2026 17:51:05.878] [main/DEBUG] [com.tterrag.registrate.AbstractRegistrate/REGISTRATE.REGISTER]: Registered create:cut_tuff_brick_slab to registry ResourceKey[minecraft:root / minecraft:item]
[10Jan2026 17:51:05.878] [main/DEBUG] [com.tterrag.registrate.AbstractRegistrate/REGISTRATE.REGISTER]: Registered create:cut_tuff_brick_wall to registry ResourceKey[minecraft:root / minecraft:item]
[10Jan2026 17:51:05.878] [main/DEBUG] [com.tterrag.registrate.AbstractRegistrate/REGISTRATE.REGISTER]: Registered create:small_tuff_bricks to registry ResourceKey[minecraft:root / minecraft:item]
[10Jan2026 17:51:05.878] [main/DEBUG] [com.tterrag.registrate.AbstractRegistrate/REGISTRATE.REGISTER]: Registered create:small_tuff_brick_stairs to registry ResourceKey[minecraft:root / minecraft:item]
[10Jan2026 17:51:05.878] [main/DEBUG] [com.tterrag.registrate.AbstractRegistrate/REGISTRATE.REGISTER]: Registered create:small_tuff_brick_slab to registry ResourceKey[minecraft:root / minecraft:item]
[10Jan2026 17:51:05.878] [main/DEBUG] [com.tterrag.registrate.AbstractRegistrate/REGISTRATE.REGISTER]: Registered create:small_tuff_brick_wall to registry ResourceKey[minecraft:root / minecraft:item]
[10Jan2026 17:51:05.878] [main/DEBUG] [com.tterrag.registrate.AbstractRegistrate/REGISTRATE.REGISTER]: Registered create:layered_tuff to registry ResourceKey[minecraft:root / minecraft:item]
[10Jan2026 17:51:05.878] [main/DEBUG] [com.tterrag.registrate.AbstractRegistrate/REGISTRATE.REGISTER]: Registered create:tuff_pillar to registry ResourceKey[minecraft:root / minecraft:item]
[10Jan2026 17:51:05.878] [main/DEBUG] [com.tterrag.registrate.AbstractRegistrate/REGISTRATE.REGISTER]: Registered create:asurine to registry ResourceKey[minecraft:root / minecraft:item]
[10Jan2026 17:51:05.878] [main/DEBUG] [com.tterrag.registrate.AbstractRegistrate/REGISTRATE.REGISTER]: Registered create:cut_asurine to registry ResourceKey[minecraft:root / minecraft:item]
[10Jan2026 17:51:05.878] [main/DEBUG] [com.tterrag.registrate.AbstractRegistrate/REGISTRATE.REGISTER]: Registered create:cut_asurine_stairs to registry ResourceKey[minecraft:root / minecraft:item]
[10Jan2026 17:51:05.878] [main/DEBUG] [com.tterrag.registrate.AbstractRegistrate/REGISTRATE.REGISTER]: Registered create:cut_asurine_slab to registry ResourceKey[minecraft:root / minecraft:item]
[10Jan2026 17:51:05.878] [main/DEBUG] [com.tterrag.registrate.AbstractRegistrate/REGISTRATE.REGISTER]: Registered create:cut_asurine_wall to registry ResourceKey[minecraft:root / minecraft:item]
[10Jan2026 17:51:05.878] [main/DEBUG] [com.tterrag.registrate.AbstractRegistrate/REGISTRATE.REGISTER]: Registered create:polished_cut_asurine to registry ResourceKey[minecraft:root / minecraft:item]
[10Jan2026 17:51:05.878] [main/DEBUG] [com.tterrag.registrate.AbstractRegistrate/REGISTRATE.REGISTER]: Registered create:polished_cut_asurine_stairs to registry ResourceKey[minecraft:root / minecraft:item]
[10Jan2026 17:51:05.878] [main/DEBUG] [com.tterrag.registrate.AbstractRegistrate/REGISTRATE.REGISTER]: Registered create:polished_cut_asurine_slab to registry ResourceKey[minecraft:root / minecraft:item]
[10Jan2026 17:51:05.878] [main/DEBUG] [com.tterrag.registrate.AbstractRegistrate/REGISTRATE.REGISTER]: Registered create:polished_cut_asurine_wall to registry ResourceKey[minecraft:root / minecraft:item]
[10Jan2026 17:51:05.878] [main/DEBUG] [com.tterrag.registrate.AbstractRegistrate/REGISTRATE.REGISTER]: Registered create:cut_asurine_bricks to registry ResourceKey[minecraft:root / minecraft:item]
[10Jan2026 17:51:05.878] [main/DEBUG] [com.tterrag.registrate.AbstractRegistrate/REGISTRATE.REGISTER]: Registered create:cut_asurine_brick_stairs to registry ResourceKey[minecraft:root / minecraft:item]
[10Jan2026 17:51:05.878] [main/DEBUG] [com.tterrag.registrate.AbstractRegistrate/REGISTRATE.REGISTER]: Registered create:cut_asurine_brick_slab to registry ResourceKey[minecraft:root / minecraft:item]
[10Jan2026 17:51:05.878] [main/DEBUG] [com.tterrag.registrate.AbstractRegistrate/REGISTRATE.REGISTER]: Registered create:cut_asurine_brick_wall to registry ResourceKey[minecraft:root / minecraft:item]
[10Jan2026 17:51:05.878] [main/DEBUG] [com.tterrag.registrate.AbstractRegistrate/REGISTRATE.REGISTER]: Registered create:small_asurine_bricks to registry ResourceKey[minecraft:root / minecraft:item]
[10Jan2026 17:51:05.878] [main/DEBUG] [com.tterrag.registrate.AbstractRegistrate/REGISTRATE.REGISTER]: Registered create:small_asurine_brick_stairs to registry ResourceKey[minecraft:root / minecraft:item]
[10Jan2026 17:51:05.878] [main/DEBUG] [com.tterrag.registrate.AbstractRegistrate/REGISTRATE.REGISTER]: Registered create:small_asurine_brick_slab to registry ResourceKey[minecraft:root / minecraft:item]
[10Jan2026 17:51:05.878] [main/DEBUG] [com.tterrag.registrate.AbstractRegistrate/REGISTRATE.REGISTER]: Registered create:small_asurine_brick_wall to registry ResourceKey[minecraft:root / minecraft:item]
[10Jan2026 17:51:05.878] [main/DEBUG] [com.tterrag.registrate.AbstractRegistrate/REGISTRATE.REGISTER]: Registered create:layered_asurine to registry ResourceKey[minecraft:root / minecraft:item]
[10Jan2026 17:51:05.878] [main/DEBUG] [com.tterrag.registrate.AbstractRegistrate/REGISTRATE.REGISTER]: Registered create:asurine_pillar to registry ResourceKey[minecraft:root / minecraft:item]
[10Jan2026 17:51:05.878] [main/DEBUG] [com.tterrag.registrate.AbstractRegistrate/REGISTRATE.REGISTER]: Registered create:crimsite to registry ResourceKey[minecraft:root / minecraft:item]
[10Jan2026 17:51:05.878] [main/DEBUG] [com.tterrag.registrate.AbstractRegistrate/REGISTRATE.REGISTER]: Registered create:cut_crimsite to registry ResourceKey[minecraft:root / minecraft:item]
[10Jan2026 17:51:05.878] [main/DEBUG] [com.tterrag.registrate.AbstractRegistrate/REGISTRATE.REGISTER]: Registered create:cut_crimsite_stairs to registry ResourceKey[minecraft:root / minecraft:item]
[10Jan2026 17:51:05.879] [main/DEBUG] [com.tterrag.registrate.AbstractRegistrate/REGISTRATE.REGISTER]: Registered create:cut_crimsite_slab to registry ResourceKey[minecraft:root / minecraft:item]
[10Jan2026 17:51:05.879] [main/DEBUG] [com.tterrag.registrate.AbstractRegistrate/REGISTRATE.REGISTER]: Registered create:cut_crimsite_wall to registry ResourceKey[minecraft:root / minecraft:item]
[10Jan2026 17:51:05.879] [main/DEBUG] [com.tterrag.registrate.AbstractRegistrate/REGISTRATE.REGISTER]: Registered create:polished_cut_crimsite to registry ResourceKey[minecraft:root / minecraft:item]
[10Jan2026 17:51:05.879] [main/DEBUG] [com.tterrag.registrate.AbstractRegistrate/REGISTRATE.REGISTER]: Registered create:polished_cut_crimsite_stairs to registry ResourceKey[minecraft:root / minecraft:item]
[10Jan2026 17:51:05.879] [main/DEBUG] [com.tterrag.registrate.AbstractRegistrate/REGISTRATE.REGISTER]: Registered create:polished_cut_crimsite_slab to registry ResourceKey[minecraft:root / minecraft:item]
[10Jan2026 17:51:05.879] [main/DEBUG] [com.tterrag.registrate.AbstractRegistrate/REGISTRATE.REGISTER]: Registered create:polished_cut_crimsite_wall to registry ResourceKey[minecraft:root / minecraft:item]
[10Jan2026 17:51:05.879] [main/DEBUG] [com.tterrag.registrate.AbstractRegistrate/REGISTRATE.REGISTER]: Registered create:cut_crimsite_bricks to registry ResourceKey[minecraft:root / minecraft:item]
[10Jan2026 17:51:05.879] [main/DEBUG] [com.tterrag.registrate.AbstractRegistrate/REGISTRATE.REGISTER]: Registered create:cut_crimsite_brick_stairs to registry ResourceKey[minecraft:root / minecraft:item]
[10Jan2026 17:51:05.879] [main/DEBUG] [com.tterrag.registrate.AbstractRegistrate/REGISTRATE.REGISTER]: Registered create:cut_crimsite_brick_slab to registry ResourceKey[minecraft:root / minecraft:item]
[10Jan2026 17:51:05.879] [main/DEBUG] [com.tterrag.registrate.AbstractRegistrate/REGISTRATE.REGISTER]: Registered create:cut_crimsite_brick_wall to registry ResourceKey[minecraft:root / minecraft:item]
[10Jan2026 17:51:05.879] [main/DEBUG] [com.tterrag.registrate.AbstractRegistrate/REGISTRATE.REGISTER]: Registered create:small_crimsite_bricks to registry ResourceKey[minecraft:root / minecraft:item]
[10Jan2026 17:51:05.879] [main/DEBUG] [com.tterrag.registrate.AbstractRegistrate/REGISTRATE.REGISTER]: Registered create:small_crimsite_brick_stairs to registry ResourceKey[minecraft:root / minecraft:item]
[10Jan2026 17:51:05.879] [main/DEBUG] [com.tterrag.registrate.AbstractRegistrate/REGISTRATE.REGISTER]: Registered create:small_crimsite_brick_slab to registry ResourceKey[minecraft:root / minecraft:item]
[10Jan2026 17:51:05.879] [main/DEBUG] [com.tterrag.registrate.AbstractRegistrate/REGISTRATE.REGISTER]: Registered create:small_crimsite_brick_wall to registry ResourceKey[minecraft:root / minecraft:item]
[10Jan2026 17:51:05.879] [main/DEBUG] [com.tterrag.registrate.AbstractRegistrate/REGISTRATE.REGISTER]: Registered create:layered_crimsite to registry ResourceKey[minecraft:root / minecraft:item]
[10Jan2026 17:51:05.879] [main/DEBUG] [com.tterrag.registrate.AbstractRegistrate/REGISTRATE.REGISTER]: Registered create:crimsite_pillar to registry ResourceKey[minecraft:root / minecraft:item]
[10Jan2026 17:51:05.879] [main/DEBUG] [com.tterrag.registrate.AbstractRegistrate/REGISTRATE.REGISTER]: Registered create:limestone to registry ResourceKey[minecraft:root / minecraft:item]
[10Jan2026 17:51:05.879] [main/DEBUG] [com.tterrag.registrate.AbstractRegistrate/REGISTRATE.REGISTER]: Registered create:cut_limestone to registry ResourceKey[minecraft:root / minecraft:item]
[10Jan2026 17:51:05.879] [main/DEBUG] [com.tterrag.registrate.AbstractRegistrate/REGISTRATE.REGISTER]: Registered create:cut_limestone_stairs to registry ResourceKey[minecraft:root / minecraft:item]
[10Jan2026 17:51:05.879] [main/DEBUG] [com.tterrag.registrate.AbstractRegistrate/REGISTRATE.REGISTER]: Registered create:cut_limestone_slab to registry ResourceKey[minecraft:root / minecraft:item]
[10Jan2026 17:51:05.879] [main/DEBUG] [com.tterrag.registrate.AbstractRegistrate/REGISTRATE.REGISTER]: Registered create:cut_limestone_wall to registry ResourceKey[minecraft:root / minecraft:item]
[10Jan2026 17:51:05.879] [main/DEBUG] [com.tterrag.registrate.AbstractRegistrate/REGISTRATE.REGISTER]: Registered create:polished_cut_limestone to registry ResourceKey[minecraft:root / minecraft:item]
[10Jan2026 17:51:05.879] [main/DEBUG] [com.tterrag.registrate.AbstractRegistrate/REGISTRATE.REGISTER]: Registered create:polished_cut_limestone_stairs to registry ResourceKey[minecraft:root / minecraft:item]
[10Jan2026 17:51:05.879] [main/DEBUG] [com.tterrag.registrate.AbstractRegistrate/REGISTRATE.REGISTER]: Registered create:polished_cut_limestone_slab to registry ResourceKey[minecraft:root / minecraft:item]
[10Jan2026 17:51:05.879] [main/DEBUG] [com.tterrag.registrate.AbstractRegistrate/REGISTRATE.REGISTER]: Registered create:polished_cut_limestone_wall to registry ResourceKey[minecraft:root / minecraft:item]
[10Jan2026 17:51:05.879] [main/DEBUG] [com.tterrag.registrate.AbstractRegistrate/REGISTRATE.REGISTER]: Registered create:cut_limestone_bricks to registry ResourceKey[minecraft:root / minecraft:item]
[10Jan2026 17:51:05.879] [main/DEBUG] [com.tterrag.registrate.AbstractRegistrate/REGISTRATE.REGISTER]: Registered create:cut_limestone_brick_stairs to registry ResourceKey[minecraft:root / minecraft:item]
[10Jan2026 17:51:05.879] [main/DEBUG] [com.tterrag.registrate.AbstractRegistrate/REGISTRATE.REGISTER]: Registered create:cut_limestone_brick_slab to registry ResourceKey[minecraft:root / minecraft:item]
[10Jan2026 17:51:05.879] [main/DEBUG] [com.tterrag.registrate.AbstractRegistrate/REGISTRATE.REGISTER]: Registered create:cut_limestone_brick_wall to registry ResourceKey[minecraft:root / minecraft:item]
[10Jan2026 17:51:05.879] [main/DEBUG] [com.tterrag.registrate.AbstractRegistrate/REGISTRATE.REGISTER]: Registered create:small_limestone_bricks to registry ResourceKey[minecraft:root / minecraft:item]
[10Jan2026 17:51:05.879] [main/DEBUG] [com.tterrag.registrate.AbstractRegistrate/REGISTRATE.REGISTER]: Registered create:small_limestone_brick_stairs to registry ResourceKey[minecraft:root / minecraft:item]
[10Jan2026 17:51:05.879] [main/DEBUG] [com.tterrag.registrate.AbstractRegistrate/REGISTRATE.REGISTER]: Registered create:small_limestone_brick_slab to registry ResourceKey[minecraft:root / minecraft:item]
[10Jan2026 17:51:05.879] [main/DEBUG] [com.tterrag.registrate.AbstractRegistrate/REGISTRATE.REGISTER]: Registered create:small_limestone_brick_wall to registry ResourceKey[minecraft:root / minecraft:item]
[10Jan2026 17:51:05.879] [main/DEBUG] [com.tterrag.registrate.AbstractRegistrate/REGISTRATE.REGISTER]: Registered create:layered_limestone to registry ResourceKey[minecraft:root / minecraft:item]
[10Jan2026 17:51:05.879] [main/DEBUG] [com.tterrag.registrate.AbstractRegistrate/REGISTRATE.REGISTER]: Registered create:limestone_pillar to registry ResourceKey[minecraft:root / minecraft:item]
[10Jan2026 17:51:05.879] [main/DEBUG] [com.tterrag.registrate.AbstractRegistrate/REGISTRATE.REGISTER]: Registered create:ochrum to registry ResourceKey[minecraft:root / minecraft:item]
[10Jan2026 17:51:05.879] [main/DEBUG] [com.tterrag.registrate.AbstractRegistrate/REGISTRATE.REGISTER]: Registered create:cut_ochrum to registry ResourceKey[minecraft:root / minecraft:item]
[10Jan2026 17:51:05.879] [main/DEBUG] [com.tterrag.registrate.AbstractRegistrate/REGISTRATE.REGISTER]: Registered create:cut_ochrum_stairs to registry ResourceKey[minecraft:root / minecraft:item]
[10Jan2026 17:51:05.879] [main/DEBUG] [com.tterrag.registrate.AbstractRegistrate/REGISTRATE.REGISTER]: Registered create:cut_ochrum_slab to registry ResourceKey[minecraft:root / minecraft:item]
[10Jan2026 17:51:05.879] [main/DEBUG] [com.tterrag.registrate.AbstractRegistrate/REGISTRATE.REGISTER]: Registered create:cut_ochrum_wall to registry ResourceKey[minecraft:root / minecraft:item]
[10Jan2026 17:51:05.879] [main/DEBUG] [com.tterrag.registrate.AbstractRegistrate/REGISTRATE.REGISTER]: Registered create:polished_cut_ochrum to registry ResourceKey[minecraft:root / minecraft:item]
[10Jan2026 17:51:05.879] [main/DEBUG] [com.tterrag.registrate.AbstractRegistrate/REGISTRATE.REGISTER]: Registered create:polished_cut_ochrum_stairs to registry ResourceKey[minecraft:root / minecraft:item]
[10Jan2026 17:51:05.879] [main/DEBUG] [com.tterrag.registrate.AbstractRegistrate/REGISTRATE.REGISTER]: Registered create:polished_cut_ochrum_slab to registry ResourceKey[minecraft:root / minecraft:item]
[10Jan2026 17:51:05.879] [main/DEBUG] [com.tterrag.registrate.AbstractRegistrate/REGISTRATE.REGISTER]: Registered create:polished_cut_ochrum_wall to registry ResourceKey[minecraft:root / minecraft:item]
[10Jan2026 17:51:05.879] [main/DEBUG] [com.tterrag.registrate.AbstractRegistrate/REGISTRATE.REGISTER]: Registered create:cut_ochrum_bricks to registry ResourceKey[minecraft:root / minecraft:item]
[10Jan2026 17:51:05.879] [main/DEBUG] [com.tterrag.registrate.AbstractRegistrate/REGISTRATE.REGISTER]: Registered create:cut_ochrum_brick_stairs to registry ResourceKey[minecraft:root / minecraft:item]
[10Jan2026 17:51:05.879] [main/DEBUG] [com.tterrag.registrate.AbstractRegistrate/REGISTRATE.REGISTER]: Registered create:cut_ochrum_brick_slab to registry ResourceKey[minecraft:root / minecraft:item]
[10Jan2026 17:51:05.879] [main/DEBUG] [com.tterrag.registrate.AbstractRegistrate/REGISTRATE.REGISTER]: Registered create:cut_ochrum_brick_wall to registry ResourceKey[minecraft:root / minecraft:item]
[10Jan2026 17:51:05.879] [main/DEBUG] [com.tterrag.registrate.AbstractRegistrate/REGISTRATE.REGISTER]: Registered create:small_ochrum_bricks to registry ResourceKey[minecraft:root / minecraft:item]
[10Jan2026 17:51:05.879] [main/DEBUG] [com.tterrag.registrate.AbstractRegistrate/REGISTRATE.REGISTER]: Registered create:small_ochrum_brick_stairs to registry ResourceKey[minecraft:root / minecraft:item]
[10Jan2026 17:51:05.879] [main/DEBUG] [com.tterrag.registrate.AbstractRegistrate/REGISTRATE.REGISTER]: Registered create:small_ochrum_brick_slab to registry ResourceKey[minecraft:root / minecraft:item]
[10Jan2026 17:51:05.879] [main/DEBUG] [com.tterrag.registrate.AbstractRegistrate/REGISTRATE.REGISTER]: Registered create:small_ochrum_brick_wall to registry ResourceKey[minecraft:root / minecraft:item]
[10Jan2026 17:51:05.879] [main/DEBUG] [com.tterrag.registrate.AbstractRegistrate/REGISTRATE.REGISTER]: Registered create:layered_ochrum to registry ResourceKey[minecraft:root / minecraft:item]
[10Jan2026 17:51:05.879] [main/DEBUG] [com.tterrag.registrate.AbstractRegistrate/REGISTRATE.REGISTER]: Registered create:ochrum_pillar to registry ResourceKey[minecraft:root / minecraft:item]
[10Jan2026 17:51:05.879] [main/DEBUG] [com.tterrag.registrate.AbstractRegistrate/REGISTRATE.REGISTER]: Registered create:scoria to registry ResourceKey[minecraft:root / minecraft:item]
[10Jan2026 17:51:05.879] [main/DEBUG] [com.tterrag.registrate.AbstractRegistrate/REGISTRATE.REGISTER]: Registered create:cut_scoria to registry ResourceKey[minecraft:root / minecraft:item]
[10Jan2026 17:51:05.879] [main/DEBUG] [com.tterrag.registrate.AbstractRegistrate/REGISTRATE.REGISTER]: Registered create:cut_scoria_stairs to registry ResourceKey[minecraft:root / minecraft:item]
[10Jan2026 17:51:05.879] [main/DEBUG] [com.tterrag.registrate.AbstractRegistrate/REGISTRATE.REGISTER]: Registered create:cut_scoria_slab to registry ResourceKey[minecraft:root / minecraft:item]
[10Jan2026 17:51:05.879] [main/DEBUG] [com.tterrag.registrate.AbstractRegistrate/REGISTRATE.REGISTER]: Registered create:cut_scoria_wall to registry ResourceKey[minecraft:root / minecraft:item]
[10Jan2026 17:51:05.879] [main/DEBUG] [com.tterrag.registrate.AbstractRegistrate/REGISTRATE.REGISTER]: Registered create:polished_cut_scoria to registry ResourceKey[minecraft:root / minecraft:item]
[10Jan2026 17:51:05.879] [main/DEBUG] [com.tterrag.registrate.AbstractRegistrate/REGISTRATE.REGISTER]: Registered create:polished_cut_scoria_stairs to registry ResourceKey[minecraft:root / minecraft:item]
[10Jan2026 17:51:05.879] [main/DEBUG] [com.tterrag.registrate.AbstractRegistrate/REGISTRATE.REGISTER]: Registered create:polished_cut_scoria_slab to registry ResourceKey[minecraft:root / minecraft:item]
[10Jan2026 17:51:05.879] [main/DEBUG] [com.tterrag.registrate.AbstractRegistrate/REGISTRATE.REGISTER]: Registered create:polished_cut_scoria_wall to registry ResourceKey[minecraft:root / minecraft:item]
[10Jan2026 17:51:05.879] [main/DEBUG] [com.tterrag.registrate.AbstractRegistrate/REGISTRATE.REGISTER]: Registered create:cut_scoria_bricks to registry ResourceKey[minecraft:root / minecraft:item]
[10Jan2026 17:51:05.879] [main/DEBUG] [com.tterrag.registrate.AbstractRegistrate/REGISTRATE.REGISTER]: Registered create:cut_scoria_brick_stairs to registry ResourceKey[minecraft:root / minecraft:item]
[10Jan2026 17:51:05.879] [main/DEBUG] [com.tterrag.registrate.AbstractRegistrate/REGISTRATE.REGISTER]: Registered create:cut_scoria_brick_slab to registry ResourceKey[minecraft:root / minecraft:item]
[10Jan2026 17:51:05.879] [main/DEBUG] [com.tterrag.registrate.AbstractRegistrate/REGISTRATE.REGISTER]: Registered create:cut_scoria_brick_wall to registry ResourceKey[minecraft:root / minecraft:item]
[10Jan2026 17:51:05.879] [main/DEBUG] [com.tterrag.registrate.AbstractRegistrate/REGISTRATE.REGISTER]: Registered create:small_scoria_bricks to registry ResourceKey[minecraft:root / minecraft:item]
[10Jan2026 17:51:05.879] [main/DEBUG] [com.tterrag.registrate.AbstractRegistrate/REGISTRATE.REGISTER]: Registered create:small_scoria_brick_stairs to registry ResourceKey[minecraft:root / minecraft:item]
[10Jan2026 17:51:05.879] [main/DEBUG] [com.tterrag.registrate.AbstractRegistrate/REGISTRATE.REGISTER]: Registered create:small_scoria_brick_slab to registry ResourceKey[minecraft:root / minecraft:item]
[10Jan2026 17:51:05.879] [main/DEBUG] [com.tterrag.registrate.AbstractRegistrate/REGISTRATE.REGISTER]: Registered create:small_scoria_brick_wall to registry ResourceKey[minecraft:root / minecraft:item]
[10Jan2026 17:51:05.879] [main/DEBUG] [com.tterrag.registrate.AbstractRegistrate/REGISTRATE.REGISTER]: Registered create:layered_scoria to registry ResourceKey[minecraft:root / minecraft:item]
[10Jan2026 17:51:05.879] [main/DEBUG] [com.tterrag.registrate.AbstractRegistrate/REGISTRATE.REGISTER]: Registered create:scoria_pillar to registry ResourceKey[minecraft:root / minecraft:item]
[10Jan2026 17:51:05.879] [main/DEBUG] [com.tterrag.registrate.AbstractRegistrate/REGISTRATE.REGISTER]: Registered create:scorchia to registry ResourceKey[minecraft:root / minecraft:item]
[10Jan2026 17:51:05.879] [main/DEBUG] [com.tterrag.registrate.AbstractRegistrate/REGISTRATE.REGISTER]: Registered create:cut_scorchia to registry ResourceKey[minecraft:root / minecraft:item]
[10Jan2026 17:51:05.879] [main/DEBUG] [com.tterrag.registrate.AbstractRegistrate/REGISTRATE.REGISTER]: Registered create:cut_scorchia_stairs to registry ResourceKey[minecraft:root / minecraft:item]
[10Jan2026 17:51:05.879] [main/DEBUG] [com.tterrag.registrate.AbstractRegistrate/REGISTRATE.REGISTER]: Registered create:cut_scorchia_slab to registry ResourceKey[minecraft:root / minecraft:item]
[10Jan2026 17:51:05.879] [main/DEBUG] [com.tterrag.registrate.AbstractRegistrate/REGISTRATE.REGISTER]: Registered create:cut_scorchia_wall to registry ResourceKey[minecraft:root / minecraft:item]
[10Jan2026 17:51:05.879] [main/DEBUG] [com.tterrag.registrate.AbstractRegistrate/REGISTRATE.REGISTER]: Registered create:polished_cut_scorchia to registry ResourceKey[minecraft:root / minecraft:item]
[10Jan2026 17:51:05.879] [main/DEBUG] [com.tterrag.registrate.AbstractRegistrate/REGISTRATE.REGISTER]: Registered create:polished_cut_scorchia_stairs to registry ResourceKey[minecraft:root / minecraft:item]
[10Jan2026 17:51:05.879] [main/DEBUG] [com.tterrag.registrate.AbstractRegistrate/REGISTRATE.REGISTER]: Registered create:polished_cut_scorchia_slab to registry ResourceKey[minecraft:root / minecraft:item]
[10Jan2026 17:51:05.879] [main/DEBUG] [com.tterrag.registrate.AbstractRegistrate/REGISTRATE.REGISTER]: Registered create:polished_cut_scorchia_wall to registry ResourceKey[minecraft:root / minecraft:item]
[10Jan2026 17:51:05.880] [main/DEBUG] [com.tterrag.registrate.AbstractRegistrate/REGISTRATE.REGISTER]: Registered create:cut_scorchia_bricks to registry ResourceKey[minecraft:root / minecraft:item]
[10Jan2026 17:51:05.880] [main/DEBUG] [com.tterrag.registrate.AbstractRegistrate/REGISTRATE.REGISTER]: Registered create:cut_scorchia_brick_stairs to registry ResourceKey[minecraft:root / minecraft:item]
[10Jan2026 17:51:05.880] [main/DEBUG] [com.tterrag.registrate.AbstractRegistrate/REGISTRATE.REGISTER]: Registered create:cut_scorchia_brick_slab to registry ResourceKey[minecraft:root / minecraft:item]
[10Jan2026 17:51:05.880] [main/DEBUG] [com.tterrag.registrate.AbstractRegistrate/REGISTRATE.REGISTER]: Registered create:cut_scorchia_brick_wall to registry ResourceKey[minecraft:root / minecraft:item]
[10Jan2026 17:51:05.880] [main/DEBUG] [com.tterrag.registrate.AbstractRegistrate/REGISTRATE.REGISTER]: Registered create:small_scorchia_bricks to registry ResourceKey[minecraft:root / minecraft:item]
[10Jan2026 17:51:05.880] [main/DEBUG] [com.tterrag.registrate.AbstractRegistrate/REGISTRATE.REGISTER]: Registered create:small_scorchia_brick_stairs to registry ResourceKey[minecraft:root / minecraft:item]
[10Jan2026 17:51:05.880] [main/DEBUG] [com.tterrag.registrate.AbstractRegistrate/REGISTRATE.REGISTER]: Registered create:small_scorchia_brick_slab to registry ResourceKey[minecraft:root / minecraft:item]
[10Jan2026 17:51:05.880] [main/DEBUG] [com.tterrag.registrate.AbstractRegistrate/REGISTRATE.REGISTER]: Registered create:small_scorchia_brick_wall to registry ResourceKey[minecraft:root / minecraft:item]
[10Jan2026 17:51:05.880] [main/DEBUG] [com.tterrag.registrate.AbstractRegistrate/REGISTRATE.REGISTER]: Registered create:layered_scorchia to registry ResourceKey[minecraft:root / minecraft:item]
[10Jan2026 17:51:05.880] [main/DEBUG] [com.tterrag.registrate.AbstractRegistrate/REGISTRATE.REGISTER]: Registered create:scorchia_pillar to registry ResourceKey[minecraft:root / minecraft:item]
[10Jan2026 17:51:05.880] [main/DEBUG] [com.tterrag.registrate.AbstractRegistrate/REGISTRATE.REGISTER]: Registered create:veridium to registry ResourceKey[minecraft:root / minecraft:item]
[10Jan2026 17:51:05.880] [main/DEBUG] [com.tterrag.registrate.AbstractRegistrate/REGISTRATE.REGISTER]: Registered create:cut_veridium to registry ResourceKey[minecraft:root / minecraft:item]
[10Jan2026 17:51:05.880] [main/DEBUG] [com.tterrag.registrate.AbstractRegistrate/REGISTRATE.REGISTER]: Registered create:cut_veridium_stairs to registry ResourceKey[minecraft:root / minecraft:item]
[10Jan2026 17:51:05.880] [main/DEBUG] [com.tterrag.registrate.AbstractRegistrate/REGISTRATE.REGISTER]: Registered create:cut_veridium_slab to registry ResourceKey[minecraft:root / minecraft:item]
[10Jan2026 17:51:05.880] [main/DEBUG] [com.tterrag.registrate.AbstractRegistrate/REGISTRATE.REGISTER]: Registered create:cut_veridium_wall to registry ResourceKey[minecraft:root / minecraft:item]
[10Jan2026 17:51:05.880] [main/DEBUG] [com.tterrag.registrate.AbstractRegistrate/REGISTRATE.REGISTER]: Registered create:polished_cut_veridium to registry ResourceKey[minecraft:root / minecraft:item]
[10Jan2026 17:51:05.880] [main/DEBUG] [com.tterrag.registrate.AbstractRegistrate/REGISTRATE.REGISTER]: Registered create:polished_cut_veridium_stairs to registry ResourceKey[minecraft:root / minecraft:item]
[10Jan2026 17:51:05.880] [main/DEBUG] [com.tterrag.registrate.AbstractRegistrate/REGISTRATE.REGISTER]: Registered create:polished_cut_veridium_slab to registry ResourceKey[minecraft:root / minecraft:item]
[10Jan2026 17:51:05.880] [main/DEBUG] [com.tterrag.registrate.AbstractRegistrate/REGISTRATE.REGISTER]: Registered create:polished_cut_veridium_wall to registry ResourceKey[minecraft:root / minecraft:item]
[10Jan2026 17:51:05.880] [main/DEBUG] [com.tterrag.registrate.AbstractRegistrate/REGISTRATE.REGISTER]: Registered create:cut_veridium_bricks to registry ResourceKey[minecraft:root / minecraft:item]
[10Jan2026 17:51:05.880] [main/DEBUG] [com.tterrag.registrate.AbstractRegistrate/REGISTRATE.REGISTER]: Registered create:cut_veridium_brick_stairs to registry ResourceKey[minecraft:root / minecraft:item]
[10Jan2026 17:51:05.880] [main/DEBUG] [com.tterrag.registrate.AbstractRegistrate/REGISTRATE.REGISTER]: Registered create:cut_veridium_brick_slab to registry ResourceKey[minecraft:root / minecraft:item]
[10Jan2026 17:51:05.880] [main/DEBUG] [com.tterrag.registrate.AbstractRegistrate/REGISTRATE.REGISTER]: Registered create:cut_veridium_brick_wall to registry ResourceKey[minecraft:root / minecraft:item]
[10Jan2026 17:51:05.880] [main/DEBUG] [com.tterrag.registrate.AbstractRegistrate/REGISTRATE.REGISTER]: Registered create:small_veridium_bricks to registry ResourceKey[minecraft:root / minecraft:item]
[10Jan2026 17:51:05.880] [main/DEBUG] [com.tterrag.registrate.AbstractRegistrate/REGISTRATE.REGISTER]: Registered create:small_veridium_brick_stairs to registry ResourceKey[minecraft:root / minecraft:item]
[10Jan2026 17:51:05.880] [main/DEBUG] [com.tterrag.registrate.AbstractRegistrate/REGISTRATE.REGISTER]: Registered create:small_veridium_brick_slab to registry ResourceKey[minecraft:root / minecraft:item]
[10Jan2026 17:51:05.880] [main/DEBUG] [com.tterrag.registrate.AbstractRegistrate/REGISTRATE.REGISTER]: Registered create:small_veridium_brick_wall to registry ResourceKey[minecraft:root / minecraft:item]
[10Jan2026 17:51:05.880] [main/DEBUG] [com.tterrag.registrate.AbstractRegistrate/REGISTRATE.REGISTER]: Registered create:layered_veridium to registry ResourceKey[minecraft:root / minecraft:item]
[10Jan2026 17:51:05.880] [main/DEBUG] [com.tterrag.registrate.AbstractRegistrate/REGISTRATE.REGISTER]: Registered create:veridium_pillar to registry ResourceKey[minecraft:root / minecraft:item]
[10Jan2026 17:51:05.881] [main/DEBUG] [net.minecraftforge.registries.GameData/REGISTRIES]: Applying holder lookups: minecraft:item
[10Jan2026 17:51:05.882] [main/DEBUG] [net.minecraftforge.registries.GameData/REGISTRIES]: Holder lookups applied: minecraft:item
[10Jan2026 17:51:05.882] [main/DEBUG] [com.tterrag.registrate.AbstractRegistrate/REGISTRATE.REGISTER]: Registering 9 known objects of type minecraft:entity_type
[10Jan2026 17:51:05.883] [main/DEBUG] [com.tterrag.registrate.AbstractRegistrate/REGISTRATE.REGISTER]: Registered create:contraption to registry ResourceKey[minecraft:root / minecraft:entity_type]
[10Jan2026 17:51:05.883] [main/DEBUG] [com.tterrag.registrate.AbstractRegistrate/REGISTRATE.REGISTER]: Registered create:stationary_contraption to registry ResourceKey[minecraft:root / minecraft:entity_type]
[10Jan2026 17:51:05.883] [main/DEBUG] [com.tterrag.registrate.AbstractRegistrate/REGISTRATE.REGISTER]: Registered create:gantry_contraption to registry ResourceKey[minecraft:root / minecraft:entity_type]
[10Jan2026 17:51:05.883] [main/DEBUG] [com.tterrag.registrate.AbstractRegistrate/REGISTRATE.REGISTER]: Registered create:carriage_contraption to registry ResourceKey[minecraft:root / minecraft:entity_type]
[10Jan2026 17:51:05.883] [main/DEBUG] [com.tterrag.registrate.AbstractRegistrate/REGISTRATE.REGISTER]: Registered create:super_glue to registry ResourceKey[minecraft:root / minecraft:entity_type]
[10Jan2026 17:51:05.883] [main/DEBUG] [com.tterrag.registrate.AbstractRegistrate/REGISTRATE.REGISTER]: Registered create:crafting_blueprint to registry ResourceKey[minecraft:root / minecraft:entity_type]
[10Jan2026 17:51:05.883] [main/DEBUG] [com.tterrag.registrate.AbstractRegistrate/REGISTRATE.REGISTER]: Registered create:potato_projectile to registry ResourceKey[minecraft:root / minecraft:entity_type]
[10Jan2026 17:51:05.883] [main/DEBUG] [com.tterrag.registrate.AbstractRegistrate/REGISTRATE.REGISTER]: Registered create:seat to registry ResourceKey[minecraft:root / minecraft:entity_type]
[10Jan2026 17:51:05.883] [main/DEBUG] [com.tterrag.registrate.AbstractRegistrate/REGISTRATE.REGISTER]: Registered create:package to registry ResourceKey[minecraft:root / minecraft:entity_type]
[10Jan2026 17:51:05.883] [main/DEBUG] [net.minecraftforge.registries.GameData/REGISTRIES]: Applying holder lookups: minecraft:entity_type
[10Jan2026 17:51:05.885] [main/DEBUG] [net.minecraftforge.registries.GameData/REGISTRIES]: Holder lookups applied: minecraft:entity_type
[10Jan2026 17:51:05.885] [main/DEBUG] [net.minecraftforge.registries.GameData/REGISTRIES]: Applying holder lookups: minecraft:sensor_type
[10Jan2026 17:51:05.885] [main/DEBUG] [net.minecraftforge.registries.GameData/REGISTRIES]: Holder lookups applied: minecraft:sensor_type
[10Jan2026 17:51:05.885] [main/DEBUG] [net.minecraftforge.registries.GameData/REGISTRIES]: Applying holder lookups: minecraft:memory_module_type
[10Jan2026 17:51:05.885] [main/DEBUG] [net.minecraftforge.registries.GameData/REGISTRIES]: Holder lookups applied: minecraft:memory_module_type
[10Jan2026 17:51:05.885] [main/DEBUG] [net.minecraftforge.registries.GameData/REGISTRIES]: Applying holder lookups: minecraft:potion
[10Jan2026 17:51:05.886] [main/DEBUG] [net.minecraftforge.registries.GameData/REGISTRIES]: Holder lookups applied: minecraft:potion
[10Jan2026 17:51:05.886] [main/DEBUG] [net.minecraftforge.registries.GameData/REGISTRIES]: Applying holder lookups: minecraft:game_event
[10Jan2026 17:51:05.886] [main/DEBUG] [net.minecraftforge.registries.GameData/REGISTRIES]: Holder lookups applied: minecraft:game_event
[10Jan2026 17:51:05.886] [main/DEBUG] [com.tterrag.registrate.AbstractRegistrate/REGISTRATE.REGISTER]: Registering 2 known objects of type minecraft:enchantment
[10Jan2026 17:51:05.886] [main/DEBUG] [com.tterrag.registrate.AbstractRegistrate/REGISTRATE.REGISTER]: Registered create:potato_recovery to registry ResourceKey[minecraft:root / minecraft:enchantment]
[10Jan2026 17:51:05.886] [main/DEBUG] [com.tterrag.registrate.AbstractRegistrate/REGISTRATE.REGISTER]: Registered create:capacity to registry ResourceKey[minecraft:root / minecraft:enchantment]
[10Jan2026 17:51:05.886] [main/DEBUG] [net.minecraftforge.registries.GameData/REGISTRIES]: Applying holder lookups: minecraft:enchantment
[10Jan2026 17:51:05.886] [main/DEBUG] [net.minecraftforge.registries.GameData/REGISTRIES]: Holder lookups applied: minecraft:enchantment
[10Jan2026 17:51:05.886] [main/DEBUG] [com.tterrag.registrate.AbstractRegistrate/REGISTRATE.REGISTER]: Registering 114 known objects of type minecraft:block_entity_type
[10Jan2026 17:51:05.886] [main/DEBUG] [com.tterrag.registrate.AbstractRegistrate/REGISTRATE.REGISTER]: Registered create:schematicannon to registry ResourceKey[minecraft:root / minecraft:block_entity_type]
[10Jan2026 17:51:05.886] [main/DEBUG] [com.tterrag.registrate.AbstractRegistrate/REGISTRATE.REGISTER]: Registered create:schematic_table to registry ResourceKey[minecraft:root / minecraft:block_entity_type]
[10Jan2026 17:51:05.887] [main/DEBUG] [com.tterrag.registrate.AbstractRegistrate/REGISTRATE.REGISTER]: Registered create:simple_kinetic to registry ResourceKey[minecraft:root / minecraft:block_entity_type]
[10Jan2026 17:51:05.887] [main/DEBUG] [com.tterrag.registrate.AbstractRegistrate/REGISTRATE.REGISTER]: Registered create:motor to registry ResourceKey[minecraft:root / minecraft:block_entity_type]
[10Jan2026 17:51:05.887] [main/DEBUG] [com.tterrag.registrate.AbstractRegistrate/REGISTRATE.REGISTER]: Registered create:gearbox to registry ResourceKey[minecraft:root / minecraft:block_entity_type]
[10Jan2026 17:51:05.887] [main/DEBUG] [com.tterrag.registrate.AbstractRegistrate/REGISTRATE.REGISTER]: Registered create:encased_shaft to registry ResourceKey[minecraft:root / minecraft:block_entity_type]
[10Jan2026 17:51:05.887] [main/DEBUG] [com.tterrag.registrate.AbstractRegistrate/REGISTRATE.REGISTER]: Registered create:encased_cogwheel to registry ResourceKey[minecraft:root / minecraft:block_entity_type]
[10Jan2026 17:51:05.887] [main/DEBUG] [com.tterrag.registrate.AbstractRegistrate/REGISTRATE.REGISTER]: Registered create:encased_large_cogwheel to registry ResourceKey[minecraft:root / minecraft:block_entity_type]
[10Jan2026 17:51:05.887] [main/DEBUG] [com.tterrag.registrate.AbstractRegistrate/REGISTRATE.REGISTER]: Registered create:adjustable_chain_gearshift to registry ResourceKey[minecraft:root / minecraft:block_entity_type]
[10Jan2026 17:51:05.887] [main/DEBUG] [com.tterrag.registrate.AbstractRegistrate/REGISTRATE.REGISTER]: Registered create:encased_fan to registry ResourceKey[minecraft:root / minecraft:block_entity_type]
[10Jan2026 17:51:05.887] [main/DEBUG] [com.tterrag.registrate.AbstractRegistrate/REGISTRATE.REGISTER]: Registered create:nozzle to registry ResourceKey[minecraft:root / minecraft:block_entity_type]
[10Jan2026 17:51:05.887] [main/DEBUG] [com.tterrag.registrate.AbstractRegistrate/REGISTRATE.REGISTER]: Registered create:clutch to registry ResourceKey[minecraft:root / minecraft:block_entity_type]
[10Jan2026 17:51:05.887] [main/DEBUG] [com.tterrag.registrate.AbstractRegistrate/REGISTRATE.REGISTER]: Registered create:gearshift to registry ResourceKey[minecraft:root / minecraft:block_entity_type]
[10Jan2026 17:51:05.887] [main/DEBUG] [com.tterrag.registrate.AbstractRegistrate/REGISTRATE.REGISTER]: Registered create:turntable to registry ResourceKey[minecraft:root / minecraft:block_entity_type]
[10Jan2026 17:51:05.887] [main/DEBUG] [com.tterrag.registrate.AbstractRegistrate/REGISTRATE.REGISTER]: Registered create:hand_crank to registry ResourceKey[minecraft:root / minecraft:block_entity_type]
[10Jan2026 17:51:05.887] [main/DEBUG] [com.tterrag.registrate.AbstractRegistrate/REGISTRATE.REGISTER]: Registered create:valve_handle to registry ResourceKey[minecraft:root / minecraft:block_entity_type]
[10Jan2026 17:51:05.887] [main/DEBUG] [com.tterrag.registrate.AbstractRegistrate/REGISTRATE.REGISTER]: Registered create:cuckoo_clock to registry ResourceKey[minecraft:root / minecraft:block_entity_type]
[10Jan2026 17:51:05.887] [main/DEBUG] [com.tterrag.registrate.AbstractRegistrate/REGISTRATE.REGISTER]: Registered create:gantry_shaft to registry ResourceKey[minecraft:root / minecraft:block_entity_type]
[10Jan2026 17:51:05.887] [main/DEBUG] [com.tterrag.registrate.AbstractRegistrate/REGISTRATE.REGISTER]: Registered create:gantry_pinion to registry ResourceKey[minecraft:root / minecraft:block_entity_type]
[10Jan2026 17:51:05.887] [main/DEBUG] [com.tterrag.registrate.AbstractRegistrate/REGISTRATE.REGISTER]: Registered create:chain_conveyor to registry ResourceKey[minecraft:root / minecraft:block_entity_type]
[10Jan2026 17:51:05.887] [main/DEBUG] [com.tterrag.registrate.AbstractRegistrate/REGISTRATE.REGISTER]: Registered create:mechanical_pump to registry ResourceKey[minecraft:root / minecraft:block_entity_type]
[10Jan2026 17:51:05.887] [main/DEBUG] [com.tterrag.registrate.AbstractRegistrate/REGISTRATE.REGISTER]: Registered create:smart_fluid_pipe to registry ResourceKey[minecraft:root / minecraft:block_entity_type]
[10Jan2026 17:51:05.887] [main/DEBUG] [com.tterrag.registrate.AbstractRegistrate/REGISTRATE.REGISTER]: Registered create:fluid_pipe to registry ResourceKey[minecraft:root / minecraft:block_entity_type]
[10Jan2026 17:51:05.887] [main/DEBUG] [com.tterrag.registrate.AbstractRegistrate/REGISTRATE.REGISTER]: Registered create:encased_fluid_pipe to registry ResourceKey[minecraft:root / minecraft:block_entity_type]
[10Jan2026 17:51:05.887] [main/DEBUG] [com.tterrag.registrate.AbstractRegistrate/REGISTRATE.REGISTER]: Registered create:glass_fluid_pipe to registry ResourceKey[minecraft:root / minecraft:block_entity_type]
[10Jan2026 17:51:05.887] [main/DEBUG] [com.tterrag.registrate.AbstractRegistrate/REGISTRATE.REGISTER]: Registered create:fluid_valve to registry ResourceKey[minecraft:root / minecraft:block_entity_type]
[10Jan2026 17:51:05.887] [main/DEBUG] [com.tterrag.registrate.AbstractRegistrate/REGISTRATE.REGISTER]: Registered create:fluid_tank to registry ResourceKey[minecraft:root / minecraft:block_entity_type]
[10Jan2026 17:51:05.887] [main/DEBUG] [com.tterrag.registrate.AbstractRegistrate/REGISTRATE.REGISTER]: Registered create:creative_fluid_tank to registry ResourceKey[minecraft:root / minecraft:block_entity_type]
[10Jan2026 17:51:05.887] [main/DEBUG] [com.tterrag.registrate.AbstractRegistrate/REGISTRATE.REGISTER]: Registered create:hose_pulley to registry ResourceKey[minecraft:root / minecraft:block_entity_type]
[10Jan2026 17:51:05.887] [main/DEBUG] [com.tterrag.registrate.AbstractRegistrate/REGISTRATE.REGISTER]: Registered create:spout to registry ResourceKey[minecraft:root / minecraft:block_entity_type]
[10Jan2026 17:51:05.887] [main/DEBUG] [com.tterrag.registrate.AbstractRegistrate/REGISTRATE.REGISTER]: Registered create:item_drain to registry ResourceKey[minecraft:root / minecraft:block_entity_type]
[10Jan2026 17:51:05.887] [main/DEBUG] [com.tterrag.registrate.AbstractRegistrate/REGISTRATE.REGISTER]: Registered create:belt to registry ResourceKey[minecraft:root / minecraft:block_entity_type]
[10Jan2026 17:51:05.887] [main/DEBUG] [com.tterrag.registrate.AbstractRegistrate/REGISTRATE.REGISTER]: Registered create:chute to registry ResourceKey[minecraft:root / minecraft:block_entity_type]
[10Jan2026 17:51:05.887] [main/DEBUG] [com.tterrag.registrate.AbstractRegistrate/REGISTRATE.REGISTER]: Registered create:smart_chute to registry ResourceKey[minecraft:root / minecraft:block_entity_type]
[10Jan2026 17:51:05.887] [main/DEBUG] [com.tterrag.registrate.AbstractRegistrate/REGISTRATE.REGISTER]: Registered create:andesite_tunnel to registry ResourceKey[minecraft:root / minecraft:block_entity_type]
[10Jan2026 17:51:05.887] [main/DEBUG] [com.tterrag.registrate.AbstractRegistrate/REGISTRATE.REGISTER]: Registered create:brass_tunnel to registry ResourceKey[minecraft:root / minecraft:block_entity_type]
[10Jan2026 17:51:05.887] [main/DEBUG] [com.tterrag.registrate.AbstractRegistrate/REGISTRATE.REGISTER]: Registered create:mechanical_arm to registry ResourceKey[minecraft:root / minecraft:block_entity_type]
[10Jan2026 17:51:05.887] [main/DEBUG] [com.tterrag.registrate.AbstractRegistrate/REGISTRATE.REGISTER]: Registered create:item_vault to registry ResourceKey[minecraft:root / minecraft:block_entity_type]
[10Jan2026 17:51:05.887] [main/DEBUG] [com.tterrag.registrate.AbstractRegistrate/REGISTRATE.REGISTER]: Registered create:item_hatch to registry ResourceKey[minecraft:root / minecraft:block_entity_type]
[10Jan2026 17:51:05.887] [main/DEBUG] [com.tterrag.registrate.AbstractRegistrate/REGISTRATE.REGISTER]: Registered create:packager to registry ResourceKey[minecraft:root / minecraft:block_entity_type]
[10Jan2026 17:51:05.887] [main/DEBUG] [com.tterrag.registrate.AbstractRegistrate/REGISTRATE.REGISTER]: Registered create:repackager to registry ResourceKey[minecraft:root / minecraft:block_entity_type]
[10Jan2026 17:51:05.887] [main/DEBUG] [com.tterrag.registrate.AbstractRegistrate/REGISTRATE.REGISTER]: Registered create:package_frogport to registry ResourceKey[minecraft:root / minecraft:block_entity_type]
[10Jan2026 17:51:05.887] [main/DEBUG] [com.tterrag.registrate.AbstractRegistrate/REGISTRATE.REGISTER]: Registered create:package_postbox to registry ResourceKey[minecraft:root / minecraft:block_entity_type]
[10Jan2026 17:51:05.887] [main/DEBUG] [com.tterrag.registrate.AbstractRegistrate/REGISTRATE.REGISTER]: Registered create:table_cloth to registry ResourceKey[minecraft:root / minecraft:block_entity_type]
[10Jan2026 17:51:05.887] [main/DEBUG] [com.tterrag.registrate.AbstractRegistrate/REGISTRATE.REGISTER]: Registered create:packager_link to registry ResourceKey[minecraft:root / minecraft:block_entity_type]
[10Jan2026 17:51:05.887] [main/DEBUG] [com.tterrag.registrate.AbstractRegistrate/REGISTRATE.REGISTER]: Registered create:stock_ticker to registry ResourceKey[minecraft:root / minecraft:block_entity_type]
[10Jan2026 17:51:05.887] [main/DEBUG] [com.tterrag.registrate.AbstractRegistrate/REGISTRATE.REGISTER]: Registered create:redstone_requester to registry ResourceKey[minecraft:root / minecraft:block_entity_type]
[10Jan2026 17:51:05.887] [main/DEBUG] [com.tterrag.registrate.AbstractRegistrate/REGISTRATE.REGISTER]: Registered create:mechanical_piston to registry ResourceKey[minecraft:root / minecraft:block_entity_type]
[10Jan2026 17:51:05.887] [main/DEBUG] [com.tterrag.registrate.AbstractRegistrate/REGISTRATE.REGISTER]: Registered create:windmill_bearing to registry ResourceKey[minecraft:root / minecraft:block_entity_type]
[10Jan2026 17:51:05.887] [main/DEBUG] [com.tterrag.registrate.AbstractRegistrate/REGISTRATE.REGISTER]: Registered create:mechanical_bearing to registry ResourceKey[minecraft:root / minecraft:block_entity_type]
[10Jan2026 17:51:05.887] [main/DEBUG] [com.tterrag.registrate.AbstractRegistrate/REGISTRATE.REGISTER]: Registered create:clockwork_bearing to registry ResourceKey[minecraft:root / minecraft:block_entity_type]
[10Jan2026 17:51:05.887] [main/DEBUG] [com.tterrag.registrate.AbstractRegistrate/REGISTRATE.REGISTER]: Registered create:rope_pulley to registry ResourceKey[minecraft:root / minecraft:block_entity_type]
[10Jan2026 17:51:05.887] [main/DEBUG] [com.tterrag.registrate.AbstractRegistrate/REGISTRATE.REGISTER]: Registered create:elevator_pulley to registry ResourceKey[minecraft:root / minecraft:block_entity_type]
[10Jan2026 17:51:05.887] [main/DEBUG] [com.tterrag.registrate.AbstractRegistrate/REGISTRATE.REGISTER]: Registered create:elevator_contact to registry ResourceKey[minecraft:root / minecraft:block_entity_type]
[10Jan2026 17:51:05.887] [main/DEBUG] [com.tterrag.registrate.AbstractRegistrate/REGISTRATE.REGISTER]: Registered create:chassis to registry ResourceKey[minecraft:root / minecraft:block_entity_type]
[10Jan2026 17:51:05.887] [main/DEBUG] [com.tterrag.registrate.AbstractRegistrate/REGISTRATE.REGISTER]: Registered create:sticker to registry ResourceKey[minecraft:root / minecraft:block_entity_type]
[10Jan2026 17:51:05.887] [main/DEBUG] [com.tterrag.registrate.AbstractRegistrate/REGISTRATE.REGISTER]: Registered create:contraption_controls to registry ResourceKey[minecraft:root / minecraft:block_entity_type]
[10Jan2026 17:51:05.887] [main/DEBUG] [com.tterrag.registrate.AbstractRegistrate/REGISTRATE.REGISTER]: Registered create:drill to registry ResourceKey[minecraft:root / minecraft:block_entity_type]
[10Jan2026 17:51:05.887] [main/DEBUG] [com.tterrag.registrate.AbstractRegistrate/REGISTRATE.REGISTER]: Registered create:saw to registry ResourceKey[minecraft:root / minecraft:block_entity_type]
[10Jan2026 17:51:05.887] [main/DEBUG] [com.tterrag.registrate.AbstractRegistrate/REGISTRATE.REGISTER]: Registered create:harvester to registry ResourceKey[minecraft:root / minecraft:block_entity_type]
[10Jan2026 17:51:05.887] [main/DEBUG] [com.tterrag.registrate.AbstractRegistrate/REGISTRATE.REGISTER]: Registered create:mechanical_roller to registry ResourceKey[minecraft:root / minecraft:block_entity_type]
[10Jan2026 17:51:05.887] [main/DEBUG] [com.tterrag.registrate.AbstractRegistrate/REGISTRATE.REGISTER]: Registered create:portable_storage_interface to registry ResourceKey[minecraft:root / minecraft:block_entity_type]
[10Jan2026 17:51:05.887] [main/DEBUG] [com.tterrag.registrate.AbstractRegistrate/REGISTRATE.REGISTER]: Registered create:portable_fluid_interface to registry ResourceKey[minecraft:root / minecraft:block_entity_type]
[10Jan2026 17:51:05.887] [main/DEBUG] [com.tterrag.registrate.AbstractRegistrate/REGISTRATE.REGISTER]: Registered create:steam_engine to registry ResourceKey[minecraft:root / minecraft:block_entity_type]
[10Jan2026 17:51:05.887] [main/DEBUG] [com.tterrag.registrate.AbstractRegistrate/REGISTRATE.REGISTER]: Registered create:steam_whistle to registry ResourceKey[minecraft:root / minecraft:block_entity_type]
[10Jan2026 17:51:05.887] [main/DEBUG] [com.tterrag.registrate.AbstractRegistrate/REGISTRATE.REGISTER]: Registered create:powered_shaft to registry ResourceKey[minecraft:root / minecraft:block_entity_type]
[10Jan2026 17:51:05.887] [main/DEBUG] [com.tterrag.registrate.AbstractRegistrate/REGISTRATE.REGISTER]: Registered create:flywheel to registry ResourceKey[minecraft:root / minecraft:block_entity_type]
[10Jan2026 17:51:05.887] [main/DEBUG] [com.tterrag.registrate.AbstractRegistrate/REGISTRATE.REGISTER]: Registered create:millstone to registry ResourceKey[minecraft:root / minecraft:block_entity_type]
[10Jan2026 17:51:05.887] [main/DEBUG] [com.tterrag.registrate.AbstractRegistrate/REGISTRATE.REGISTER]: Registered create:crushing_wheel to registry ResourceKey[minecraft:root / minecraft:block_entity_type]
[10Jan2026 17:51:05.887] [main/DEBUG] [com.tterrag.registrate.AbstractRegistrate/REGISTRATE.REGISTER]: Registered create:crushing_wheel_controller to registry ResourceKey[minecraft:root / minecraft:block_entity_type]
[10Jan2026 17:51:05.887] [main/DEBUG] [com.tterrag.registrate.AbstractRegistrate/REGISTRATE.REGISTER]: Registered create:water_wheel to registry ResourceKey[minecraft:root / minecraft:block_entity_type]
[10Jan2026 17:51:05.887] [main/DEBUG] [com.tterrag.registrate.AbstractRegistrate/REGISTRATE.REGISTER]: Registered create:large_water_wheel to registry ResourceKey[minecraft:root / minecraft:block_entity_type]
[10Jan2026 17:51:05.887] [main/DEBUG] [com.tterrag.registrate.AbstractRegistrate/REGISTRATE.REGISTER]: Registered create:mechanical_press to registry ResourceKey[minecraft:root / minecraft:block_entity_type]
[10Jan2026 17:51:05.887] [main/DEBUG] [com.tterrag.registrate.AbstractRegistrate/REGISTRATE.REGISTER]: Registered create:mechanical_mixer to registry ResourceKey[minecraft:root / minecraft:block_entity_type]
[10Jan2026 17:51:05.887] [main/DEBUG] [com.tterrag.registrate.AbstractRegistrate/REGISTRATE.REGISTER]: Registered create:deployer to registry ResourceKey[minecraft:root / minecraft:block_entity_type]
[10Jan2026 17:51:05.887] [main/DEBUG] [com.tterrag.registrate.AbstractRegistrate/REGISTRATE.REGISTER]: Registered create:basin to registry ResourceKey[minecraft:root / minecraft:block_entity_type]
[10Jan2026 17:51:05.887] [main/DEBUG] [com.tterrag.registrate.AbstractRegistrate/REGISTRATE.REGISTER]: Registered create:blaze_heater to registry ResourceKey[minecraft:root / minecraft:block_entity_type]
[10Jan2026 17:51:05.887] [main/DEBUG] [com.tterrag.registrate.AbstractRegistrate/REGISTRATE.REGISTER]: Registered create:mechanical_crafter to registry ResourceKey[minecraft:root / minecraft:block_entity_type]
[10Jan2026 17:51:05.887] [main/DEBUG] [com.tterrag.registrate.AbstractRegistrate/REGISTRATE.REGISTER]: Registered create:sequenced_gearshift to registry ResourceKey[minecraft:root / minecraft:block_entity_type]
[10Jan2026 17:51:05.887] [main/DEBUG] [com.tterrag.registrate.AbstractRegistrate/REGISTRATE.REGISTER]: Registered create:rotation_speed_controller to registry ResourceKey[minecraft:root / minecraft:block_entity_type]
[10Jan2026 17:51:05.887] [main/DEBUG] [com.tterrag.registrate.AbstractRegistrate/REGISTRATE.REGISTER]: Registered create:speedometer to registry ResourceKey[minecraft:root / minecraft:block_entity_type]
[10Jan2026 17:51:05.887] [main/DEBUG] [com.tterrag.registrate.AbstractRegistrate/REGISTRATE.REGISTER]: Registered create:stressometer to registry ResourceKey[minecraft:root / minecraft:block_entity_type]
[10Jan2026 17:51:05.887] [main/DEBUG] [com.tterrag.registrate.AbstractRegistrate/REGISTRATE.REGISTER]: Registered create:analog_lever to registry ResourceKey[minecraft:root / minecraft:block_entity_type]
[10Jan2026 17:51:05.887] [main/DEBUG] [com.tterrag.registrate.AbstractRegistrate/REGISTRATE.REGISTER]: Registered create:placard to registry ResourceKey[minecraft:root / minecraft:block_entity_type]
[10Jan2026 17:51:05.887] [main/DEBUG] [com.tterrag.registrate.AbstractRegistrate/REGISTRATE.REGISTER]: Registered create:factory_panel to registry ResourceKey[minecraft:root / minecraft:block_entity_type]
[10Jan2026 17:51:05.887] [main/DEBUG] [com.tterrag.registrate.AbstractRegistrate/REGISTRATE.REGISTER]: Registered create:cart_assembler to registry ResourceKey[minecraft:root / minecraft:block_entity_type]
[10Jan2026 17:51:05.887] [main/DEBUG] [com.tterrag.registrate.AbstractRegistrate/REGISTRATE.REGISTER]: Registered create:redstone_link to registry ResourceKey[minecraft:root / minecraft:block_entity_type]
[10Jan2026 17:51:05.888] [main/DEBUG] [com.tterrag.registrate.AbstractRegistrate/REGISTRATE.REGISTER]: Registered create:nixie_tube to registry ResourceKey[minecraft:root / minecraft:block_entity_type]
[10Jan2026 17:51:05.888] [main/DEBUG] [com.tterrag.registrate.AbstractRegistrate/REGISTRATE.REGISTER]: Registered create:display_link to registry ResourceKey[minecraft:root / minecraft:block_entity_type]
[10Jan2026 17:51:05.888] [main/DEBUG] [com.tterrag.registrate.AbstractRegistrate/REGISTRATE.REGISTER]: Registered create:stockpile_switch to registry ResourceKey[minecraft:root / minecraft:block_entity_type]
[10Jan2026 17:51:05.888] [main/DEBUG] [com.tterrag.registrate.AbstractRegistrate/REGISTRATE.REGISTER]: Registered create:creative_crate to registry ResourceKey[minecraft:root / minecraft:block_entity_type]
[10Jan2026 17:51:05.888] [main/DEBUG] [com.tterrag.registrate.AbstractRegistrate/REGISTRATE.REGISTER]: Registered create:depot to registry ResourceKey[minecraft:root / minecraft:block_entity_type]
[10Jan2026 17:51:05.888] [main/DEBUG] [com.tterrag.registrate.AbstractRegistrate/REGISTRATE.REGISTER]: Registered create:weighted_ejector to registry ResourceKey[minecraft:root / minecraft:block_entity_type]
[10Jan2026 17:51:05.888] [main/DEBUG] [com.tterrag.registrate.AbstractRegistrate/REGISTRATE.REGISTER]: Registered create:funnel to registry ResourceKey[minecraft:root / minecraft:block_entity_type]
[10Jan2026 17:51:05.888] [main/DEBUG] [com.tterrag.registrate.AbstractRegistrate/REGISTRATE.REGISTER]: Registered create:content_observer to registry ResourceKey[minecraft:root / minecraft:block_entity_type]
[10Jan2026 17:51:05.888] [main/DEBUG] [com.tterrag.registrate.AbstractRegistrate/REGISTRATE.REGISTER]: Registered create:pulse_extender to registry ResourceKey[minecraft:root / minecraft:block_entity_type]
[10Jan2026 17:51:05.888] [main/DEBUG] [com.tterrag.registrate.AbstractRegistrate/REGISTRATE.REGISTER]: Registered create:pulse_repeater to registry ResourceKey[minecraft:root / minecraft:block_entity_type]
[10Jan2026 17:51:05.888] [main/DEBUG] [com.tterrag.registrate.AbstractRegistrate/REGISTRATE.REGISTER]: Registered create:pulse_timer to registry ResourceKey[minecraft:root / minecraft:block_entity_type]
[10Jan2026 17:51:05.888] [main/DEBUG] [com.tterrag.registrate.AbstractRegistrate/REGISTRATE.REGISTER]: Registered create:lectern_controller to registry ResourceKey[minecraft:root / minecraft:block_entity_type]
[10Jan2026 17:51:05.888] [main/DEBUG] [com.tterrag.registrate.AbstractRegistrate/REGISTRATE.REGISTER]: Registered create:backtank to registry ResourceKey[minecraft:root / minecraft:block_entity_type]
[10Jan2026 17:51:05.888] [main/DEBUG] [com.tterrag.registrate.AbstractRegistrate/REGISTRATE.REGISTER]: Registered create:peculiar_bell to registry ResourceKey[minecraft:root / minecraft:block_entity_type]
[10Jan2026 17:51:05.888] [main/DEBUG] [com.tterrag.registrate.AbstractRegistrate/REGISTRATE.REGISTER]: Registered create:cursed_bell to registry ResourceKey[minecraft:root / minecraft:block_entity_type]
[10Jan2026 17:51:05.888] [main/DEBUG] [com.tterrag.registrate.AbstractRegistrate/REGISTRATE.REGISTER]: Registered create:desk_bell to registry ResourceKey[minecraft:root / minecraft:block_entity_type]
[10Jan2026 17:51:05.888] [main/DEBUG] [com.tterrag.registrate.AbstractRegistrate/REGISTRATE.REGISTER]: Registered create:toolbox to registry ResourceKey[minecraft:root / minecraft:block_entity_type]
[10Jan2026 17:51:05.888] [main/DEBUG] [com.tterrag.registrate.AbstractRegistrate/REGISTRATE.REGISTER]: Registered create:track to registry ResourceKey[minecraft:root / minecraft:block_entity_type]
[10Jan2026 17:51:05.888] [main/DEBUG] [com.tterrag.registrate.AbstractRegistrate/REGISTRATE.REGISTER]: Registered create:fake_track to registry ResourceKey[minecraft:root / minecraft:block_entity_type]
[10Jan2026 17:51:05.888] [main/DEBUG] [com.tterrag.registrate.AbstractRegistrate/REGISTRATE.REGISTER]: Registered create:bogey to registry ResourceKey[minecraft:root / minecraft:block_entity_type]
[10Jan2026 17:51:05.888] [main/DEBUG] [com.tterrag.registrate.AbstractRegistrate/REGISTRATE.REGISTER]: Registered create:track_station to registry ResourceKey[minecraft:root / minecraft:block_entity_type]
[10Jan2026 17:51:05.888] [main/DEBUG] [com.tterrag.registrate.AbstractRegistrate/REGISTRATE.REGISTER]: Registered create:sliding_door to registry ResourceKey[minecraft:root / minecraft:block_entity_type]
[10Jan2026 17:51:05.888] [main/DEBUG] [com.tterrag.registrate.AbstractRegistrate/REGISTRATE.REGISTER]: Registered create:copycat to registry ResourceKey[minecraft:root / minecraft:block_entity_type]
[10Jan2026 17:51:05.888] [main/DEBUG] [com.tterrag.registrate.AbstractRegistrate/REGISTRATE.REGISTER]: Registered create:flap_display to registry ResourceKey[minecraft:root / minecraft:block_entity_type]
[10Jan2026 17:51:05.888] [main/DEBUG] [com.tterrag.registrate.AbstractRegistrate/REGISTRATE.REGISTER]: Registered create:track_signal to registry ResourceKey[minecraft:root / minecraft:block_entity_type]
[10Jan2026 17:51:05.888] [main/DEBUG] [com.tterrag.registrate.AbstractRegistrate/REGISTRATE.REGISTER]: Registered create:track_observer to registry ResourceKey[minecraft:root / minecraft:block_entity_type]
[10Jan2026 17:51:05.888] [main/DEBUG] [com.tterrag.registrate.AbstractRegistrate/REGISTRATE.REGISTER]: Registered create:clipboard to registry ResourceKey[minecraft:root / minecraft:block_entity_type]
[10Jan2026 17:51:05.888] [main/DEBUG] [net.minecraftforge.registries.GameData/REGISTRIES]: Applying holder lookups: minecraft:block_entity_type
[10Jan2026 17:51:05.888] [main/DEBUG] [net.minecraftforge.registries.GameData/REGISTRIES]: Holder lookups applied: minecraft:block_entity_type
[10Jan2026 17:51:05.889] [main/DEBUG] [net.minecraftforge.registries.GameData/REGISTRIES]: Applying holder lookups: minecraft:painting_variant
[10Jan2026 17:51:05.889] [main/DEBUG] [net.minecraftforge.registries.GameData/REGISTRIES]: Holder lookups applied: minecraft:painting_variant
[10Jan2026 17:51:05.889] [main/DEBUG] [net.minecraftforge.registries.GameData/REGISTRIES]: Applying holder lookups: minecraft:stat_type
[10Jan2026 17:51:05.889] [main/DEBUG] [net.minecraftforge.registries.GameData/REGISTRIES]: Holder lookups applied: minecraft:stat_type
[10Jan2026 17:51:05.889] [main/DEBUG] [net.minecraftforge.registries.GameData/REGISTRIES]: Applying holder lookups: minecraft:custom_stat
[10Jan2026 17:51:05.889] [main/DEBUG] [net.minecraftforge.registries.GameData/REGISTRIES]: Holder lookups applied: minecraft:custom_stat
[10Jan2026 17:51:05.889] [main/DEBUG] [net.minecraftforge.registries.GameData/REGISTRIES]: Applying holder lookups: minecraft:chunk_status
[10Jan2026 17:51:05.889] [main/DEBUG] [net.minecraftforge.registries.GameData/REGISTRIES]: Holder lookups applied: minecraft:chunk_status
[10Jan2026 17:51:05.889] [main/DEBUG] [net.minecraftforge.registries.GameData/REGISTRIES]: Applying holder lookups: minecraft:rule_test
[10Jan2026 17:51:05.890] [main/DEBUG] [net.minecraftforge.registries.GameData/REGISTRIES]: Holder lookups applied: minecraft:rule_test
[10Jan2026 17:51:05.890] [main/DEBUG] [net.minecraftforge.registries.GameData/REGISTRIES]: Applying holder lookups: minecraft:rule_block_entity_modifier
[10Jan2026 17:51:05.890] [main/DEBUG] [net.minecraftforge.registries.GameData/REGISTRIES]: Holder lookups applied: minecraft:rule_block_entity_modifier
[10Jan2026 17:51:05.890] [main/DEBUG] [net.minecraftforge.registries.GameData/REGISTRIES]: Applying holder lookups: minecraft:pos_rule_test
[10Jan2026 17:51:05.890] [main/DEBUG] [net.minecraftforge.registries.GameData/REGISTRIES]: Holder lookups applied: minecraft:pos_rule_test
[10Jan2026 17:51:05.890] [main/DEBUG] [com.tterrag.registrate.AbstractRegistrate/REGISTRATE.REGISTER]: Registering 14 known objects of type minecraft:menu
[10Jan2026 17:51:05.907] [main/DEBUG] [com.tterrag.registrate.AbstractRegistrate/REGISTRATE.REGISTER]: Registered create:schematic_table to registry ResourceKey[minecraft:root / minecraft:menu]
[10Jan2026 17:51:05.909] [main/DEBUG] [com.tterrag.registrate.AbstractRegistrate/REGISTRATE.REGISTER]: Registered create:schematicannon to registry ResourceKey[minecraft:root / minecraft:menu]
[10Jan2026 17:51:05.909] [main/DEBUG] [com.tterrag.registrate.AbstractRegistrate/REGISTRATE.REGISTER]: Registered create:filter to registry ResourceKey[minecraft:root / minecraft:menu]
[10Jan2026 17:51:05.910] [main/DEBUG] [com.tterrag.registrate.AbstractRegistrate/REGISTRATE.REGISTER]: Registered create:attribute_filter to registry ResourceKey[minecraft:root / minecraft:menu]
[10Jan2026 17:51:05.912] [main/DEBUG] [com.tterrag.registrate.AbstractRegistrate/REGISTRATE.REGISTER]: Registered create:package_filter to registry ResourceKey[minecraft:root / minecraft:menu]
[10Jan2026 17:51:05.912] [main/DEBUG] [com.tterrag.registrate.AbstractRegistrate/REGISTRATE.REGISTER]: Registered create:crafting_blueprint to registry ResourceKey[minecraft:root / minecraft:menu]
[10Jan2026 17:51:05.913] [main/DEBUG] [com.tterrag.registrate.AbstractRegistrate/REGISTRATE.REGISTER]: Registered create:linked_controller to registry ResourceKey[minecraft:root / minecraft:menu]
[10Jan2026 17:51:05.913] [main/DEBUG] [com.tterrag.registrate.AbstractRegistrate/REGISTRATE.REGISTER]: Registered create:toolbox to registry ResourceKey[minecraft:root / minecraft:menu]
[10Jan2026 17:51:05.915] [main/DEBUG] [com.tterrag.registrate.AbstractRegistrate/REGISTRATE.REGISTER]: Registered create:schedule to registry ResourceKey[minecraft:root / minecraft:menu]
[10Jan2026 17:51:05.916] [main/DEBUG] [com.tterrag.registrate.AbstractRegistrate/REGISTRATE.REGISTER]: Registered create:stock_keeper_category to registry ResourceKey[minecraft:root / minecraft:menu]
[10Jan2026 17:51:05.918] [main/DEBUG] [com.tterrag.registrate.AbstractRegistrate/REGISTRATE.REGISTER]: Registered create:stock_keeper_request to registry ResourceKey[minecraft:root / minecraft:menu]
[10Jan2026 17:51:05.918] [main/DEBUG] [com.tterrag.registrate.AbstractRegistrate/REGISTRATE.REGISTER]: Registered create:package_port to registry ResourceKey[minecraft:root / minecraft:menu]
[10Jan2026 17:51:05.919] [main/DEBUG] [com.tterrag.registrate.AbstractRegistrate/REGISTRATE.REGISTER]: Registered create:redstone_requester to registry ResourceKey[minecraft:root / minecraft:menu]
[10Jan2026 17:51:05.919] [main/DEBUG] [com.tterrag.registrate.AbstractRegistrate/REGISTRATE.REGISTER]: Registered create:factory_panel_set_item to registry ResourceKey[minecraft:root / minecraft:menu]
[10Jan2026 17:51:05.919] [main/DEBUG] [net.minecraftforge.registries.GameData/REGISTRIES]: Applying holder lookups: minecraft:menu
[10Jan2026 17:51:05.919] [main/DEBUG] [net.minecraftforge.registries.GameData/REGISTRIES]: Holder lookups applied: minecraft:menu
[10Jan2026 17:51:05.920] [main/DEBUG] [net.minecraftforge.registries.GameData/REGISTRIES]: Applying holder lookups: minecraft:recipe_type
[10Jan2026 17:51:05.920] [main/DEBUG] [net.minecraftforge.registries.GameData/REGISTRIES]: Holder lookups applied: minecraft:recipe_type
[10Jan2026 17:51:05.926] [main/DEBUG] [net.minecraftforge.registries.GameData/REGISTRIES]: Applying holder lookups: minecraft:recipe_serializer
[10Jan2026 17:51:05.927] [main/DEBUG] [net.minecraftforge.registries.GameData/REGISTRIES]: Holder lookups applied: minecraft:recipe_serializer
[10Jan2026 17:51:05.927] [main/DEBUG] [net.minecraftforge.registries.GameData/REGISTRIES]: Applying holder lookups: minecraft:position_source_type
[10Jan2026 17:51:05.927] [main/DEBUG] [net.minecraftforge.registries.GameData/REGISTRIES]: Holder lookups applied: minecraft:position_source_type
[10Jan2026 17:51:05.928] [main/DEBUG] [net.minecraftforge.registries.GameData/REGISTRIES]: Applying holder lookups: minecraft:command_argument_type
[10Jan2026 17:51:05.928] [main/DEBUG] [net.minecraftforge.registries.GameData/REGISTRIES]: Holder lookups applied: minecraft:command_argument_type
[10Jan2026 17:51:05.928] [main/DEBUG] [net.minecraftforge.registries.GameData/REGISTRIES]: Applying holder lookups: minecraft:villager_type
[10Jan2026 17:51:05.928] [main/DEBUG] [net.minecraftforge.registries.GameData/REGISTRIES]: Holder lookups applied: minecraft:villager_type
[10Jan2026 17:51:05.928] [main/DEBUG] [net.minecraftforge.registries.GameData/REGISTRIES]: Applying holder lookups: minecraft:villager_profession
[10Jan2026 17:51:05.929] [main/DEBUG] [net.minecraftforge.registries.GameData/REGISTRIES]: Holder lookups applied: minecraft:villager_profession
[10Jan2026 17:51:05.929] [main/DEBUG] [net.minecraftforge.registries.GameData/REGISTRIES]: Applying holder lookups: minecraft:point_of_interest_type
[10Jan2026 17:51:05.929] [main/DEBUG] [net.minecraftforge.registries.GameData/REGISTRIES]: Holder lookups applied: minecraft:point_of_interest_type
[10Jan2026 17:51:05.929] [main/DEBUG] [net.minecraftforge.registries.GameData/REGISTRIES]: Applying holder lookups: minecraft:schedule
[10Jan2026 17:51:05.929] [main/DEBUG] [net.minecraftforge.registries.GameData/REGISTRIES]: Holder lookups applied: minecraft:schedule
[10Jan2026 17:51:05.929] [main/DEBUG] [net.minecraftforge.registries.GameData/REGISTRIES]: Applying holder lookups: minecraft:activity
[10Jan2026 17:51:05.929] [main/DEBUG] [net.minecraftforge.registries.GameData/REGISTRIES]: Holder lookups applied: minecraft:activity
[10Jan2026 17:51:05.929] [main/DEBUG] [net.minecraftforge.registries.GameData/REGISTRIES]: Applying holder lookups: minecraft:loot_pool_entry_type
[10Jan2026 17:51:05.929] [main/DEBUG] [net.minecraftforge.registries.GameData/REGISTRIES]: Holder lookups applied: minecraft:loot_pool_entry_type
[10Jan2026 17:51:05.929] [main/DEBUG] [net.minecraftforge.registries.GameData/REGISTRIES]: Applying holder lookups: minecraft:loot_function_type
[10Jan2026 17:51:05.930] [main/DEBUG] [net.minecraftforge.registries.GameData/REGISTRIES]: Holder lookups applied: minecraft:loot_function_type
[10Jan2026 17:51:05.930] [main/DEBUG] [net.minecraftforge.registries.GameData/REGISTRIES]: Applying holder lookups: minecraft:loot_condition_type
[10Jan2026 17:51:05.931] [main/DEBUG] [net.minecraftforge.registries.GameData/REGISTRIES]: Holder lookups applied: minecraft:loot_condition_type
[10Jan2026 17:51:05.931] [main/DEBUG] [net.minecraftforge.registries.GameData/REGISTRIES]: Applying holder lookups: minecraft:loot_number_provider_type
[10Jan2026 17:51:05.931] [main/DEBUG] [net.minecraftforge.registries.GameData/REGISTRIES]: Holder lookups applied: minecraft:loot_number_provider_type
[10Jan2026 17:51:05.931] [main/DEBUG] [net.minecraftforge.registries.GameData/REGISTRIES]: Applying holder lookups: minecraft:loot_nbt_provider_type
[10Jan2026 17:51:05.931] [main/DEBUG] [net.minecraftforge.registries.GameData/REGISTRIES]: Holder lookups applied: minecraft:loot_nbt_provider_type
[10Jan2026 17:51:05.931] [main/DEBUG] [net.minecraftforge.registries.GameData/REGISTRIES]: Applying holder lookups: minecraft:loot_score_provider_type
[10Jan2026 17:51:05.931] [main/DEBUG] [net.minecraftforge.registries.GameData/REGISTRIES]: Holder lookups applied: minecraft:loot_score_provider_type
[10Jan2026 17:51:05.931] [main/DEBUG] [net.minecraftforge.registries.GameData/REGISTRIES]: Applying holder lookups: minecraft:float_provider_type
[10Jan2026 17:51:05.931] [main/DEBUG] [net.minecraftforge.registries.GameData/REGISTRIES]: Holder lookups applied: minecraft:float_provider_type
[10Jan2026 17:51:05.931] [main/DEBUG] [net.minecraftforge.registries.GameData/REGISTRIES]: Applying holder lookups: minecraft:int_provider_type
[10Jan2026 17:51:05.931] [main/DEBUG] [net.minecraftforge.registries.GameData/REGISTRIES]: Holder lookups applied: minecraft:int_provider_type
[10Jan2026 17:51:05.931] [main/DEBUG] [net.minecraftforge.registries.GameData/REGISTRIES]: Applying holder lookups: minecraft:height_provider_type
[10Jan2026 17:51:05.931] [main/DEBUG] [net.minecraftforge.registries.GameData/REGISTRIES]: Holder lookups applied: minecraft:height_provider_type
[10Jan2026 17:51:05.931] [main/DEBUG] [net.minecraftforge.registries.GameData/REGISTRIES]: Applying holder lookups: minecraft:block_predicate_type
[10Jan2026 17:51:05.933] [main/DEBUG] [net.minecraftforge.registries.GameData/REGISTRIES]: Holder lookups applied: minecraft:block_predicate_type
[10Jan2026 17:51:05.933] [main/DEBUG] [net.minecraftforge.registries.GameData/REGISTRIES]: Applying holder lookups: minecraft:worldgen/carver
[10Jan2026 17:51:05.933] [main/DEBUG] [net.minecraftforge.registries.GameData/REGISTRIES]: Holder lookups applied: minecraft:worldgen/carver
[10Jan2026 17:51:05.934] [main/DEBUG] [net.minecraftforge.registries.GameData/REGISTRIES]: Applying holder lookups: minecraft:worldgen/feature
[10Jan2026 17:51:05.934] [main/DEBUG] [net.minecraftforge.registries.GameData/REGISTRIES]: Holder lookups applied: minecraft:worldgen/feature
[10Jan2026 17:51:05.934] [main/DEBUG] [net.minecraftforge.registries.GameData/REGISTRIES]: Applying holder lookups: minecraft:worldgen/structure_processor
[10Jan2026 17:51:05.935] [main/DEBUG] [net.minecraftforge.registries.GameData/REGISTRIES]: Holder lookups applied: minecraft:worldgen/structure_processor
[10Jan2026 17:51:05.935] [main/DEBUG] [net.minecraftforge.registries.GameData/REGISTRIES]: Applying holder lookups: minecraft:worldgen/structure_placement
[10Jan2026 17:51:05.935] [main/DEBUG] [net.minecraftforge.registries.GameData/REGISTRIES]: Holder lookups applied: minecraft:worldgen/structure_placement
[10Jan2026 17:51:05.935] [main/DEBUG] [net.minecraftforge.registries.GameData/REGISTRIES]: Applying holder lookups: minecraft:worldgen/structure_piece
[10Jan2026 17:51:05.935] [main/DEBUG] [net.minecraftforge.registries.GameData/REGISTRIES]: Holder lookups applied: minecraft:worldgen/structure_piece
[10Jan2026 17:51:05.935] [main/DEBUG] [net.minecraftforge.registries.GameData/REGISTRIES]: Applying holder lookups: minecraft:worldgen/structure_type
[10Jan2026 17:51:05.935] [main/DEBUG] [net.minecraftforge.registries.GameData/REGISTRIES]: Holder lookups applied: minecraft:worldgen/structure_type
[10Jan2026 17:51:05.935] [main/DEBUG] [net.minecraftforge.registries.GameData/REGISTRIES]: Applying holder lookups: minecraft:worldgen/placement_modifier_type
[10Jan2026 17:51:05.935] [main/DEBUG] [net.minecraftforge.registries.GameData/REGISTRIES]: Holder lookups applied: minecraft:worldgen/placement_modifier_type
[10Jan2026 17:51:05.935] [main/DEBUG] [net.minecraftforge.registries.GameData/REGISTRIES]: Applying holder lookups: minecraft:worldgen/block_state_provider_type
[10Jan2026 17:51:05.936] [main/DEBUG] [net.minecraftforge.registries.GameData/REGISTRIES]: Holder lookups applied: minecraft:worldgen/block_state_provider_type
[10Jan2026 17:51:05.936] [main/DEBUG] [net.minecraftforge.registries.GameData/REGISTRIES]: Applying holder lookups: minecraft:worldgen/foliage_placer_type
[10Jan2026 17:51:05.936] [main/DEBUG] [net.minecraftforge.registries.GameData/REGISTRIES]: Holder lookups applied: minecraft:worldgen/foliage_placer_type
[10Jan2026 17:51:05.936] [main/DEBUG] [net.minecraftforge.registries.GameData/REGISTRIES]: Applying holder lookups: minecraft:worldgen/trunk_placer_type
[10Jan2026 17:51:05.936] [main/DEBUG] [net.minecraftforge.registries.GameData/REGISTRIES]: Holder lookups applied: minecraft:worldgen/trunk_placer_type
[10Jan2026 17:51:05.936] [main/DEBUG] [net.minecraftforge.registries.GameData/REGISTRIES]: Applying holder lookups: minecraft:worldgen/root_placer_type
[10Jan2026 17:51:05.936] [main/DEBUG] [net.minecraftforge.registries.GameData/REGISTRIES]: Holder lookups applied: minecraft:worldgen/root_placer_type
[10Jan2026 17:51:05.936] [main/DEBUG] [net.minecraftforge.registries.GameData/REGISTRIES]: Applying holder lookups: minecraft:worldgen/tree_decorator_type
[10Jan2026 17:51:05.936] [main/DEBUG] [net.minecraftforge.registries.GameData/REGISTRIES]: Holder lookups applied: minecraft:worldgen/tree_decorator_type
[10Jan2026 17:51:05.936] [main/DEBUG] [net.minecraftforge.registries.GameData/REGISTRIES]: Applying holder lookups: minecraft:worldgen/feature_size_type
[10Jan2026 17:51:05.936] [main/DEBUG] [net.minecraftforge.registries.GameData/REGISTRIES]: Holder lookups applied: minecraft:worldgen/feature_size_type
[10Jan2026 17:51:05.936] [main/DEBUG] [net.minecraftforge.registries.GameData/REGISTRIES]: Applying holder lookups: minecraft:worldgen/biome_source
[10Jan2026 17:51:05.937] [main/DEBUG] [net.minecraftforge.registries.GameData/REGISTRIES]: Holder lookups applied: minecraft:worldgen/biome_source
[10Jan2026 17:51:05.937] [main/DEBUG] [net.minecraftforge.registries.GameData/REGISTRIES]: Applying holder lookups: minecraft:worldgen/chunk_generator
[10Jan2026 17:51:05.937] [main/DEBUG] [net.minecraftforge.registries.GameData/REGISTRIES]: Holder lookups applied: minecraft:worldgen/chunk_generator
[10Jan2026 17:51:05.937] [main/DEBUG] [net.minecraftforge.registries.GameData/REGISTRIES]: Applying holder lookups: minecraft:worldgen/material_condition
[10Jan2026 17:51:05.937] [main/DEBUG] [net.minecraftforge.registries.GameData/REGISTRIES]: Holder lookups applied: minecraft:worldgen/material_condition
[10Jan2026 17:51:05.937] [main/DEBUG] [net.minecraftforge.registries.GameData/REGISTRIES]: Applying holder lookups: minecraft:worldgen/material_rule
[10Jan2026 17:51:05.937] [main/DEBUG] [net.minecraftforge.registries.GameData/REGISTRIES]: Holder lookups applied: minecraft:worldgen/material_rule
[10Jan2026 17:51:05.937] [main/DEBUG] [net.minecraftforge.registries.GameData/REGISTRIES]: Applying holder lookups: minecraft:worldgen/density_function_type
[10Jan2026 17:51:05.937] [main/DEBUG] [net.minecraftforge.registries.GameData/REGISTRIES]: Holder lookups applied: minecraft:worldgen/density_function_type
[10Jan2026 17:51:05.937] [main/DEBUG] [net.minecraftforge.registries.GameData/REGISTRIES]: Applying holder lookups: minecraft:worldgen/structure_pool_element
[10Jan2026 17:51:05.937] [main/DEBUG] [net.minecraftforge.registries.GameData/REGISTRIES]: Holder lookups applied: minecraft:worldgen/structure_pool_element
[10Jan2026 17:51:05.937] [main/DEBUG] [net.minecraftforge.registries.GameData/REGISTRIES]: Applying holder lookups: minecraft:cat_variant
[10Jan2026 17:51:05.937] [main/DEBUG] [net.minecraftforge.registries.GameData/REGISTRIES]: Holder lookups applied: minecraft:cat_variant
[10Jan2026 17:51:05.938] [main/DEBUG] [net.minecraftforge.registries.GameData/REGISTRIES]: Applying holder lookups: minecraft:frog_variant
[10Jan2026 17:51:05.938] [main/DEBUG] [net.minecraftforge.registries.GameData/REGISTRIES]: Holder lookups applied: minecraft:frog_variant
[10Jan2026 17:51:05.938] [main/DEBUG] [net.minecraftforge.registries.GameData/REGISTRIES]: Applying holder lookups: minecraft:banner_pattern
[10Jan2026 17:51:05.938] [main/DEBUG] [net.minecraftforge.registries.GameData/REGISTRIES]: Holder lookups applied: minecraft:banner_pattern
[10Jan2026 17:51:05.938] [main/DEBUG] [net.minecraftforge.registries.GameData/REGISTRIES]: Applying holder lookups: minecraft:instrument
[10Jan2026 17:51:05.938] [main/DEBUG] [net.minecraftforge.registries.GameData/REGISTRIES]: Holder lookups applied: minecraft:instrument
[10Jan2026 17:51:05.938] [main/DEBUG] [net.minecraftforge.registries.GameData/REGISTRIES]: Applying holder lookups: minecraft:decorated_pot_patterns
[10Jan2026 17:51:05.938] [main/DEBUG] [net.minecraftforge.registries.GameData/REGISTRIES]: Holder lookups applied: minecraft:decorated_pot_patterns
[10Jan2026 17:51:05.940] [main/DEBUG] [net.minecraftforge.registries.GameData/REGISTRIES]: Applying holder lookups: minecraft:creative_mode_tab
[10Jan2026 17:51:05.941] [main/DEBUG] [net.minecraftforge.registries.GameData/REGISTRIES]: Holder lookups applied: minecraft:creative_mode_tab
[10Jan2026 17:51:05.941] [main/DEBUG] [net.minecraftforge.registries.GameData/REGISTRIES]: Applying holder lookups: create:arm_interaction_point_type
[10Jan2026 17:51:05.941] [main/DEBUG] [net.minecraftforge.registries.GameData/REGISTRIES]: Holder lookups applied: create:arm_interaction_point_type
[10Jan2026 17:51:05.941] [main/DEBUG] [net.minecraftforge.registries.GameData/REGISTRIES]: Applying holder lookups: create:contraption_type
[10Jan2026 17:51:05.941] [main/DEBUG] [net.minecraftforge.registries.GameData/REGISTRIES]: Holder lookups applied: create:contraption_type
[10Jan2026 17:51:05.941] [main/DEBUG] [com.tterrag.registrate.AbstractRegistrate/REGISTRATE.REGISTER]: Registering 26 known objects of type create:display_source
[10Jan2026 17:51:05.941] [main/DEBUG] [com.tterrag.registrate.AbstractRegistrate/REGISTRATE.REGISTER]: Registered create:death_count to registry ResourceKey[minecraft:root / create:display_source]
[10Jan2026 17:51:05.941] [main/DEBUG] [com.tterrag.registrate.AbstractRegistrate/REGISTRATE.REGISTER]: Registered create:scoreboard to registry ResourceKey[minecraft:root / create:display_source]
[10Jan2026 17:51:05.941] [main/DEBUG] [com.tterrag.registrate.AbstractRegistrate/REGISTRATE.REGISTER]: Registered create:enchant_power to registry ResourceKey[minecraft:root / create:display_source]
[10Jan2026 17:51:05.941] [main/DEBUG] [com.tterrag.registrate.AbstractRegistrate/REGISTRATE.REGISTER]: Registered create:redstone_power to registry ResourceKey[minecraft:root / create:display_source]
[10Jan2026 17:51:05.941] [main/DEBUG] [com.tterrag.registrate.AbstractRegistrate/REGISTRATE.REGISTER]: Registered create:nixie_tube to registry ResourceKey[minecraft:root / create:display_source]
[10Jan2026 17:51:05.941] [main/DEBUG] [com.tterrag.registrate.AbstractRegistrate/REGISTRATE.REGISTER]: Registered create:item_names to registry ResourceKey[minecraft:root / create:display_source]
[10Jan2026 17:51:05.941] [main/DEBUG] [com.tterrag.registrate.AbstractRegistrate/REGISTRATE.REGISTER]: Registered create:boiler to registry ResourceKey[minecraft:root / create:display_source]
[10Jan2026 17:51:05.941] [main/DEBUG] [com.tterrag.registrate.AbstractRegistrate/REGISTRATE.REGISTER]: Registered create:current_floor to registry ResourceKey[minecraft:root / create:display_source]
[10Jan2026 17:51:05.941] [main/DEBUG] [com.tterrag.registrate.AbstractRegistrate/REGISTRATE.REGISTER]: Registered create:fill_level to registry ResourceKey[minecraft:root / create:display_source]
[10Jan2026 17:51:05.941] [main/DEBUG] [com.tterrag.registrate.AbstractRegistrate/REGISTRATE.REGISTER]: Registered create:gauge_status to registry ResourceKey[minecraft:root / create:display_source]
[10Jan2026 17:51:05.941] [main/DEBUG] [com.tterrag.registrate.AbstractRegistrate/REGISTRATE.REGISTER]: Registered create:entity_name to registry ResourceKey[minecraft:root / create:display_source]
[10Jan2026 17:51:05.941] [main/DEBUG] [com.tterrag.registrate.AbstractRegistrate/REGISTRATE.REGISTER]: Registered create:time_of_day to registry ResourceKey[minecraft:root / create:display_source]
[10Jan2026 17:51:05.941] [main/DEBUG] [com.tterrag.registrate.AbstractRegistrate/REGISTRATE.REGISTER]: Registered create:stopwatch to registry ResourceKey[minecraft:root / create:display_source]
[10Jan2026 17:51:05.941] [main/DEBUG] [com.tterrag.registrate.AbstractRegistrate/REGISTRATE.REGISTER]: Registered create:kinetic_speed to registry ResourceKey[minecraft:root / create:display_source]
[10Jan2026 17:51:05.941] [main/DEBUG] [com.tterrag.registrate.AbstractRegistrate/REGISTRATE.REGISTER]: Registered create:kinetic_stress to registry ResourceKey[minecraft:root / create:display_source]
[10Jan2026 17:51:05.941] [main/DEBUG] [com.tterrag.registrate.AbstractRegistrate/REGISTRATE.REGISTER]: Registered create:station_summary to registry ResourceKey[minecraft:root / create:display_source]
[10Jan2026 17:51:05.941] [main/DEBUG] [com.tterrag.registrate.AbstractRegistrate/REGISTRATE.REGISTER]: Registered create:train_status to registry ResourceKey[minecraft:root / create:display_source]
[10Jan2026 17:51:05.941] [main/DEBUG] [com.tterrag.registrate.AbstractRegistrate/REGISTRATE.REGISTER]: Registered create:observed_train_name to registry ResourceKey[minecraft:root / create:display_source]
[10Jan2026 17:51:05.941] [main/DEBUG] [com.tterrag.registrate.AbstractRegistrate/REGISTRATE.REGISTER]: Registered create:accumulate_items to registry ResourceKey[minecraft:root / create:display_source]
[10Jan2026 17:51:05.941] [main/DEBUG] [com.tterrag.registrate.AbstractRegistrate/REGISTRATE.REGISTER]: Registered create:item_throughput to registry ResourceKey[minecraft:root / create:display_source]
[10Jan2026 17:51:05.941] [main/DEBUG] [com.tterrag.registrate.AbstractRegistrate/REGISTRATE.REGISTER]: Registered create:count_items to registry ResourceKey[minecraft:root / create:display_source]
[10Jan2026 17:51:05.941] [main/DEBUG] [com.tterrag.registrate.AbstractRegistrate/REGISTRATE.REGISTER]: Registered create:list_items to registry ResourceKey[minecraft:root / create:display_source]
[10Jan2026 17:51:05.941] [main/DEBUG] [com.tterrag.registrate.AbstractRegistrate/REGISTRATE.REGISTER]: Registered create:count_fluids to registry ResourceKey[minecraft:root / create:display_source]
[10Jan2026 17:51:05.941] [main/DEBUG] [com.tterrag.registrate.AbstractRegistrate/REGISTRATE.REGISTER]: Registered create:list_fluids to registry ResourceKey[minecraft:root / create:display_source]
[10Jan2026 17:51:05.941] [main/DEBUG] [com.tterrag.registrate.AbstractRegistrate/REGISTRATE.REGISTER]: Registered create:read_package_address to registry ResourceKey[minecraft:root / create:display_source]
[10Jan2026 17:51:05.941] [main/DEBUG] [com.tterrag.registrate.AbstractRegistrate/REGISTRATE.REGISTER]: Registered create:computer to registry ResourceKey[minecraft:root / create:display_source]
[10Jan2026 17:51:05.942] [main/DEBUG] [net.minecraftforge.registries.GameData/REGISTRIES]: Applying holder lookups: create:display_source
[10Jan2026 17:51:05.942] [main/DEBUG] [net.minecraftforge.registries.GameData/REGISTRIES]: Holder lookups applied: create:display_source
[10Jan2026 17:51:05.942] [main/DEBUG] [com.tterrag.registrate.AbstractRegistrate/REGISTRATE.REGISTER]: Registering 4 known objects of type create:display_target
[10Jan2026 17:51:05.942] [main/DEBUG] [com.tterrag.registrate.AbstractRegistrate/REGISTRATE.REGISTER]: Registered create:sign to registry ResourceKey[minecraft:root / create:display_target]
[10Jan2026 17:51:05.942] [main/DEBUG] [com.tterrag.registrate.AbstractRegistrate/REGISTRATE.REGISTER]: Registered create:lectern to registry ResourceKey[minecraft:root / create:display_target]
[10Jan2026 17:51:05.942] [main/DEBUG] [com.tterrag.registrate.AbstractRegistrate/REGISTRATE.REGISTER]: Registered create:display_board to registry ResourceKey[minecraft:root / create:display_target]
[10Jan2026 17:51:05.942] [main/DEBUG] [com.tterrag.registrate.AbstractRegistrate/REGISTRATE.REGISTER]: Registered create:nixie_tube to registry ResourceKey[minecraft:root / create:display_target]
[10Jan2026 17:51:05.942] [main/DEBUG] [net.minecraftforge.registries.GameData/REGISTRIES]: Applying holder lookups: create:display_target
[10Jan2026 17:51:05.942] [main/DEBUG] [net.minecraftforge.registries.GameData/REGISTRIES]: Holder lookups applied: create:display_target
[10Jan2026 17:51:05.942] [main/DEBUG] [net.minecraftforge.registries.GameData/REGISTRIES]: Applying holder lookups: create:fan_processing_type
[10Jan2026 17:51:05.942] [main/DEBUG] [net.minecraftforge.registries.GameData/REGISTRIES]: Holder lookups applied: create:fan_processing_type
[10Jan2026 17:51:05.942] [main/DEBUG] [net.minecraftforge.registries.GameData/REGISTRIES]: Applying holder lookups: create:item_attribute_type
[10Jan2026 17:51:05.942] [main/DEBUG] [net.minecraftforge.registries.GameData/REGISTRIES]: Holder lookups applied: create:item_attribute_type
[10Jan2026 17:51:05.943] [main/DEBUG] [com.tterrag.registrate.AbstractRegistrate/REGISTRATE.REGISTER]: Registering 2 known objects of type create:mounted_fluid_storage_type
[10Jan2026 17:51:05.943] [main/DEBUG] [com.tterrag.registrate.AbstractRegistrate/REGISTRATE.REGISTER]: Registered create:fluid_tank to registry ResourceKey[minecraft:root / create:mounted_fluid_storage_type]
[10Jan2026 17:51:05.943] [main/DEBUG] [com.tterrag.registrate.AbstractRegistrate/REGISTRATE.REGISTER]: Registered create:creative_fluid_tank to registry ResourceKey[minecraft:root / create:mounted_fluid_storage_type]
[10Jan2026 17:51:05.943] [main/DEBUG] [net.minecraftforge.registries.GameData/REGISTRIES]: Applying holder lookups: create:mounted_fluid_storage_type
[10Jan2026 17:51:05.943] [main/DEBUG] [net.minecraftforge.registries.GameData/REGISTRIES]: Holder lookups applied: create:mounted_fluid_storage_type
[10Jan2026 17:51:05.944] [main/DEBUG] [com.tterrag.registrate.AbstractRegistrate/REGISTRATE.REGISTER]: Registering 8 known objects of type create:mounted_item_storage_type
[10Jan2026 17:51:05.944] [main/DEBUG] [com.tterrag.registrate.AbstractRegistrate/REGISTRATE.REGISTER]: Registered create:fallback to registry ResourceKey[minecraft:root / create:mounted_item_storage_type]
[10Jan2026 17:51:05.944] [main/DEBUG] [com.tterrag.registrate.AbstractRegistrate/REGISTRATE.REGISTER]: Registered create:creative_crate to registry ResourceKey[minecraft:root / create:mounted_item_storage_type]
[10Jan2026 17:51:05.944] [main/DEBUG] [com.tterrag.registrate.AbstractRegistrate/REGISTRATE.REGISTER]: Registered create:vault to registry ResourceKey[minecraft:root / create:mounted_item_storage_type]
[10Jan2026 17:51:05.946] [main/DEBUG] [com.tterrag.registrate.AbstractRegistrate/REGISTRATE.REGISTER]: Registered create:toolbox to registry ResourceKey[minecraft:root / create:mounted_item_storage_type]
[10Jan2026 17:51:05.946] [main/DEBUG] [com.tterrag.registrate.AbstractRegistrate/REGISTRATE.REGISTER]: Registered create:depot to registry ResourceKey[minecraft:root / create:mounted_item_storage_type]
[10Jan2026 17:51:05.946] [main/DEBUG] [com.tterrag.registrate.AbstractRegistrate/REGISTRATE.REGISTER]: Registered create:simple to registry ResourceKey[minecraft:root / create:mounted_item_storage_type]
[10Jan2026 17:51:05.946] [main/DEBUG] [com.tterrag.registrate.AbstractRegistrate/REGISTRATE.REGISTER]: Registered create:chest to registry ResourceKey[minecraft:root / create:mounted_item_storage_type]
[10Jan2026 17:51:05.947] [main/DEBUG] [com.tterrag.registrate.AbstractRegistrate/REGISTRATE.REGISTER]: Registered create:dispenser to registry ResourceKey[minecraft:root / create:mounted_item_storage_type]
[10Jan2026 17:51:05.947] [main/DEBUG] [net.minecraftforge.registries.GameData/REGISTRIES]: Applying holder lookups: create:mounted_item_storage_type
[10Jan2026 17:51:05.947] [main/DEBUG] [net.minecraftforge.registries.GameData/REGISTRIES]: Holder lookups applied: create:mounted_item_storage_type
[10Jan2026 17:51:05.947] [main/DEBUG] [net.minecraftforge.registries.GameData/REGISTRIES]: Applying holder lookups: create:potato_projectile/block_hit_action
[10Jan2026 17:51:05.947] [main/DEBUG] [net.minecraftforge.registries.GameData/REGISTRIES]: Holder lookups applied: create:potato_projectile/block_hit_action
[10Jan2026 17:51:05.947] [main/DEBUG] [net.minecraftforge.registries.GameData/REGISTRIES]: Applying holder lookups: create:potato_projectile/entity_hit_action
[10Jan2026 17:51:05.947] [main/DEBUG] [net.minecraftforge.registries.GameData/REGISTRIES]: Holder lookups applied: create:potato_projectile/entity_hit_action
[10Jan2026 17:51:05.947] [main/DEBUG] [net.minecraftforge.registries.GameData/REGISTRIES]: Applying holder lookups: create:potato_projectile/render_mode
[10Jan2026 17:51:05.947] [main/DEBUG] [net.minecraftforge.registries.GameData/REGISTRIES]: Holder lookups applied: create:potato_projectile/render_mode
[10Jan2026 17:51:05.949] [main/DEBUG] [net.minecraftforge.registries.GameData/REGISTRIES]: Applying holder lookups: forge:biome_modifier_serializers
[10Jan2026 17:51:05.950] [main/DEBUG] [net.minecraftforge.registries.GameData/REGISTRIES]: Holder lookups applied: forge:biome_modifier_serializers
[10Jan2026 17:51:05.950] [main/DEBUG] [net.minecraftforge.registries.GameData/REGISTRIES]: Applying holder lookups: forge:display_contexts
[10Jan2026 17:51:05.950] [main/DEBUG] [net.minecraftforge.registries.GameData/REGISTRIES]: Holder lookups applied: forge:display_contexts
[10Jan2026 17:51:05.950] [main/DEBUG] [net.minecraftforge.registries.GameData/REGISTRIES]: Applying holder lookups: forge:entity_data_serializers
[10Jan2026 17:51:05.950] [main/DEBUG] [net.minecraftforge.registries.GameData/REGISTRIES]: Holder lookups applied: forge:entity_data_serializers
[10Jan2026 17:51:05.951] [main/DEBUG] [com.tterrag.registrate.AbstractRegistrate/REGISTRATE.REGISTER]: Registering 4 known objects of type forge:fluid_type
[10Jan2026 17:51:05.951] [main/DEBUG] [com.tterrag.registrate.AbstractRegistrate/REGISTRATE.REGISTER]: Registered create:potion to registry ResourceKey[minecraft:root / forge:fluid_type]
[10Jan2026 17:51:05.951] [main/DEBUG] [com.tterrag.registrate.AbstractRegistrate/REGISTRATE.REGISTER]: Registered create:tea to registry ResourceKey[minecraft:root / forge:fluid_type]
[10Jan2026 17:51:05.951] [main/DEBUG] [com.tterrag.registrate.AbstractRegistrate/REGISTRATE.REGISTER]: Registered create:honey to registry ResourceKey[minecraft:root / forge:fluid_type]
[10Jan2026 17:51:05.951] [main/DEBUG] [com.tterrag.registrate.AbstractRegistrate/REGISTRATE.REGISTER]: Registered create:chocolate to registry ResourceKey[minecraft:root / forge:fluid_type]
[10Jan2026 17:51:05.951] [main/DEBUG] [net.minecraftforge.registries.GameData/REGISTRIES]: Applying holder lookups: forge:fluid_type
[10Jan2026 17:51:05.951] [main/DEBUG] [net.minecraftforge.registries.GameData/REGISTRIES]: Holder lookups applied: forge:fluid_type
[10Jan2026 17:51:05.951] [main/DEBUG] [net.minecraftforge.registries.GameData/REGISTRIES]: Applying holder lookups: forge:global_loot_modifier_serializers
[10Jan2026 17:51:05.951] [main/DEBUG] [net.minecraftforge.registries.GameData/REGISTRIES]: Holder lookups applied: forge:global_loot_modifier_serializers
[10Jan2026 17:51:05.954] [main/DEBUG] [net.minecraftforge.registries.GameData/REGISTRIES]: Applying holder lookups: forge:holder_set_type
[10Jan2026 17:51:05.954] [main/DEBUG] [net.minecraftforge.registries.GameData/REGISTRIES]: Holder lookups applied: forge:holder_set_type
[10Jan2026 17:51:05.954] [main/DEBUG] [net.minecraftforge.registries.GameData/REGISTRIES]: Applying holder lookups: forge:structure_modifier_serializers
[10Jan2026 17:51:05.954] [main/DEBUG] [net.minecraftforge.registries.GameData/REGISTRIES]: Holder lookups applied: forge:structure_modifier_serializers
[10Jan2026 17:51:05.954] [main/DEBUG] [net.minecraftforge.registries.GameData/REGISTRIES]: Applying holder lookups: minecraft:worldgen/biome
[10Jan2026 17:51:05.954] [main/DEBUG] [net.minecraftforge.registries.GameData/REGISTRIES]: Holder lookups applied: minecraft:worldgen/biome
[10Jan2026 17:51:06.049] [main/WARN] [net.minecraft.server.packs.VanillaPackResourcesBuilder/]: Assets URL 'union:/C:/Users/Asher%20Roland/.gradle/caches/forge_gradle/minecraft_user_repo/net/minecraftforge/forge/1.20.1-47.4.10_mapped_parchment_2023.09.03-1.20.1/forge-1.20.1-47.4.10_mapped_parchment_2023.09.03-1.20.1-recomp.jar%23191!/assets/.mcassetsroot' uses unexpected schema
[10Jan2026 17:51:06.050] [main/WARN] [net.minecraft.server.packs.VanillaPackResourcesBuilder/]: Assets URL 'union:/C:/Users/Asher%20Roland/.gradle/caches/forge_gradle/minecraft_user_repo/net/minecraftforge/forge/1.20.1-47.4.10_mapped_parchment_2023.09.03-1.20.1/forge-1.20.1-47.4.10_mapped_parchment_2023.09.03-1.20.1-recomp.jar%23191!/data/.mcassetsroot' uses unexpected schema
[10Jan2026 17:51:06.101] [Worker-Main-1/DEBUG] [mixin/]: Mixing MapItemSavedDataMixin from create.mixins.json into net.minecraft.world.level.saveddata.maps.MapItemSavedData
[10Jan2026 17:51:06.141] [main/DEBUG] [com.tterrag.registrate.providers.RegistrateDataProvider/REGISTRATE.DATA]: Gathering providers for sides: [CLIENT, SERVER]
[10Jan2026 17:51:06.142] [main/DEBUG] [com.tterrag.registrate.providers.RegistrateDataProvider/REGISTRATE.DATA]: Adding provider for type: recipe
[10Jan2026 17:51:06.142] [main/DEBUG] [com.tterrag.registrate.providers.RegistrateDataProvider/REGISTRATE.DATA]: Adding provider for type: advancement
[10Jan2026 17:51:06.142] [main/DEBUG] [com.tterrag.registrate.providers.RegistrateDataProvider/REGISTRATE.DATA]: Adding provider for type: loot
[10Jan2026 17:51:06.143] [main/DEBUG] [com.tterrag.registrate.providers.RegistrateDataProvider/REGISTRATE.DATA]: Adding provider for type: tags/block
[10Jan2026 17:51:06.143] [main/DEBUG] [com.tterrag.registrate.providers.RegistrateDataProvider/REGISTRATE.DATA]: Adding provider for type: tags/item
[10Jan2026 17:51:06.144] [main/DEBUG] [com.tterrag.registrate.providers.RegistrateDataProvider/REGISTRATE.DATA]: Adding provider for type: tags/fluid
[10Jan2026 17:51:06.144] [main/DEBUG] [com.tterrag.registrate.providers.RegistrateDataProvider/REGISTRATE.DATA]: Adding provider for type: tags/entity
[10Jan2026 17:51:06.146] [main/DEBUG] [com.tterrag.registrate.providers.RegistrateDataProvider/REGISTRATE.DATA]: Adding provider for type: blockstate
[10Jan2026 17:51:06.146] [main/DEBUG] [com.tterrag.registrate.providers.RegistrateDataProvider/REGISTRATE.DATA]: Adding provider for type: item_model
[10Jan2026 17:51:06.146] [main/DEBUG] [com.tterrag.registrate.providers.RegistrateDataProvider/REGISTRATE.DATA]: Adding provider for type: lang
[10Jan2026 17:51:06.347] [main/INFO] [net.minecraft.data.DataGenerator/]: Starting provider: Recipes
[10Jan2026 17:51:06.355] [main/INFO] [net.minecraft.data.DataGenerator/]: Recipes finished after 7 ms
[10Jan2026 17:51:06.356] [main/INFO] [net.minecraft.data.DataGenerator/]: Starting provider: Loot Tables
[10Jan2026 17:51:06.367] [main/INFO] [net.minecraft.data.DataGenerator/]: Loot Tables finished after 12 ms
[10Jan2026 17:51:06.367] [main/INFO] [net.minecraft.data.DataGenerator/]: Starting provider: Block States: boc_custom
[10Jan2026 17:51:06.421] [main/INFO] [net.minecraft.data.DataGenerator/]: Block States: boc_custom finished after 53 ms
[10Jan2026 17:51:06.421] [main/INFO] [net.minecraft.data.DataGenerator/]: Starting provider: Item Models: boc_custom
[10Jan2026 17:51:06.423] [main/INFO] [net.minecraft.data.DataGenerator/]: Item Models: boc_custom finished after 1 ms
[10Jan2026 17:51:06.423] [main/INFO] [net.minecraft.data.DataGenerator/]: Starting provider: Tags for minecraft:block mod id boc_custom
[10Jan2026 17:51:06.430] [main/INFO] [net.minecraft.data.DataGenerator/]: Tags for minecraft:block mod id boc_custom finished after 6 ms
[10Jan2026 17:51:06.430] [main/INFO] [net.minecraft.data.DataGenerator/]: Starting provider: Tags for minecraft:item mod id boc_custom
[10Jan2026 17:51:06.430] [main/INFO] [net.minecraft.data.DataGenerator/]: Tags for minecraft:item mod id boc_custom finished after 0 ms
[10Jan2026 17:51:06.430] [main/INFO] [net.minecraft.data.DataGenerator/]: All providers took: 83 ms
[10Jan2026 17:51:06.435] [main/INFO] [net.minecraft.data.HashCache/]: Caching: total files: 28, old count: 28, new count: 29, removed stale: 0, written: 0
